地理学报,Acta Geographica Sinica  지리학보,Di Li Xue Bao
石油勘探与开发,Petroleum Exploration and Development  석유감탐여개발,Shi You Kan Tan Yu Kai Fa
石油学报,Acta Petrolei Sinica  석유학보,Shi You Xue Bao
地理研究,Geographical Research  지리구,Di Li Yan Jiu
地理科学进展,Progress in Geography  지리과학진전,Di Li Ke Xue Jin Zhan
中国石油勘探,China Petroleum Exploration  중국석유감탐,Zhong Guo Shi You Kan Tan
地理科学,Scientia Geographica Sinica  지리과학,Di Li Ke Xue
科研管理,Science Research Management  과관리,Ke Yan Guan Li
中国科学院院刊,Bulletin of the Chinese Academy of Sciences  중국과학원원간,Zhong Guo Ke Xue Yuan Yuan Kan
资源科学,Resources Science  ,Zi Yuan Ke Xue
岩石力学与工程学报,Chinese Journal of Rock Mechanics and Engineering  암석력학여공정학보,Yan Shi Li Xue Yu Gong Cheng Xue Bao
自然资源学报,Journal of Natural Resources  자연자원학보,Zi Ran Zi Yuan Xue Bao
地质学报,Acta Geologica Sinica  지질학보,Di Zhi Xue Bao
地质论评,Geological Review  지질론평,Di Zhi Lun Ping
遥感学报,Journal of Remote Sensing  요감학보,Yao Gan Xue Bao
生态学报,Acta Ecologica Sinica  생태학보,Sheng Tai Xue Bao
油气地质与采收率,Petroleum Geology and Recovery Efficiency  유기지질여채수솔,You Qi Di Zhi Yu Cai Shou Lu
数学教育学报,Journal of Mathematics Education  수학육학보,Shu Xue Jiao Yu Xue Bao
中国管理科学,Chinese Journal of Management Science  중국관리과학,Zhong Guo Guan Li Ke Xue
重庆高教研究,ChongQing Higher Education Research  중경문리학원학보（자연과학판）,Chong Qing Wen Li Xue Yuan Xue Bao （ Zi Ran Ke Xue Ban ）
地球科学,Editorial Committee of Earth Science-Journal of China University of Geosciences  지구과학-중국지질대학학보,Di Qiu Ke Xue - Zhong Guo Di Zhi Da Xue Xue Bao
管理科学学报,Journal of Management Sciences in China  관리과학학보,Guan Li Ke Xue Xue Bao
地学前缘,Earth Science Frontiers  지학전연,Di Xue Qian Yuan
应用生态学报,Chinese Journal of Applied Ecology  응용생태학보,Ying Yong Sheng Tai Xue Bao
科学学研究,Studies in Science of Science  과학학구,Ke Xue Xue Yan Jiu
食品科学技术学报,Journal of Food Science and Technology  북경공상대학학보（자연과학판）,Bei Jing Gong Shang Da Xue Xue Bao （ Zi Ran Ke Xue Ban ）
应用气象学报,Journal of Applied Meteorological Science  응용기상학보,Ying Yong Qi Xiang Xue Bao
科学学与科学技术管理,Science of Science and Management of S.&.T.（Monthly)  과학학여과학기술관리,Ke Xue Xue Yu Ke Xue Ji Shu Guan Li
高原气象,Plateau Meteorology  고원기상,Gao Yuan Qi Xiang
岩土力学,Rock and Soil Mechanics  암토력학,Yan Tu Li Xue
第四纪研究,Quaternary Sciences  제사기구,Di Si Ji Yan Jiu
地质与勘探,Geology and Exploration  지질여감탐,Di Zhi Yu Kan Tan
岩石学报,Acta Petrologica Sinica  암석학보,Yan Shi Xue Bao
中国光学,Chinese Journal of Optics  중국광학,Zhong Guo Guang Xue Yu Ying Yong Guang Xue Wen Zhai
气象与环境科学,Meteorological and Environmental Sciences  기상여환경과학,Qi Xiang Yu Huan Jing Ke Xue
统计研究,Statistical Research  통계구,Tong Ji Yan Jiu
气象,Meteorological Monthly  기상,Qi Xiang
植物生态学报,Chinese Journal of Plant Ecology  식물생태학보,Zhi Wu Sheng Tai Xue Bao
石油与天然气地质,Oil & Gas Geology  석유여천연기지질,Shi You Yu Tian Ran Qi Di Zhi
实验技术与管理,Experimental Technology and Management  실험기술여관리,Shi Yan Ji Shu Yu Guan Li
气象学报,Acta Meteorologica Sinica  기상학보,Qi Xiang Xue Bao
石油实验地质,Petroleum Geology and Experiment  석유실험지질,Shi You Shi Yan Di Zhi
地球学报,Acta Geoscientia Sinica  지구학보,Di Qiu Xue Bao
测绘学报,Acta Geodaetica et Cartographica Sinica  측회학보,Ce Hui Xue Bao
光学学报,Acta Optica Sinica  광학학보,Guang Xue Xue Bao
生物多样性,Biodiversity Science  생물다양성,Sheng Wu Duo Yang Xing
干旱区研究,Arid Zone Research  건한구구,Gan Han Qu Yan Jiu
中国地质,Geology in China  중국지질,Zhong Guo Di Zhi
地域研究与开发,Areal Research and Development  지역구여개발,Di Yu Yan Jiu Yu Kai Fa
工程地球物理学报,Chinese Journal of Engineering Geophysics  공정지구물리학보,Gong Cheng Di Qiu Wu Li Xue Bao
工程地质学报,Journal of Engineering Geology  공정지질학보,Gong Cheng Di Zhi Xue Bao
干旱气象,Journal of Arid Meteorology  건한기상,Gan Han Qi Xiang
中国激光,Chinese Journal of Lasers  중국격광,Zhong Guo Ji Guang
天然气地球科学,Natural Gas Geoscience  천연기지구과학,Tian Ran Qi Di Qiu Ke Xue
测绘通报,Bulletin of Surveying and Mapping  측회통보,Ce Hui Tong Bao
中国科学（地球科学）,Scientia Sinica（Terrae）  중국과학（지구과학）,Zhong Guo Ke Xue D Ji
地球物理学报,Chinese Journal of Geophysics  지구물리학보,Di Qiu Wu Li Xue Bao
力学学报,Chinese Journal of Theoretical and Applied Mechanics  력학학보,Li Xue Xue Bao
中南林业科技大学学报,Journal of Central South University of Forestry & Technology  중남림업과기대학학보,Zhong Nan Lin Ye Ke Ji Da Xue Xue Bao
湿地科学,Wetland Science  습지과학,Shi Di Ke Xue
气候变化研究进展,Climate Change Research  기후변화구진전,Qi Hou Bian Hua Yan Jiu Jin Zhan
中国科技论坛,Forum on Science and Technology in China  중국과기론단,Zhong Guo Ke Ji Lun Tan
地球信息科学学报,Journal of Geo-Information Science  지구신식과학학보,Di Qiu Xin Xi Ke Xue
分子催化,Journal of Molecular Catalysis(China)  분자최화,Fen Zi Cui Hua
古地理学报,Journal of Palaeogeography  고지리학보,Gu Di Li Xue Bao
科技进步与对策,Science & Technology Progress and Policy  과기진보여대책,Ke Ji Jin Bu Yu Dui Ce
应用声学,Applied Acoustics  응용성학,Ying Yong Sheng Xue
实验室研究与探索,Research and Exploration in Laboratory  실험실구여탐색,Shi Yan Shi Yan Jiu Yu Tan Suo
色谱,Chinese Journal of Chromatography  색보,Se Pu
灾害学,Journal of Catastrophology  재해학,Zai Hai Xue
细胞研究（英文版）,Cell Research  세포구（영문판）,Xi Bao Yan Jiu （ Ying Wen Ban ）
植物遗传资源学报,Journal of Plant Genetic Resources  식물유전자원학보,Zhi Wu Yi Chuan Zi Yuan Xue Bao
工程力学,Engineering Mechanics  공정력학,Gong Cheng Li Xue
石油物探,Geophysical Prospecting for Petroleum  석유물탐,Shi You Wu Tan
生态学杂志,Chinese Journal of Ecology  생태학잡지,Sheng Tai Xue Za Zhi
高原山地气象研究,Plateau and Mountain Meteorology Research  고원산지기상구,Gao Yuan Shan Di Qi Xiang Yan Jiu
化学学报,Acta Chimica Sinica  화학학보,Hua Xue Xue Bao
植物学报,Bulletin of Botany  식물학보,Zhi Wu Xue Bao
地球科学进展,Advances in Earth Science  지구과학진전,Di Qiu Ke Xue Jin Zhan
吉林大学学报（地球科学版）,Journal of Jilin University(Earth Science Edition)  길림대학학보（지구과학판）,Ji Lin Da Xue Xue Bao （ Di Qiu Ke Xue Ban ）
气象科技,Meteorological Science and Technology  기상과기,Qi Xiang Ke Ji
中国沙漠,Journal of Desert Research  중국사막,Zhong Guo Sha Mo
大庆石油地质与开发,Petroleum Geology & Oilfield Development in Daqing  대경석유지질여개발,Da Qing Shi You Di Zhi Yu Kai Fa
催化学报,Chinese Journal of Catalysis  최화학보,Cui Hua Xue Bao
中国微生态学杂志,Chinese Journal of Microecology  중국미생태학잡지,Zhong Guo Wei Sheng Tai Xue Za Zhi
湖泊科学,Journal of Lake Sciences  호박과학,Hu Bo Ke Xue
分析测试学报,Journal of Instrumental Analysis  분석측시학보,Fen Xi Ce Shi Xue Bao
上海国土资源,SHANGHAI LAND&RESOURCES  상해국토자원,Shang Hai Di Zhi
大气科学,Chinese Journal of Atmospheric Sciences  대기과학,Da Qi Ke Xue
中国无机分析化学,Chinese Jorunal of Inorganic Analytical Chemistry  중국무기분석화학,Zhong Guo Wu Ji Fen Xi Hua Xue Wen Zhai
力学进展,Advances In Mechanics  력학진전,Li Xue Jin Zhan
国土资源遥感,Remote Sensing For Land & Resources  국토자원요감,Guo Tu Zi Yuan Yao Gan
智库理论与实践,Think Tank：Theory & Practice,Zhi Ku Li Lun Yu Shi Jian
冰川冻土,Journal of Glaciology and Geocryology  천동토,Bing Chuan Dong Tu
分析化学,Chinese Journal of Analytical Chemistry  분석화학,Fen Xi Hua Xue
国际老年医学杂志,international Journal of Geriatrics  국제로년의학잡지,Guo Wai Yi Xue （ Lao Nian Yi Xue Fen Ce ）
分子植物（英文版）,Molecular Plant
地震地质,Seismology and Geology  지진지질,Di Zhen Di Zhi
地理与地理信息科学,Geography and Geo-Information Science  지리여지리신식과학,Di Li Yu Di Li Xin Xi Ke Xue
激光与光电子学进展,Laser & Optoelectronics Progress  격광여광전자학진전,Ji Guang Yu Guang Dian Zi Xue Jin Zhan
微生物学通报,Microbiology  미생물학통보,Wei Sheng Wu Xue Tong Bao
矿床地质,Mineral Deposits  상지질,Kuang Chuang Di Zhi
干旱区地理,Arid Land Geography  건한구지리,Gan Han Qu Di Li
中国岩溶,Carsologica Sinica  중국암용,Zhong Guo Yan Rong
暴雨灾害,Torrential Rain and Disasters  폭우재해,Bao Yu Zai Hai
沉积学报,Acta Sedimentologica Sinica  적학보,Chen Ji Xue Bao
地理学报（英文版）,Journal of Geographical Sciences  지리학보（영문판）,Di Li Xue Bao （ Ying Wen Ban ）
热带地理,Tropical Geography  열대지리,Re Dai Di Li
数理统计与管理,Jouranl of Applied Statistics and Management  수리통계여관리,Shu Li Tong Ji Yu Guan Li
气象与环境学报,Journal of Meteorology and Environment  기상여환경학보,Qi Xiang Yu Huan Jing Xue Bao
矿物岩石地球化学通报,"Bulletin of Mineralogy, Petrology and Geochemistry  물암석지구화학통보",Kuang Wu Yan Shi Di Qiu Hua Xue Tong Bao
气象研究与应用,Journal of Meteorological Research and Application  기상구여응용,Qi Xiang Yan Jiu Yu Ying Yong
大地构造与成矿学,Geotectonica et Metallogenia  대지구조여성학,Da Di Gou Zao Yu Cheng Kuang Xue
植物生理学报,Plant Physiology Communications  식물생리학보,Zhi Wu Sheng Li Xue Tong Xun
遗传,Hereditas  유전,Yi Chuan
中国地质调查,Geological Survey of China,Zhong Guo Di Zhi Diao Cha
统计与信息论坛,Statistics & Information Forum  통계여신식론단,Tong Ji Yu Xin Xi Lun Tan
世界地理研究,World Regional Studies  세계지리구,Shi Jie Di Li Yan Jiu
海岸工程,Coastal Engineering  해안공정,Hai An Gong Cheng
国际病毒学杂志,International Journal of Virology  국제병독학잡지,Guo Ji Bing Du Xue Za Zhi
菌物学报,Mycosystema  균물학보,Jun Wu Xue Bao
摩擦学学报,Tribology  마찰학학보,Mo Ca Xue Xue Bao
科学通报,Chinese Science Bulletin  과학통보,Ke Xue Tong Bao
中国海上油气,China Offshore Oil and Gas  중국해상유기,Zhong Guo Hai Shang You Qi
断块油气田,Fault-Block Oil and Gas Field  단괴유기전,Duan Kuai You Qi Tian
中南民族大学学报（自然科学版）,Journal of South-Central University for Nationalities(Natural Science Edition)  중남민족대학학보（자연과학판）,Zhong Nan Min Zu Da Xue Xue Bao （ Zi Ran Ke Xue Ban ）
系统工程理论与实践,Systems Engineering —Theory & Practice  계통공정리론여실천,Xi Tong Gong Cheng Li Lun Yu Shi Jian
大学化学,University Chemistry  대학화학,Da Xue Hua Xue
中国科学（信息科学）,Science in China(Information Sciences)
中国能源,Energy of China  중국능원,Zhong Guo Neng Yuan
科技管理研究,Science and Technology Management Research  과기관리구,Ke Ji Guan Li Yan Jiu
气候与环境研究,Climatic and Environmental Research  기후여환경구,Qi Hou Yu Huan Jing Yan Jiu
地震工程学报,China Earthquake Engineering Journal  서북지진학보,Xi Bei Di Zhen Xue Bao
华东地质,Resources Survey & Environment  자원조여환경,Zi Yuan Diao Cha Yu Huan Jing
北华大学学报（自然科学版）,Journal of Beihua University(Natural Science)  북화대학학보（자연과학판）,Bei Hua Da Xue Xue Bao （ Zi Ran Ke Xue Ban ）
煤田地质与勘探,Coal Geology & Exploration  매전지질여감탐,Mei Tian Di Zhi Yu Kan Tan
岩石矿物学杂志,Acta Petrologica et Mineralogica  암석물학잡지,Yan Shi Kuang Wu Xue Za Zhi
测绘科学,Science of Surveying and Mapping  측회과학,Ce Hui Ke Xue
系统管理学报,Journal of Systems & Management  계통관리학보,Xi Tong Guan Li Xue Bao
科学管理研究,Scientific Management Research  과학관리구,Ke Xue Guan Li Yan Jiu
矿物学报,Acta Mineralogica Sinica  물학보,Kuang Wu Xue Bao
水文地质工程地质,Hydrogeology and Engineering Geology  수문지질공정지질,Shui Wen Di Zhi Gong Cheng Di Zhi
山东国土资源,ShangDong Land and Resources  산동국토자원,Shan Dong Guo Tu Zi Yuan
微生物学杂志,Journal of Microbiology  미생물학잡지,Wei Sheng Wu Xue Za Zhi
北京测绘,Beijing Surveying and Mapping  북경측회,Bei Jing Ce Hui
长安大学学报（自然科学版）,Journal of Chang'an University(Natural Science Edition)  장안대학학보（자연과학판）,Chang An Da Xue Xue Bao （ Zi Ran Ke Xue Ban ）
地质学报（英文版）,Acta Geologica Sinica（English Edition）  지질학보（영문판）,Di Zhi Xue Bao （ Ying Wen Ban ）
中国高校科技,Chinese University Science & Technology  중국고교과기여업화,Zhong Guo Gao Xiao Ke Ji Yu Chan Ye Hua
兽类学报,Acta Theriologica Sinica  수류학보,Shou Lei Xue Bao
激光技术,Laser Technology  격광기술,Ji Guang Ji Shu
地球科学与环境学报,Journal of Earch Sciences and Environment  지구과학여환경학보,Di Qiu Ke Xue Yu Huan Jing Xue Bao
西部资源,RESOURCES,Xi Bu Zi Yuan
大气科学学报,Transactions of Atmospheric Sciences  대기과학학보,Nan Jing Qi Xiang Xue Yuan Xue Bao
分析试验室,Chinese Journal of Analysis Laboratory  분석시험실,Fen Xi Shi Yan Shi
自然灾害学报,Journal of Natural Disasters  자연재해학보,Zi Ran Zai Hai Xue Bao
浙江大学学报（英文版）（B辑：生物医学和生物技术）,Journal of Zhejiang University Science B：Biomedicine & Biotechnology  절강대학학보（영문판）（B집생물의학화생물기술）,Zhe Da Xue Bao （ Ying Wen Ban ） （ B Ji ： Sheng Wu Yi Xue He Sheng Wu Ji Shu ）
西北植物学报,Acta Botanica Boreali-Occidentalia Sinica  서북식물학보,Xi Bei Zhi Wu Xue Bao
资源与产业,Resources & Industries  ,Zi Yuan Yu Chan Ye
西南石油大学学报（自然科学版）,Journal of Southwest Petroleum University(Science & Technology Edition)  서남석유대학학보（자연과학판）,Xi Nan Shi You Da Xue Xue Bao （ Zi Ran Ke Xue Ban ）
岩矿测试,Rock and Mineral Analysis  암측시,Yan Kuang Ce Shi
菌物研究,Journal of Fungal Research  균물구,Jun Wu Yan Jiu
沙漠与绿洲气象,Desert and Oasis Meteorology  사막여록주기상,Sha Mo Yu Lv Zhou Qi Xiang
资源开发与市场,Resource Development & Market  ,Zi Yuan Kai Fa Yu Shi Chang
高分子学报,Acta Polymerica Sinica  고분자학보,Gao Fen Zi Xue Bao
中国国土资源经济,Natural Resource Economics of China  중국국토자원경제,Zhong Guo Guo Tu Zi Yuan Jing Ji
地质通报,Geological Bulletin of China  지질통보,Di Zhi Tong Bao
系统工程学报,Journal of Systems Engineering  계통공정학보,Xi Tong Gong Cheng Xue Bao
甘肃科技纵横,Scientific & Technical Information of Gansu  감숙과기종횡,Gan Su Ke Ji Zong Heng
高等学校化学学报,Chemical Journal of Chinese Universities  고등학교화학학보,Gao Deng Xue Xiao Hua Xue Xue Bao
中国化学快报（英文版）,Chinese Chemical Letters  중국화학쾌보（영문판）,Zhong Guo Hua Xue Kuai Bao （ Ying Wen Ban ）
河海大学学报（自然科学版）,Journal of Hohai University(Natural Sciences)  하해대학학보（자연과학판）,He Hai Da Xue Xue Bao （ Zi Ran Ke Xue Ban ）
中国惯性技术学报,Journal of Chinese Inertial Technology  중국관성기술학보,Zhong Guo Guan Xing Ji Shu Xue Bao
中学化学教学参考,Reference of Chemistry Teaching in Middle School,Zhong Xue Hua Xue Jiao Xue Can Kao
测绘工程,Engineering of Surveying and Mapping  측회공정,Ce Hui Gong Cheng
病毒学报,Chinese Journal of Virology  병독학보,Bing Du Xue Bao
山东科技大学学报（自然科学版）,Journal of Shandong University of Science and Technology(Natural Science)  산동과기대학학보（자연과학판）,Shan Dong Ke Ji Da Xue Xue Bao （ Zi Ran Ke Xue Ban ）
现代地质,Geoscience  현대지질,Xian Dai Di Zhi
天然产物研究与开发,Natural Product Research and Development  천연물구여개발,Tian Ran Chan Wu Yan Jiu Yu Kai Fa
北京大学学报（自然科学版）,Acta Scientiarum Naturalium Universitatis Pekinensis  북경대학학보（자연과학판）,Bei Jing Da Xue Xue Bao （ Zi Ran Ke Xue Ban ）
中国实验动物学报,Acta Laboratorium Animalis Scientia Sinica  중국실험동물학보,Zhong Guo Shi Yan Dong Wu Xue Bao
物理与工程,Physics and Engineering  물리여공정,Wu Li Yu Gong Cheng
化学进展,Progress in Chemistry  화학진전,Hua Xue Jin Zhan
西南师范大学学报（自然科学版）,Journal of Southwest China Normal University(Natural Science Edition)  서남사범대학학보（자연과학판）,Xi Nan Shi Fan Da Xue Xue Bao （ Zi Ran Ke Xue Ban ）
植物科学学报,Plant Science Journal  식물과학학보,Wu Han Zhi Wu Xue Yan Jiu
水生生物学报,Acta Hydrobiologica Sinica  수생생물학보,Shui Sheng Sheng Wu Xue Bao
光谱学与光谱分析,Spectroscopy and Spectral Analysis  광보학여광보분석,Guang Pu Xue Yu Guang Pu Fen Xi
应用与环境生物学报,Chinese Journal of Applied & Environmental Biology  응용여환경생물학보,Ying Yong Yu Huan Jing Sheng Wu Xue Bao
中国地质灾害与防治学报,The Chinese Journal of Geological Hazard and Control  중국지질재해여방치학보,Zhong Guo Di Zhi Zai Hai Yu Fang Zhi Xue Bao
系统工程与电子技术,Systems Engineering and Electronics  계통공정여전자기술,Xi Tong Gong Cheng Yu Dian Zi Ji Shu
生态科学,Ecological Science  생태과학,Sheng Tai Ke Xue
昆虫学报,Acta Entomologica Sinica  곤충학보,Kun Chong Xue Bao
高校生物学教学研究（电子版）,Biology Teaching in University,Gao Xiao Sheng Wu Xue Jiao Xue Yan Jiu （ Dian Zi Ban ）
生物资源,Amino Acids and Biotic Resources  기산화생물자원,An Ji Suan He Sheng Wu Zi Yuan
化学教学,Education in Chemistry  화학학,Hua Xue Jiao Xue
海相油气地质,Marine Origin Petroleum Geology  해상유기지질,Hai Xiang You Qi Di Zhi
地球与环境,Earth and Environment  지구여환경,Di Qiu Yu Huan Jing
实验室科学,Laboratory Science  실험실과학,Shi Yan Shi Ke Xue
地球化学,Geochimica  지구화학,Di Qiu Hua Xue
科技导报,Science & Technology Review  과기도보,Ke Ji Dao Bao
中国组织化学与细胞化学杂志,Chinese Journal of Histochemistry and Cytochemistry  중국조직화학여세포화학잡지,Zhong Guo Zu Zhi Hua Xue Yu Xi Bao Hua Xue Za Zhi
高校地质学报,Geological Journal of China Universities  고교지질학보,Gao Xiao Di Zhi Xue Bao
高分子通报,Chinese Polymer Bulletin  고분자통보,Gao Fen Zi Tong Bao
免疫学杂志,Immunological Journal  면역학잡지,Mian Yi Xue Za Zhi
南京体育学院学报,Journal of NanJing Sports Institute  남경체육학원학보（자연과학판）,Nan Jing Ti Yu Xue Yuan Xue Bao （ Zi Ran Ke Xue Ban ）
地理信息世界,Geomatics World  지리신식세계,Di Li Xin Xi Shi Jie
应用昆虫学报,Chinese Journal of Applied Entomology  응용곤충학보,Kun Chong Zhi Shi
地球物理学进展,Progress in Geophysics  지구물리학진전,Di Qiu Wu Li Xue Jin Zhan
高等理科教育,Higher Education of Sciences  고등리과육,Gao Deng Li Ke Jiao Yu
有机化学,Chinese Journal of Organic Chemistry  유기화학,You Ji Hua Xue
人类学学报,Acta Anthropologica Sinica  인류학학보,Ren Lei Xue Xue Bao
测绘地理信息,Journal of Geomatics  측회신식여공정,Ce Hui Xin Xi Yu Gong Cheng
江苏大学学报（自然科学版）,Journal of Jiangsu University(Natural Science Edition)  강소대학학보（자연과학판）,Jiang Su Da Xue Xue Bao （ Zi Ran Ke Xue Ban ）
微生物学报,Acta Microbiologica Sinica  미생물학보,Wei Sheng Wu Xue Bao
地质力学学报,Journal of Geomechanics  지질력학학보,Di Zhi Li Xue Xue Bao
地球科学学刊（英文版）,Journal of Earth Science  지구과학학간,Zhong Guo Di Zhi Da Xue Xue Bao （ Ying Wen Ban ）
山地学报,Mountain Research  산지학보,Shan Di Xue Bao
海洋通报,Marine Science Bulletin  해양통보,Hai Yang Tong Bao
地震研究,Journal of Seismological Research  지진구,Di Zhen Yan Jiu
原子与分子物理学报,Journal of Atomic and Molecular Physics  원자여분자물리학보,Yuan Zi Yu Fen Zi Wu Li Xue Bao
电子科技大学学报,Journal of University of Electronic Science and Technology of China  전자과기대학학보,Dian Zi Ke Ji Da Xue Xue Bao
功能高分子学报,Journal of Functional Polymers  공능고분자학보,Gong Neng Gao Fen Zi Xue Bao
蛋白质与细胞,Protein & Cell
东南大学学报（自然科学版）,Journal of Southeast University(Natural Science Edition)  동남대학학보（자연과학판）,Dong Nan Da Xue Xue Bao （ Zi Ran Ke Xue Ban ）
中国地震,Earthquake Research in China  중국지진,Zhong Guo Di Zhen
CT理论与应用研究,Computerized Tomography Theory and Applications  CT리론여응용구,CT Li Lun Yu Ying Yong Yan Jiu
西安科技大学学报,Journal of Xi'an University of Science and Technology  서안과기대학학보,Xi An Ke Ji Da Xue Xue Bao
液晶与显示,Chinese Journal of Liquid Crystals and Displays  액정여현시,Ye Jing Yu Xian Shi
细胞与分子免疫学杂志,Chinese Journal of Cellular and Molecular Immunology  세포여분자면역학잡지,Xi Bao Yu Fen Zi Mian Yi Xue Za Zhi
科技创新与应用,Technology Innovation and Application  경공설계,Qing Gong She Ji
生物安全学报,Journal of Biosafety,Sheng Wu An Quan Xue Bao
地质科技通报,Bulletin of Geological Science and Technology  지질과기정보,Di Zhi Ke Ji Qing Bao
生理科学进展,Progress in Physiological Sciences  생리과학진전,Sheng Li Ke Xue Jin Zhan
海洋环境科学,Marine Environmental Science  해양환경과학,Hai Yang Huan Jing Ke Xue
纳米研究（英文版）,Nano Research,Na Mi Yan Jiu （Ying Wen Ban）
物理实验,Physics Experimentation  물리실험,Wu Li Shi Yan
中国科学基金,Bulletin of National Natural Science Foundation of China  중국과학기김,Zhong Guo Ke Xue Ji Jin
古地理学报（英文版）,Journal of Palaeogeography,Gu Di Li Xue Bao ( Ying Wen Ban )
天然气勘探与开发,Natural Gas Exploration and Development  천연기감탐여개발,Tian Ran Qi Kan Tan Yu Kai Fa
沈阳大学学报（自然科学版）,Journal of Shenyang University(Natural Science)  심양대학학보,Shen Yang Da Xue Xue Bao
矿物岩石,Journal of Mineralogy and Petrology  물암석,Kuang Wu Yan Shi
生物技术进展,CURRENT BIOTECHNOLOGY,Sheng Wu Ji Shu Jin Zhan
中国科学（技术科学）,SCIENTIA SINICA Technologica  중국과학（기술과학）,Zhong Guo Ke Xue E Ji
海洋气象学报,Journal of Shandong Meteorology  산동기상,Shan Dong Qi Xiang
生命科学,Chinese Bulletin of Life Sciences  생명과학,Sheng Ming Ke Xue
热带气象学报,Journal of Tropical Meteorology  열대기상학보,Re Dai Qi Xiang Xue Bao
工程科学学报,Chinese Journal of Engineering  북경과기대학학보,Bei Jing Ke Ji Da Xue Xue Bao
农业生物技术学报,Journal of Agricultural Biotechnology  농업생물기술학보,Nong Ye Sheng Wu Ji Shu Xue Bao
现代测绘,Modern Surveying and Mapping  현대측회,Xian Dai Ce Hui
农学学报,JOURNAL OF AGRICULTURE  농학학보,Zhong Guo Nong Cun Xiao Kang Ke Ji
物探与化探,Geophysical and Geochemical Exploration  물탐여화탐,Wu Tan Yu Hua Tan
新疆石油地质,Xinjiang Petroleum Geology  신강석유지질,Xin Jiang Shi You Di Zhi
自然杂志,Chinese Journal of Nature  자연잡지,Zi Ran Za Zhi
固体力学学报,Chinese Journal of Solid Mechanics  고체력학학보,Gu Ti Li Xue Xue Bao
中国科学:生命科学（英文版）,Science China(Life Sciences)  중국과학:생명과학（영문판）,Zhong Guo Ke Xue C Ji （ Ying Wen Ban ）
测绘与空间地理信息,Geomatics & Spatial Information Technology  측회여공간지리신식,Ce Hui Yu Kong Jian Di Li Xin Xi
爆炸与冲击,Explosion and Shock Waves  폭작여충격,Bao Zha Yu Chong Ji
统计与决策,Statistics and Decision  통계여결책,Tong Ji Yu Jue Ce
中南大学学报（自然科学版）,Journal of Central South University（Science and Technology)  중남대학학보（자연과학판）,Zhong Nan Da Xue Xue Bao （ Zi Ran Ke Xue Ban ）
贵州地质,Guizhou Geology  귀주지질,Gui Zhou Di Zhi
泥沙研究,Journal of Sediment Research  니사구,Ni Sha Yan Jiu
地质学刊,Journal of Geology  지질학간,Di Zhi Xue Kan
气象科学,JOURNAL OF THE METEOROLOGICAL SCIENCES  기상과학,Qi Xiang Ke Xue
技术与创新管理,Technology and Innovation Management  기술여창신관리,Ji Shu Yu Chuang Xin Guan Li
应用地球物理（英文版）,Applied Geophysics  응용지구물리（영문판）,Ying Yong Di Qiu Wu Li （ Ying Wen Ban ）
云南大学学报（自然科学版）,Journal of Yunnan University(Natural Sciences Edition)  운남대학학보（자연과학판）,Yun Nan Da Xue Xue Bao （ Zi Ran Ke Xue Ban ）
中华微生物学和免疫学杂志,Chinese Journal of Microbiology and Immunology  중화미생물학화면역학잡지,Zhong Hua Wei Sheng Wu Xue He Mian Yi Xue Za Zhi
基因组学与应用生物学,Genomics and Applied Biology  기인조학여응용생물학,Ji Yin Zu Xue Yu Ying Yong Sheng Wu Xue
光子学报,Acta Photonica Sinica  광자학보,Guang Zi Xue Bao
同济大学学报（自然科学版）,Journal of Tongji University(Natural Science)  동제대학학보（자연과학판）,Tong Ji Da Xue Xue Bao （ Zi Ran Ke Xue Ban ）
华中师范大学学报（自然科学版）,Journal of HuaZhong Normal University(Natural Sciences)  화중사범대학학보（자연과학판）,Hua Zhong Shi Fan Da Xue Xue Bao （ Zi Ran Ke Xue Ban ）
中国科学（生命科学）,Science in China(Series C)  중국과학（생명과학）,Zhong Guo Ke Xue C Ji
植物学报（英文版）,Journal of Integrative Plant Biology  식물학보（영문판）,Zhi Wu Xue Bao （ Ying Wen Ban ）
中国真菌学杂志,Chinese Journal of Mycology  중국균학잡지,Zhong Guo Zhen Jun Xue Za Zhi
生物学杂志,Journal of Biology  생물학잡지,Sheng Wu Xue Za Zhi
物理学报,Acta Physica Sinica  물리학보,Wu Li Xue Bao
贵州师范大学学报（自然科学版）,Journal of Guizhou Normal University(Natural Sciences)  귀주사범대학학보（자연과학판）,Gui Zhou Shi Fan Da Xue Xue Bao （ Zi Ran Ke Xue Ban ）
环境昆虫学报,Journal of Environmental Entomology  환경곤충학보,Huan Jing Kun Chong Xue Bao
发光学报,Chinese Journal of Luminescence  발광학보,Fa Guang Xue Bao
地震,Earthquake  지진,Di Zhen
成都理工大学学报（自然科学版）,Journal of Chengdu University of Technology(Science & Technology Edition)  성도리공대학학보（자연과학판）,Cheng Du Li Gong Da Xue Xue Bao （ Zi Ran Ke Xue Ban ）
黑龙江科学,HEILONGJIANG SCIENCE,Hei Long Jiang Ke Xue
水文,Journal of China Hydrology  수문,Shui Wen
湖南大学学报（自然科学版）,Journal of Hunan University(Natural Sciences)  호남대학학보（자연과학판）,Hu Nan Da Xue Xue Bao （ Zi Ran Ke Xue Ban ）
中国生物工程杂志,China Biotechnology  중국생물공정잡지,Zhong Guo Sheng Wu Gong Cheng Za Zhi
北京联合大学学报（自然科学版）,Journal of Beijing Union University(Natural Sciences)  북경련합대학학보（자연과학판）,Bei Jing Lian He Da Xue Xue Bao （ Zi Ran Ke Xue Ban ）
三峡大学学报（自然科学版）,Journal of China Three Gorges University(Natural Sciences)  삼협대학학보（자연과학판）,San Xia Da Xue Xue Bao （ Zi Ran Ke Xue Ban ）
华南地震,South China Journal of Seismology  화남지진,Hua Nan Di Zhen
西北地质,Northwestern Geology  서북지질,Xi Bei Di Zhi
植物研究,Bulletin of Botanical Research  식물구,Zhi Wu Yan Jiu
复杂系统与复杂性科学,Complex Systems and Complexity Science  복잡계통여복잡성과학,Fu Za Xi Tong Yu Fu Za Xing Ke Xue
计算物理,Chinese Journal of Computational Physics  계산물리,Ji Suan Wu Li
中国预防兽医学报,Chinese Journal of Preventive Veterinary Medicine  중국예방수의학보,Zhong Guo Yu Fang Shou Yi Xue Bao
清华大学学报（自然科学版）,Journal of Tsinghua University(Science and Technology)  화대학학보（자연과학판）,Qing Hua Da Xue Xue Bao （ Zi Ran Ke Xue Ban ）
化学教育,Chinese Journal of Chemical Education  화학육,Hua Xue Jiao Yu
江西理工大学学报,Journal of Jiangxi University of Science and Technology  강서리공대학학보,Jiang Xi Li Gong Da Xue Xue Bao
生理学报,Acta Physiologica Sinica  생리학보,Sheng Li Xue Bao
重庆大学学报,Journal of Chongqing University(Natural Science Edition)  중경대학학보,Chong Qing Da Xue Xue Bao （ Zi Ran Ke Xue Ban ）
清华大学学报自然科学版（英文版）,Tsinghua Science and Technology  화대학학보（영문판）,Qing Hua Da Xue Xue Bao （ Ying Wen Ban ）
河北科技大学学报,Journal of Hebei University of Science and Technology  하북과기대학학보,He Bei Ke Ji Da Xue Xue Bao
数学通报,Bulletin des Sciences Mathematics  수학통보,Shu Xue Tong Bao
中国科学:地球科学（英文版）,Science China(Earth Sciences)  중국과학:지구과학（영문판）,Zhong Guo Ke Xue D Ji （ Ying Wen Ban ）
生物技术通报,Biotechnology Bulletin  생물기술통보,Sheng Wu Ji Shu Tong Bao
兰州大学学报（自然科学版）,Journal of Lanzhou University（Natural Sciences）  란주대학학보（자연과학판）,Lan Zhou Da Xue Xue Bao （ Zi Ran Ke Xue Ban ）
城市勘测,Urban Geotechnical Investigation & Surveying  성시감측,Cheng Shi Kan Ce
实验科学与技术,Experiment Science and Technology  실험과학여기술,Shi Yan Ke Xue Yu Ji Shu
工业微生物,Industrial Microbiology  공업미생물,Gong Ye Wei Sheng Wu
广东气象,Guangdong Meteorology  광동기상,Guang Dong Qi Xiang
生态毒理学报,Asian Journal of Ecotoxicology  생태독리학보,Sheng Tai Du Li Xue Bao
大气科学进展（英文版）,Advances in Atmospheric Sciences  대기과학진전（영문판）,Da Qi Ke Xue Jin Zhan （ Ying Wen Ban ）
遥感信息,Remote Sensing Information  요감신식,Yao Gan Xin Xi
中国地理科学（英文版）,Chinese Geographical Science  중국지리과학（영문판）,Zhong Guo Di Li Ke Xue （ Ying Wen Ban ）
无机化学学报,Chinese Journal of Inorganic Chemistry  무기화학학보,Wu Ji Hua Xue Xue Bao
民族高等教育研究,Research on Higher Education of Nationalties  내몽고민족대학학보,Nei Meng Gu Min Zu Da Xue Xue Bao
哈尔滨理工大学学报,Journal of Harbin University of Science and Technology  합이빈리공대학학보,Ha Er Bin Li Gong Da Xue Xue Bao
国际免疫学杂志,International Journal of Immunology  국제면역학잡지,Guo Ji Mian Yi Xue Za Zhi
植物分类学报,Journal of Systematics and Evolution  식물분류학보,Zhi Wu Fen Lei Xue Bao
广西植物,Guihaia  광서식물,Guang Xi Zhi Wu
地震学报,Acta Seismologica Sinica  지진학보,Di Zhen Xue Bao
系统工程,Systems Engineering  계통공정,Xi Tong Gong Cheng
科技通报,Bulletin of Science and Technology  과기통보,Ke Ji Tong Bao
华北地震科学,North China Earthquake Sciences  화북지진과학,Hua Bei Di Zhen Ke Xue
大学物理实验,Physical Experiment of College  대학물리실험,Da Xue Wu Li Shi Yan
中国科学:技术科学（英文版）,Science China Technological Sciences  중국과학:기술과학（영문판）,Zhong Guo Ke Xue E Ji （ Ying Wen Ban ）
地质科学,Chinese Journal of Geology  지질과학,Di Zhi Ke Xue
地层学杂志,Journal of Stratigraphy  지층학잡지,Di Ceng Xue Za Zhi
应用海洋学学报,Journal of Applied Oceanography  대만해협,Tai Wan Hai Xia
南京理工大学学报（自然科学版）,Journal of Nanjing University of Science and Technology  남경리공대학학보（자연과학판）,Nan Jing Li Gong Da Xue Xue Bao （ Zi Ran Ke Xue Ban ）
中国科技翻译,Chinese Science & Technology Translators Journal  중국과기역,Zhong Guo Ke Ji Fan Yi
分析科学学报,Journal of Analytical Science  분석과학학보,Fen Xi Ke Xue Xue Bao
海洋科学进展,Advances in Marine Science  해양과학진전,Hai Yang Ke Xue Jin Zhan
沉积与特提斯地质,Sedimentary Geology and Tethyan Geology  적여특제사지질,Chen Ji Yu Te Ti Si Di Zhi
地球环境学报,Journal of Earth Environment,Di Qiu Huan Jing Xue Bao
高分子材料科学与工程,Polymer Materials Science & Engineering  고분자재료과학여공정,Gao Fen Zi Cai Liao Ke Xue Yu Gong Cheng
海洋地质前沿,Marine Geology Frontiers  해양지질전연,Hai Yang Di Zhi Dong Tai
中国化学（英文版）,Chinese Journal of Chemistry,Zhong Guo Hua Xue （ Ying Wen Ban ）
四川大学学报（自然科学版）,Journal of Sichuan University(Natural Science Edition)  사천대학학보（자연과학판）,Si Chuan Da Xue Xue Bao （ Zi Ran Ke Xue Ban ）
海洋学报（中文版）,Acta Oceanologica Sinica  해양학보（중문판）,Hai Yang Xue Bao （ Zhong Wen Ban ）
海洋与湖沼,Oceanologia et Limnologia Sinica  해양여호소,Hai Yang Yu Hu Zhao
中国科学基金（英文版）,Science Foundation in China  중국과학기김（영문판）,Zhong Guo Ke Xue Ji Jin （ Ying Wen Ban ）
中国生物化学与分子生物学报,Chinese Journal of Biochemistry and Molecular Biology  중국생물화학여분자생물학보,Zhong Guo Sheng Wu Hua Xue Yu Fen Zi Sheng Wu Xue Bao
科技与管理,Science-Technology and Management  과기여관리,Ke Ji Yu Guan Li
气象与减灾研究,Meteorology and Disaster Reduction Research  기상여감재구,Qi Xiang Yu Jian Zai Yan Jiu
北京师范大学学报（自然科学版）,Journal of Beijing Normal University(Natural Science)  북경사범대학학보（자연과학판）,Bei Jing Shi Fan Da Xue Xue Bao （ Zi Ran Ke Xue Ban ）
海洋地质与第四纪地质,Marine Geology & Quaternary Geology  해양지질여제사기지질,Hai Yang Di Zhi Yu Di Si Ji Di Zhi
科学技术创新,scientific   and  technological  innovationInformation  흑룡강과기신식,Hei Long Jiang Ke Ji Xin Xi
科普研究,Science Popularization  과보구,Ke Pu Yan Jiu
安徽科技学院学报,Journal of Anhui Science and Technology University  안휘과기학원학보,An Hui Ke Ji Xue Yuan Xue Bao
测绘科学技术学报,Journal of Geomatics Science and Technology  측회과학기술학보,Ce Hui Ke Xue Ji Shu Xue Bao
中国地质教育,Chinese Geological Education  중국지질육,Zhong Guo Di Zhi Jiao Yu
遗传学报,Journal of Genetics and Genomics  유전학보,Yi Chuan Xue Bao
中山大学学报（自然科学版）,Acta Scientiarum Naturalium Universitatis Sunyatseni  중산대학학보（자연과학판）,Zhong Shan Da Xue Xue Bao （ Zi Ran Ke Xue Ban ）
生物工程学报,Chinese Journal of Biotechnology  생물공정학보,Sheng Wu Gong Cheng Xue Bao
中国煤炭地质,Coal Geology of China  중국매탄지질,Zhong Guo Mei Tan Di Zhi
海洋测绘,Hydrographic Surveying and Charting  해양측회,Hai Yang Ce Hui
新疆地质,Xinjiang Geology  신강지질,Xin Jiang Di Zhi
华中科技大学学报（自然科学版）,Journal of Huazhong University of Science and Technology(Nature Science Edition)  화중과기대학학보（자연과학판）,Hua Zhong Ke Ji Da Xue Xue Bao （ Zi Ran Ke Xue Ban ）
微生物学免疫学进展,Progress in Microbiology and Immunology  미생물학면역학진전,Wei Sheng Wu Xue Mian Yi Xue Jin Zhan
应用光学,Journal of Applied Optics  응용광학,Ying Yong Guang Xue
河南师范大学学报（自然科学版）,Journal of Henan Normal University(Natural Science Edition)  하남사범대학학보（자연과학판）,He Nan Shi Fan Da Xue Xue Bao （ Zi Ran Ke Xue Ban ）
浙江大学学报（英文版）（A辑：应用物理和工程）,Journal of Zhejiang University Science A：Applied Physics & Engineering  절강대학학보（영문판）（A집응용물리화공정）,Zhe Da Xue Bao （ Ying Wen Ban ） （ A Ji ： Ying Yong Wu Li He Gong Cheng ）
古生物学报,Acta Palaeontologica Sinica  고생물학보,Gu Sheng Wu Xue Bao
海洋开发与管理,Ocean Development and Management  해양개발여관리,Hai Yang Kai Fa Yu Guan Li
应用数学和力学,Applied Mathematics and Mechanics  응용수학화력학,Ying Yong Shu Xue He Li Xue
电子显微学报,Journal of Chinese Electron Microscopy Society  전자현미학보,Dian Zi Xian Wei Xue Bao
岩石力学与岩土工程学报（英文版）,Journal of Rock Mechanics and Geotechnical Engineering  암석력학여암토공정학보（영문판）,Yan Shi Li Xue Yu Yan Tu Gong Cheng Xue Bao （ Ying Wen Ban ）
地震工程与工程振动,Earthquake Engineering and Engineering Vibration  지진공정여공정진동,Di Zhen Gong Cheng Yu Gong Cheng Zhen Dong
热带海洋学报,Journal of Tropical Oceanography  열대해양학보,Re Dai Hai Yang Xue Bao
西安石油大学学报（自然科学版）,Journal of Xi'an Shiyou University(Natural Science)  서안석유대학학보（자연과학판）,Xi An Shi You Da Xue Xue Bao （ Zi Ran Ke Xue Ban ）
大地测量与地球动力学,Journal of Geodesy and Geodynamics  대지측량여지구동력학,Da Di Ce Liang Yu Di Qiu Dong Li Xue
声学学报,Acta Acustica  성학학보,Sheng Xue Xue Bao
波谱学杂志,Chinese Journal of Magnetic Resonance  파보학잡지,Bo Pu Xue Za Zhi
广西科学院学报,Journal of Guangxi Academy of Sciences  광서과학원학보,Guang Xi Ke Xue Yuan Xue Bao
高等继续教育学报,Journal of Continuing Higher Education  고등함수학보（자연과학판）,Gao Deng Han Shou Xue Bao （ Zi Ran Ke Xue Ban ）
河南理工大学学报（自然科学版）,Journal of Henan Polytechnic University(Natural Science)  하남리공대학학보（자연과학판）,He Nan Li Gong Da Xue Xue Bao （ Zi Ran Ke Xue Ban ）
防灾减灾工程学报,Journal of Disaster Prevention and Mitigation Engineering  방재감재공정학보,Fang Zai Jian Zai Gong Cheng Xue Bao
化学分析计量,Chemical Analysis and Meterage  화학분석계량,Hua Xue Fen Xi Ji Liang
中学地理教学参考,Teaching Reference of Middle School Geography,Zhong Xue Di Li Jiao Xue Can Kao
高分子科学（英文版）,Chinese Journal of Polymer Science  고분자과학（영문판）,Gao Fen Zi Ke Xue （ Ying Wen Ban ）
中国野生植物资源,Chinese Wild Plant Resources  중국야생식물자원,Zhong Guo Ye Sheng Zhi Wu Zi Yuan
东华理工大学学报（自然科学版）,Journal of East China Institute of Technology(Natural Science Edition)  동화리공대학학보（자연과학판）,Dong Hua Li Gong Da Xue Xue Bao （ Zi Ran Ke Xue Ban ）
中国传媒大学学报（自然科学版）,Journal of Communication University of China Science and Technology  중국전매대학학보（자연과학판）,Zhong Guo Chuan Mei Da Xue Xue Bao （ Zi Ran Ke Xue Ban ）
长沙理工大学学报（自然科学版）,Journal of Changsha University of Science and Technology(Natural Science)  장사리공대학학보（자연과학판）,Chang Sha Li Gong Da Xue Xue Bao （ Zi Ran Ke Xue Ban ）
生物技术,Biotechnology  생물기술,Sheng Wu Ji Shu
高等学校化学研究（英文版）,Chemical Research in Chinese Universities  고등학교화학구（영문판）,Gao Deng Xue Xiao Hua Xue Yan Jiu （ Ying Wen Ban ）
赤峰学院学报（自然科学版）,Journal of Chifeng University  적봉학원학보（자연과학판）,Chi Feng Xue Yuan Xue Bao （ Zi Ran Ke Xue Ban ）
干旱区科学,Journal of Arid Land  건한구과학,Gan Han Qu Ke Xue
国土资源信息化,Land and Resources Informatization  국토자원신식화,Guo Tu Zi Yuan Xin Xi Hua
科学技术与工程,Science Technology and Engineering  과학기술여공정,Ke Xue Ji Shu Yu Gong Cheng
华南师范大学学报（自然科学版）,Journal of South China Normal University（Natural Science Edition）  화남사범대학학보（자연과학판）,Hua Nan Shi Fan Da Xue Xue Bao （ Zi Ran Ke Xue Ban ）
阴山学刊（自然科学版）,Yinshan Academic Journal  음산학간（자연과학판）,Yin Shan Xue Kan （ Zi Ran Ke Xue Ban ）
离子交换与吸附,Ion Exchange and Adsorption  리자교환여흡부,Li Zi Jiao Huan Yu Xi Fu
矿山测量,Mine Surveying  산측량,Kuang Shan Ce Liang
资源与生态学报（英文版）,Journal of Resources and Ecology  자원여생태학보（영문판）,Zi Yuan Yu Sheng Tai Xue Bao （ Ying Wen Ban ）
天津大学学报,Journal of Tianjin University  천진대학학보,Tian Jin Da Xue Xue Bao
湿地科学与管理,Wetland Science & Management  습지과학여관리,Shi Di Ke Xue Yu Guan Li
光学技术,Optical Technique  광학기술,Guang Xue Ji Shu
服装学报,Journal of Clothing Research  강남대학학보（자연과학판）,Jiang Nan Da Xue Xue Bao （ Zi Ran Ke Xue Ban ）
空气动力学学报,Acta Aerodynamica Sinica  공기동력학학보,Kong Qi Dong Li Xue Xue Bao
广西大学学报（自然科学版）,Journal of Guangxi University（Natural Science Edition）  광서대학학보（자연과학판）,Guang Xi Da Xue Xue Bao （ Zi Ran Ke Xue Ban ）
分子细胞生物学报（英文版）,Journal of Molecular Cell Biology  분자세포생물학보（영문판）,Fen Zi Xi Bao Sheng Wu Xue Bao
国土资源科技管理,Scientific and Technological Management of Land and Resources  국토자원과기관리,Guo Tu Zi Yuan Ke Ji Guan Li
中国光学快报（英文版）,Chinese Optics of Letters  중국광학쾌보（영문판）,Zhong Guo Guang Xue Kuai Bao （ Ying Wen Ban ）
热带亚热带植物学报,Journal of Tropical and Subtropical Botany  열대아열대식물학보,Re Dai Ya Re Dai Zhi Wu Xue Bao
石河子大学学报（自然科学版）,Journal of Shihezi University(Natural Science)  석하자대학학보（자연과학판）,Shi He Zi Da Xue Xue Bao （ Zi Ran Ke Xue Ban ）
地质找矿论丛,Contributions to Geology and Mineral Resources Research  지질론총,Di Zhi Zhao Kuang Lun Cong
地理空间信息,Geospatial Information  지리공간신식,Di Li Kong Jian Xin Xi
物理化学学报,Acta Physico-Chimica Sinica  물리화학학보,Wu Li Hua Xue Xue Bao
河南科技大学学报（自然科学版）,Journal of Henan University of Science & Technology(Natural Science)  하남과기대학학보（자연과학판）,He Nan Ke Ji Da Xue Xue Bao （ Zi Ran Ke Xue Ban ）
江苏科技大学学报（自然科学版）,Journal of Jiangsu University of Science and Technology（Natural Science Edition)  강소과기대학학보（자연과학판）,Jiang Su Ke Ji Da Xue Xue Bao （ Zi Ran Ke Xue Ban ）
世界地质,Global Geology  세계지질,Shi Jie Di Zhi
基因组蛋白质组与生物信息学报（英文版）,Genomics、Proteomics & Bioinformatics  기인조단백질조여생물신식학보（영문판）,Ji Yin Zu Dan Bai Zhi Zu Yu Sheng Wu Xin Xi Xue Bao （ Ying Wen Ban ）
江苏师范大学学报（自然科学版）,Journal of Jiangsu Normal University(Natural Science Edition)  서주사범대학학보（자연과학판）,Xu Zhou Shi Fan Da Xue Xue Bao （ Zi Ran Ke Xue Ban ）
应用化学,Chinese Journal of Applied Chemistry  응용화학,Ying Yong Hua Xue
广东科技,GuangDong Science & Technology  광동과기,Guang Dong Ke Ji
大气与环境光学学报,Journal of Atmospheric and Environmental Optics  대기여환경광학학보,Da Qi Yu Huan Jing Guang Xue Xue Bao
经济数学,Journal of Quantitative Economics  경제수학,Jing Ji Shu Xue
科技创新导报,Science and Technology Innovation Herald  과기창신도보,Ke Ji Chuang Xin Dao Bao
长春大学学报（自然科学版）,Journal of Changchun University  장춘대학학보（자연과학판）,Chang Chun Da Xue Xue Bao （ Zi Ran Ke Xue Ban ）
极地研究,Chinese Journal of Polar Research  극지구,Ji Di Yan Jiu
生物化学与生物物理学报（英文版）,Acta Biochimica et Biophysica Sinica,Sheng Wu Hua Xue Yu Sheng Wu Wu Li Xue Bao （ Ying Wen Ban ）
大连理工大学学报,Journal of Dalian University of Technology  대련리공대학학보,Da Lian Li Gong Da Xue Xue Bao
江汉大学学报（自然科学版）,Journal of Jianghan University Natural Science Edition  강한대학학보（자연과학판）,Jiang Han Da Xue Xue Bao （ Zi Ran Ke Xue Ban ）
铀矿地质,Uranium Geology  지질,You Kuang Di Zhi
地学前缘（英文版）,GEOSCIENCE FRONTIERS  지학전연(영문판),Di Xue Qian Yuan （ Ying Wen Ban ）
激光生物学报,Acta Laser Biology Sinica  격광생물학보,Ji Guang Sheng Wu Xue Bao
自然辩证法研究,Studies in Dialectics of Nature  자연변증법구,Zi Ran Bian Zheng Fa Yan Jiu
上海大学学报（自然科学版）,Journal of Shanghai University(Natural Science Edition)  상해대학학보（자연과학판）,Shang Hai Da Xue Xue Bao （ Zi Ran Ke Xue Ban ）
世界科技研究与发展,World Sci-Tech R & D  세계과기구여발전,Shi Jie Ke Ji Yan Jiu Yu Fa Zhan
教育生物学杂志,Journal of Bio-Education,Jiao Yu Sheng Wu Xue Za Zhi
北京理工大学学报,Transactions of Beijing Institute of Technology  북경리공대학학보,Bei Jing Li Gong Da Xue Xue Bao
郑州大学学报（理学版）,Journal of Zhengzhou University(Natural Science Edition)  정주대학학보（리학판）,Zheng Zhou Da Xue Xue Bao （ Li Xue Ban ）
重庆工商大学学报（自然科学版）,Journal of Chongqing Technology and Business(Natural Sciences Edition)  중경공상대학학보（자연과학판）,Chong Qing Gong Shang Da Xue Xue Bao （ Zi Ran Ke Xue Ban ）
科技与经济,Science & Technology and Economy  과기여경제,Ke Ji Yu Jing Ji
辽宁大学学报（自然科学版）,Journal of Liaoning University(Natural Science Edition)  료녕대학학보（자연과학판）,Liao Ning Da Xue Xue Bao （ Zi Ran Ke Xue Ban ）
广东海洋大学学报,Journal of Guangdong Ocean University  광동해양대학학보,Guang Dong Hai Yang Da Xue Xue Bao
生物产业技术,Biotechnology & Business  생물업기술,Sheng Wu Chan Ye Ji Shu
计算力学学报,Chinese Journal of Computational Mechanics  계산력학학보,Ji Suan Li Xue Xue Bao
实验力学,Journal of Experimental Mechanics  실험력학,Shi Yan Li Xue
华南理工大学学报（自然科学版）,Journal of South China University of Technology(Natural Science Edition)  화남리공대학학보（자연과학판）,Hua Nan Li Gong Da Xue Xue Bao （ Zi Ran Ke Xue Ban ）
测绘标准化,Standardization for Surveying and Mapping,Ce Hui Biao Zhun Hua
河南大学学报（自然科学版）,Journal of Henan University(Natural Science)  하남대학학보（자연과학판）,He Nan Da Xue Xue Bao （ Zi Ran Ke Xue Ban ）
震灾防御技术,Technology for Earthquake Disaster Prevention  진재방어기술,Zhen Zai Fang Yu Ji Shu
应用力学学报,Chinese Journal of Applied Mechanics  응용력학학보,Ying Yong Li Xue Xue Bao
西南民族大学学报（自然科学版）,Journal of Southwest University for Nationalities(Natrual Science Edition)  서남민족대학학보（자연과학판）,Xi Nan Min Zu Da Xue Xue Bao （ Zi Ran Ke Xue Ban ）
气象学报（英文版）,Journal of Meteorological Research(JMR)  기상학보（영문판）,Qi Xiang Xue Bao （ Ying Wen Ban ）
国土资源情报,Land and Resources Information  국토자원정보,Guo Tu Zi Yuan Qing Bao
生命的化学,Chemistry of Life  생명적화학,Sheng Ming De Hua Xue
海洋预报,Marine Forecasts  해양예보,Hai Yang Yu Bao
首都师范大学学报（自然科学版）,Journal of Capital Normal University(Natural Sciences Edition)  수도사범대학학보（자연과학판）,Shou Du Shi Fan Da Xue Xue Bao （ Zi Ran Ke Xue Ban ）
云南师范大学学报（自然科学版）,Journal of Yunan Normal University(Natural Sciences Edition)  운남사범대학학보（자연과학판）,Yun Nan Shi Fan Da Xue Xue Bao （ Zi Ran Ke Xue Ban ）
海洋科学,Marine Sciences  해양과학,Hai Yang Ke Xue
城市地质,Urban Geology  성시지질,Cheng Shi Di Zhi
陕西师范大学学报（自然科学版）,Journal of Shaanxi Normal University(Natural Science Edition)  섬서사범대학학보（자연과학판）,Shan Xi Shi Fan Da Xue Xue Bao （ Zi Ran Ke Xue Ban ）
昆明理工大学学报（自然科学版）,Journal of Kunming University of Science and Technology（Natural Science Edition）  곤명리공대학학보（자연과학판）,Kun Ming Li Gong Da Xue Xue Bao （ Li Gong Ban ）
科技促进发展,SCIENCE&TECHNOLOGY FOR DEVELOPMENT,Ke Ji Cu Jin Fa Zhan
地质调查与研究,Geological Survey and Research  지질조여구,Di Zhi Diao Cha Yu Yan Jiu
长江大学学报（自科版）,Journal of Yangtze University(Natural Science Edition)  장강대학학보（자연판）,Chang Jiang Da Xue Xue Bao （ Zi Ke Ban ） Li Gong Juan
内蒙古民族大学学报（自然科学版）,Journal of Inner Mongolia University for Nationalities(Natural Sciences)  내몽고민족대학학보（자연과학판）,Nei Meng Gu Min Zu Da Xue Xue Bao （ Zi Ran Ke Xue Ban ）
南京师大学报（自然科学版）,Journal of Nanjing Normal University(Natural Science Edition)  남경사대학보（자연과학판）,Nan Jing Shi Da Xue Bao （ Zi Ran Ke Xue Ban ）
时间频率学报,Journal of Time and Frequency  시간빈솔학보,Shi Jian Pin Lu Xue Bao
化学研究与应用,Chemical Research and Application  화학구여응용,Hua Xue Yan Jiu Yu Ying Yong
科学通报（英文版）,Chinese Science Bulletin  과학통보（영문판）,Ke Xue Tong Bao （ Ying Wen Ban ）
信阳师范学院学报（自然科学版）,Journal of Xinyang Normal University(Natural Science Edition)  신양사범학원학보（자연과학판）,Xin Yang Shi Fan Xue Yuan Xue Bao （ Zi Ran Ke Xue Ban ）
弹道学报,Journal of Ballistics  탄도학보,Dan Dao Xue Bao
科技资讯,Science & Technology Information  과기자신,Ke Ji Zi Xun
广西师范大学学报（自然科学版）,Journal of Guangxi Normal University(Natural Science Edition)  광서사범대학학보（자연과학판）,Guang Xi Shi Fan Da Xue Xue Bao （ Zi Ran Ke Xue Ban ）
湘潭大学自然科学学报,Natural Science Journal of Xiangtan University  상담대학자연과학학보,Xiang Tan Da Xue Zi Ran Ke Xue Xue Bao
南昌大学学报（理科版）,Journal of Nanchang University(Natural Science)  남창대학학보（리과판）,Nan Chang Da Xue Xue Bao （ Li Ke Ban ）
大学物理,College Physics  대학물리,Da Xue Wu Li
西昌学院学报（自然科学版）,Journal of Xichang College(Natural Science Edition)  서창학원학보（자연과학판）,Xi Chang Xue Yuan Xue Bao （ Zi Ran Ke Xue Ban ）
四川理工学院学报（自然科学版）,Journal of Sichuan University of Science & Engineering(Natural Sicence Edition)  사천리공학원학보（자연과학판）,Si Chuan Li Gong Xue Yuan Xue Bao （ Zi Ran Ke Xue Ban ）
浙江大学学报（理学版）,Journal of Zhejiang University(Science Edition)  절강대학학보（리학판）,Zhe Jiang Da Xue Xue Bao （ Li Xue Ban ）
中国生物制品学杂志,Chinese Journal of Biologicals  중국생물제품학잡지,Zhong Guo Sheng Wu Zhi Pin Xue Za Zhi
极地科学进展（英文版）,Advances in Polar Science  극지과학진전(영문판),Ji Di Yan Jiu （ Ying Wen Ban ）
大学数学,College Mathematics  대학수학,Da Xue Shu Xue
科学与管理,Science and Management  과학여관리,Ke Xue Yu Guan Li
生物化学与生物物理进展,Progress in Biochemistry and Biophysics  생물화학여생물물리진전,Sheng Wu Hua Xue Yu Sheng Wu Wu Li Jin Zhan
海洋经济,HAIYANG JINGJI,Hai Yang Jing Ji
西北大学学报（自然科学版）,Journal of Northwest University(Natural Science Edition)  서북대학학보（자연과학판）,Xi Bei Da Xue Xue Bao （ Zi Ran Ke Xue Ban ）
河北科技师范学院学报,Journal of Hebei Normal University of Science & Technology  하북과기사범학원학보,He Bei Ke Ji Shi Fan Xue Yuan Xue Bao
重庆师范大学学报（自然科学版）,Journal of Chongqing Normal University(Natural Science Edition)  중경사범대학학보（자연과학판）,Chong Qing Shi Fan Da Xue Xue Bao （ Zi Ran Ke Xue Ban ）
吉林大学学报（理学版）,Journal of Jilin University(Science Edition)  길림대학학보（리학판）,Ji Lin Da Xue Xue Bao （ Li Xue Ban ）
南京大学学报（自然科学版）,Journal of Nanjing University(Natural Sciences)  남경대학학보（자연과학판）,Nan Jing Da Xue Xue Bao （ Zi Ran Ke Xue Ban ）
沈阳师范大学学报（自然科学版）,Journal of Shenyang Normal University(Natural Science Edition)  심양사범대학학보（자연과학판）,Shen Yang Shi Fan Da Xue Xue Bao （ Zi Ran Ke Xue Ban ）
分析测试技术与仪器,Analysis and Testing Technology and Instruments  분석측시기술여의기,Fen Xi Ce Shi Ji Shu Yu Yi Qi
西安理工大学学报,Journal of Xi'an University of Technology  서안리공대학학보,Xi An Li Gong Da Xue Xue Bao
内蒙古气象,Meteorology Journal of Inner mongolia  내몽고기상,Nei Meng Gu Qi Xiang
科技传播,PUBLIC COMMUNICATION OF SCIENCE & TECHNOLOGY  과기전파,Ke Ji Chuan Bo
中低纬山地气象,Mid-Low Latitude Mountain Meteorology  귀주기상,Gui Zhou Qi Xiang
辽宁师范大学学报（自然科学版）,Journal of Liaoning Normal University(Natural Science Edition)  료녕사범대학학보（자연과학판）,Liao Ning Shi Fan Da Xue Xue Bao （ Zi Ran Ke Xue Ban ）
湖南师范大学自然科学学报,Journal of Natural Science of Hunan Normal University  호남사범대학자연과학학보,Hu Nan Shi Fan Da Xue Zi Ran Ke Xue Xue Bao
东北大学学报（自然科学版）,Journal of Northeastern University(Natural Science)  동북대학학보（자연과학판）,Dong Bei Da Xue Xue Bao （ Zi Ran Ke Xue Ban ）
力学季刊,Chinese Quarterly of Mechanics  력학계간,Li Xue Ji Kan
应用科学学报,Journal of Applied Sciences  응용과학학보,Ying Yong Ke Xue Xue Bao
气体物理,Physics of Gases,Qi Ti Wu Li
化学研究,Chemical Research  화학구,Hua Xue Yan Jiu
应用科技,Applied Science and Technology  응용과기,Ying Yong Ke Ji
湖北理工学院学报,Journal of Hubei Polytechnic University  황석리공학원학보,Huang Shi Li Gong Xue Yuan Xue Bao
陕西理工大学学报（自然科学版）,Journal of Shaanxi Shaanxi University of Technology(Natural Science Edution)  섬서리공학원학보（자연과학판）,Shan Xi Li Gong Xue Yuan Xue Bao （ Zi Ran Ke Xue Ban ）
高技术通讯,Chinese High Technology Letters  고기술통신,Gao Ji Shu Tong Xun
科技风,Technology Wind  과기풍,Ke Ji Feng
高压物理学报,Chinese Journal of High Pressure Physics  고압물리학보,Gao Ya Wu Li Xue Bao
武汉大学学报（理学版）,Journal of Wuhan University(Natural Science Edition)  무한대학학보（리학판）,Wu Han Da Xue Xue Bao （ Li Xue Ban ）
华东理工大学学报（自然科学版）,Journal of East China University of Science and Technology(Natural Science Edition)  화동리공대학학보（자연과학판）,Hua Dong Li Gong Da Xue Xue Bao （ Zi Ran Ke Xue Ban ）
地震工程与工程振动（英文版）,Earthquake Engineering and Engineering Vibration  지진공정여공정진동（영문판）,Di Zhen Gong Cheng Yu Gong Cheng Zhen Dong （ Ying Wen Ban ）
世界地震工程,World Earthquake Engineering  세계지진공정,Shi Jie Di Zhen Gong Cheng
力学与实践,Mechanics in Engineering  력학여실천,Li Xue Yu Shi Jian
气象水文海洋仪器,"Meteorological,Hydrological and Marine Instruments  기상수문해양의기",Qi Xiang Shui Wen Hai Yang Yi Qi
中国细胞生物学学报,Chinese Journal of Cell Biology  중국세포생물학학보,Xi Bao Sheng Wu Xue Za Zhi
甘肃科技,Gansu Science and Technology  감숙과기,Gan Su Ke Ji
测井技术,Well Logging Technology  측정기술,Ce Jing Ji Shu
海洋工程,The Ocean Engineering  해양공정,Hai Yang Gong Cheng
电化学,Journal of Electrochemistry  전화학,Dian Hua Xue
河北北方学院学报（自然科学版）,Journal of Hebei North University(Natural Science Edition)  하북북방학원학보（자연과학판）,He Bei Bei Fang Xue Yuan Xue Bao （ Zi Ran Ke Xue Ban ）
黄河科技大学学报,Journal of Huanghe S&T University  황하과기대학학보,Huang He Ke Ji Da Xue Xue Bao
量子电子学报,Chinese Journal of Quantum Electronics  량자전자학보,Liang Zi Dian Zi Xue Bao
物理教师,Physics Teacher  물리사,Wu Li Jiao Shi
矿产与地质,Mineral Resources and Geology  여지질,Kuang Chan Yu Di Zhi
录井工程,LUJING GONGCHENG  록정공정,Lu Jing Gong Cheng
华侨大学学报（自然科学版）,Journal of Huaqiao University(Natural Science)  화교대학학보（자연과학판）,Hua Qiao Da Xue Xue Bao （ Zi Ran Ke Xue Ban ）
浙江师范大学学报（自然科学版）,Journal of Zhejiang Normal University(Natural Sciences)  절강사범대학학보（자연과학판）,Zhe Jiang Shi Fan Da Xue Xue Bao （ Zi Ran Ke Xue Ban ）
四川动物,Sichuan Journal of Zoology  사천동물,Si Chuan Dong Wu
国土资源,Land & Resources  국토자원,Guo Tu Zi Yuan
河南科技学院学报（自然科学版）,Journal of Henan Institute of Science and Technology(Natural Sciences Edition)  하남과기학원학보（자연과학판）,He Nan Ke Ji Xue Yuan Xue Bao （ Zi Ran Ke Xue Ban ）
兰州文理学院学报（自然科学版）,Journal of LanZhou University of Arts And Science (Natural Sciences Edition)  감숙련합대학학보（자연과학판）,Gan Su Lian He Da Xue Xue Bao （ Zi Ran Ke Xue Ban ）
化学通报（印刷版）,Chemistry  화학통보（인쇄판）,Hua Xue Tong Bao （ Yin Shua Ban ）
复旦学报（自然科学版）,Journal of Fudan University(Natural Science)  복단학보（자연과학판）,Fu Dan Xue Bao （ Zi Ran Ke Xue Ban ）
气象科技进展,Advances in Meteorological Science and Technology,Qi Xiang Ke Ji Jin Zhan
福建分析测试,Fujian Analysis & Testing  복건분석측시,Fu Jian Fen Xi Ce Shi
江苏科技信息,Jiangsu Science & Technology Information  강소과기신식,Jiang Su Ke Ji Xin Xi
深圳大学学报（理工版）,Journal of Shenzhen University(Science & Engineering)  심대학학보（리공판）,Shen Zhen Da Xue Xue Bao （ Li Gong Ban ）
华东师范大学学报（自然科学版）,Journal of East China Normal University(Natural Science)  화동사범대학학보（자연과학판）,Hua Dong Shi Fan Da Xue Xue Bao （ Zi Ran Ke Xue Ban ）
兰州理工大学学报,Journal of Lanzhou University of Technology  란주리공대학학보,Lan Zhou Li Gong Da Xue Xue Bao
长春理工大学学报（自然科学版）,Journal of Changchun University of Science and Technology  장춘리공대학학보（자연과학판）,Chang Chun Li Gong Da Xue Xue Bao （ Zi Ran Ke Xue Ban ）
动物学杂志,Chinese Journal of Zoology  동물학잡지,Dong Wu Xue Za Zhi
动力学与控制学报,Journal of Dynamics and Control  동력학여공제학보,Dong Li Xue Yu Kong Zhi Xue Bao
中国科学（化学）,SCIENTIA SINICA Chimica  중국과학（화학）,Zhong Guo Ke Xue B Ji
地球科学前沿,Frontiers of Earth Science,Di Qiu Ke Xue Qian Yan
云南地理环境研究,Yunnan Geographic Environment Research  운남지리환경구,Yun Nan Di Li Huan Jing Yan Jiu
青岛科技大学学报（自然科学版）,Journal of Qingdao University of Science and Technology(Natural Science Edition)  도과기대학학보（자연과학판）,Qing Dao Ke Ji Da Xue Xue Bao （ Zi Ran Ke Xue Ban ）
分子科学学报,Journal of Molecular Science  분자과학학보,Fen Zi Ke Xue Xue Bao
中国海洋工程（英文版）,China Ocean Engineering  중국해양공정（영문판）,Zhong Guo Hai Yang Gong Cheng （ Ying Wen Ban ）
广西科学,Guangxi Sciences  광서과학,Guang Xi Ke Xue
系统科学学报,Chinese Journal of Systems Science  계통과학학보,Xi Tong Ke Xue Xue Bao
西华大学学报（自然科学版）,Journal of Xihua University(Natural Science Edition)  서화대학학보（자연과학판）,Xi Hua Da Xue Xue Bao （ Zi Ran Ke Xue Ban ）
导航定位学报,Journal of Navigation and Positioning,Dao Hang Ding Wei Xue Bao
人工晶体学报,Journal of Synthetic Crystals  인공정체학보,Ren Gong Jing Ti Xue Bao
山地科学学报（英文版）,Journal of Mountain Science  산지과학학보（영문판）,Shan Di Ke Xue Xue Bao （ Ying Wen Ban ）
辽宁师专学报（自然科学版）,Journal of Liaoning Teachers College(Natural Science Edition)  료녕사전학보（자연과학판）,Liao Ning Shi Zhuan Xue Bao （ Zi Ran Ke Xue Ban ）
吉林师范大学学报（自然科学版）,Jilin Normal University Journal(Natural Science Edition)  길림사범대학학보（자연과학판）,Ji Lin Shi Fan Da Xue Xue Bao （ Zi Ran Ke Xue Ban ）
影像科学与光化学,Imaging Science and Photochemistry  영상과학여광화학,Ying Xiang Ke Xue Yu Guang Hua Xue
中学生物教学,BIOLOGY TEACHING IN MIDDLE SCHOOLS,Zhong Xue Sheng Wu Jiao Xue
仿生工程学报（英文版）,Journal of Bionic Engineering  생공정학보（영문판）,Fang Sheng Gong Cheng Xue Bao （ Ying Wen Ban ）
中华细胞与干细胞杂志（电子版）,Chinese Journal of Cell and Stem Cell  중화세포여간세포잡지（전자판）,Zhong Hua Xi Bao Yu Gan Xi Bao Za Zhi （ Dian Zi Ban ）
中国海洋大学学报（自然科学版）,Periodical of Ocean University of China  중국해양대학학보（자연과학판）,Zhong Guo Hai Yang Da Xue Xue Bao （ Zi Ran Ke Xue Ban ）
地矿测绘,Surveying and Mapping of Geology and Mineral Resources  지측회,Di Kuang Ce Hui
热科学学报（英文版）,Journal of Thermal Science,Re Ke Xue Xue Bao （ Ying Wen Ban ）
海洋技术学报,Journal Of Ocean Technology  해양기술,Hai Yang Ji Shu
宝石和宝石学杂志（中英文）,Journal of Gems & Gemmology  보석화보석학잡지,Bao Shi He Bao Shi Xue Za Zhi
中国科技论文,China Sciencepaper  중국과기론문재선,Zhong Guo Ke Ji Lun Wen Zai Xian
等离子体科学和技术（英文版）,Plasma Science and Technology  등리자체과학화기술（영문판）,Deng Li Zi Ti Ke Xue He Ji Shu （ Ying Wen Ban ）
湖北大学学报（自然科学版）,Journal of Hubei University（Natural Science Edition）  호북대학학보（자연과학판）,Hu Bei Da Xue Xue Bao （ Zi Ran Ke Xue Ban ）
江西师范大学学报（自然科学版）,Journal of Jiangxi Normal University（Natural Sciences Edition）  강서사범대학학보（자연과학판）,Jiang Xi Shi Fan Da Xue Xue Bao （ Zi Ran Ke Xue Ban ）
辽宁科技学院学报,Journal of Liaoning Institute of Science and Technology  료녕과기학원학보,Liao Ning Ke Ji Xue Yuan Xue Bao
中国科学:物理学 力学 天文学（英文版）,"Science China Physics,Mechanics & Astronomy  중국과학:물리학 력학 천문학（영문판）",Zhong Guo Ke Xue G Ji （ Ying Wen Ban ）
济南大学学报（自然科学版）,Journal of University of Jinan (Science and Technology)  제남대학학보（자연과학판）,Ji Nan Da Xue Xue Bao （ Zi Ran Ke Xue Ban ）
科学大众（科学教育）,Popular Science  과학대（과학육）,Ke Xue Da Zhong （ Ke Xue Jiao Yu ）
物理测试,Physics Examination and Testing  물리측시,Wu Li Ce Shi
创新科技,Science New Ground  창신과기,Chuang Xin Ke Ji
南通大学学报（自然科学版）,Journal of Nantong University(Natural Science Edition)  남통대학학보（자연과학판）,Nan Tong Da Xue Xue Bao （ Zi Ran Ke Xue Ban ）
武夷科学,Wuyi Science Journal  무이과학,Wu Yi Ke Xue
井冈山大学学报（自然科学版）,Journal of Jinggangshan University(Natural Sciences Edition)  정강산대학학보（자연과학판）,Jing Gang Shan Xue Yuan Xue Bao
生物加工过程,Chinese Journal of Bioprocess Engineering  생물가공과정,Sheng Wu Jia Gong Guo Cheng
声学学报（英文版）,Chinese Journal of Acoustics  성학학보（영문판）,Sheng Xue Xue Bao （ Ying Wen Ban ）
武汉科技大学学报（自然科学版）,Journal of Wuhan University of Science and Technology(Natural Science Edition)  무한과기대학학보（자연과학판）,Wu Han Ke Ji Da Xue Xue Bao （ Zi Ran Ke Xue Ban ）
九江学院学报（自然科学版）,Journal of Jiujiang University(natural sciences)  구강학원학보（자연과학판）,Jiu Jiang Xue Yuan Xue Bao （ Zi Ran Ke Xue Ban ）
河北大学学报（自然科学版）,Journal of Hebei University(Natural Science Edition)  하북대학학보（자연과학판）,He Bei Da Xue Xue Bao （ Zi Ran Ke Xue Ban ）
国土与自然资源研究,Territory & Natural Resources Study  국토여자연자원구,Guo Tu Yu Zi Ran Zi Yuan Yan Jiu
数学的实践与认识,Mathematics in Practice and Theory  수학적실천여인식,Shu Xue De Shi Jian Yu Ren Shi
地质灾害与环境保护,Journal of Geological Hazards and Environment Preservation  지질재해여환경보호,Di Zhi Zai Hai Yu Huan Jing Bao Hu
测绘技术装备,Geomatics Technology and Equipment  측회기술장비,Ce Hui Ji Shu Zhuang Bei
力学学报（英文版）,Acta Mechanica Sinica(English Series),Li Xue Xue Bao （ Ying Wen Ban ）
生命科学研究,Life Science Research  생명과학구,Sheng Ming Ke Xue Yan Jiu
东北师大学报（自然科学版）,Journal of Northeast Normal University(Natural Science Edition)  동북사대학보（자연과학판）,Dong Bei Shi Da Xue Bao （ Zi Ran Ke Xue Ban ）
水动力学研究与进展A辑,Journal of Hydrodynamics  수동력학구여진전A집,Shui Dong Li Xue Yan Jiu Yu Jin Zhan A Ji
新疆大学学报（自然科学版）,Journal of Xinjiang University(Natural Science Edition)  신강대학학보（자연과학판）,Xin Jiang Da Xue Xue Bao （ Zi Ran Ke Xue Ban ）
天津科技大学学报,Journal of Tianjing University of Science & Technology  천진과기대학학보,Tian Jin Ke Ji Da Xue Xue Bao
微体古生物学报,Acta Micropalaeontologica Sinica  미체고생물학보,Wei Ti Gu Sheng Wu Xue Bao
浙江理工大学学报（自然科学版）,Journal of Zhejiang Institute of Science and Technology  절강리공대학학보,Zhe Jiang Li Gong Da Xue Xue Bao
青岛理工大学学报,Journal of Qingdao Technological University  도리공대학학보,Qing Dao Li Gong Da Xue Xue Bao
金陵科技学院学报,Journal of Jinling Institute of Technology  김릉과기학원학보,Jin Ling Ke Ji Xue Yuan Xue Bao
江西测绘,JIANGXI CEHUI  강서측회,Jiang Xi Ce Hui
中国科学：信息科学（英文版）,Science China Information Sciences  중국과학신식과학（영문판）,Zhong Guo Ke Xue F Ji （ Ying Wen Ban ）
海洋学研究,Journal of Marine Sciences  해양학구,Hai Yang Xue Yan Jiu
海洋湖沼通报,Transactions of Oceanology and Limnology  해양호소통보,Hai Yang Hu Zhao Tong Bao
福建师范大学学报（自然科学版）,Journal of Fujian Normal University(Natural Science Edition)  복건사범대학학보（자연과학판）,Fu Jian Shi Fan Da Xue Xue Bao （ Zi Ran Ke Xue Ban ）
延安大学学报（自然科学版）,Journal of Yanan University(Natural Science Edition)  연안대학학보（자연과학판）,Yan An Da Xue Xue Bao （ Zi Ran Ke Xue Ban ）
上海理工大学学报,Journal of University of Shanghai for Science and Technology  상해리공대학학보,Shang Hai Li Gong Da Xue Xue Bao
产业与科技论坛,Industrial & Science Tribune  업여과기론단,Chan Ye Yu Ke Ji Lun Tan
工程热物理学报,Journal of Engineering Thermophysics  공정열물리학보,Gong Cheng Re Wu Li Xue Bao
牡丹江师范学院学报（自然科学版）,Journal of Mudanjing Teachers College(Natural Sciences Edition)  모단강사범학원학보（자연과학판）,Mu Dan Jiang Shi Fan Xue Yuan Xue Bao （ Zi Ran Ke Xue Ban ）
地质与资源,Geology and Resources  지질여자원,Di Zhi Yu Zi Yuan
海南师范大学学报（自然科学版）,Journal of Hainan Normal University(Natural Science)  해남사범대학학보（자연과학판）,Hai Nan Shi Fan Da Xue Xue Bao （ Zi Ran Ke Xue Ban ）
防灾减灾学报,Seismological Research of Northeast China  방재감재학보,Dong Bei Di Zhen Yan Jiu
海南大学学报（自然科学版）,Natural Science Journal of Hainan University  해남대학학보（자연과학판）,Hai Nan Da Xue Xue Bao （ Zi Ran Ke Xue Ban ）
太原理工大学学报,Journal of Taiyuan University of Technology  태원리공대학학보,Tai Yuan Li Gong Da Xue Xue Bao
中央民族大学学报（自然科学版）,Journal of MinZu University of China(Natural Sciences Edition)  ,Zhong Yang Min Zu Da Xue Xue Bao （ Zi Ran Ke Xue Ban ）
生物技术通讯,Letters in Biotechnology  생물기술통신,Sheng Wu Ji Shu Tong Xun
物理学前沿,Frontiers of Physics,Wu Li Xue Qian Yan
华北科技学院学报,Journal of North China Institute of Science and Technology  화북과기학원학보,Hua Bei Ke Ji Xue Yuan Xue Bao
自然辩证法通讯,Journal of Dialectics of Nature  자연변증법통신,Zi Ran Bian Zheng Fa Tong Xun
贵州大学学报（自然科学版）,Journal of Guizhou University(Natural Science)  귀주대학학보（자연과학판）,Gui Zhou Da Xue Xue Bao （ Zi Ran Ke Xue Ban ）
陕西气象,Journal of Shaanxi Meteorology  섬서기상,Shan Xi Qi Xiang
亚热带资源与环境学报,Journal of Subtropical Resources and Environment  아열대자원여환경학보,Ya Re Dai Zi Yuan Yu Huan Jing Xue Bao
长春师范大学学报（自然科学版）,Journal of Changchun Normal University(Natural Science)  장춘사범학원학보（자연과학판）,Chang Chun Shi Fan Xue Yuan Xue Bao （ Zi Ran Ke Xue Ban ）
广西民族大学学报（自然科学版）,Journal of Guangxi University for Nationalities(Natural Science Edition)  광서민족대학학보（자연과학판）,Guang Xi Min Zu Da Xue Xue Bao （ Zi Ran Ke Xue Ban ）
中国人民公安大学学报（自然科学版）,Journal of People's Public Security University of China(Science and Technology)  중국인민공안대학학보（자연과학판）,Zhong Guo Ren Min Gong An Da Xue Xue Bao （ Zi Ran Ke Xue Ban ）
高师理科学刊,Journal of Science of Teachers' College and University  고사리과학간,Gao Shi Li Ke Xue Kan
大气和海洋科学快报（英文版）,Atmospheric and Oceanic Science Letters  대기화해양과학쾌보（영문판）,Da Qi He Hai Yang Ke Xue Kuai Bao （ Ying Wen Ban ）
化学试剂,Chemical Reagents  화학시제,Hua Xue Shi Ji
安徽大学学报（自然科学版）,Journal of Anhui University(Natural Sciences)  안휘대학학보（자연과학판）,An Hui Da Xue Xue Bao （ Zi Ran Ke Xue Ban ）
天津师范大学学报（自然科学版）,Journal of Tianjin Normal University(Natural Science Edition)  천진사범대학학보（자연과학판）,Tian Jin Shi Fan Da Xue Xue Bao （ Zi Ran Ke Xue Ban ）
鲁东大学学报（自然科学版）,Ludong University Journal(Natural Science Edition)  로동대학학보（자연과학판）,Lu Dong Da Xue Xue Bao （ Zi Ran Ke Xue Ban ）
东华大学学报（自然科学版）,Journal of Donghua University(Natural Science Edition)  동화대학학보（자연과학판）,Dong Hua Da Xue Xue Bao （ Zi Ran Ke Xue Ban ）
宁波大学学报（理工版）,Journal of Ningbo University(Natural Science & Engineering Edition)  녕파대학학보（리공판）,Ning Bo Da Xue Xue Bao （ Li Gong Ban ）
天文学报,Acta Astronomica Sinica  천문학보,Tian Wen Xue Bao
佛山科学技术学院学报（自然科学版）,Journal of Foshan University(Natural Science Edition)  불산과학기술학원학보（자연과학판）,Fo Shan Ke Xue Ji Shu Xue Yuan Xue Bao （ Zi Ran Ke Xue Ban ）
厦门大学学报（自然科学版）,Journal of Xiamen University(Natural Science)  하문대학학보（자연과학판）,Xia Men Da Xue Xue Bao （ Zi Ran Ke Xue Ban ）
电大理工,DIANDA LIGONG  전대리공,Dian Da Li Gong
中国昆虫科学（英文版）,Insect Science,Zhong Guo Kun Chong Ke Xue （ Ying Wen Ban ）
南开大学学报（自然科学版）,Acta Scientiarum Naturalium Universitatis Nankaiensis(Natural Science Edition)  남개대학학보（자연과학판）,Nan Kai Da Xue Xue Bao （ Zi Ran Ke Xue Ban ）
地震地磁观测与研究,Seismological and Geomagnetic Observation and Research  지진지자관측여구,Di Zhen Di Ci Guan Ce Yu Yan Jiu
国土资源导刊,Land & Resources Herald  국토자원도간,Guo Tu Zi Yuan Dao Kan
西北民族大学学报（自然科学版）,Journal of Northwest University for Nationalities (Natural Science)  서북민족대학학보（자연과학판）,Xi Bei Min Zu Da Xue Xue Bao （ Zi Ran Ke Xue Ban ）
山西大同大学学报（自然科学版）,Journal of Shanxi Datong University(Natural Science Edition)  산서대동대학학보（자연과학판）,Shan Xi Da Tong Da Xue Xue Bao （Zi Ran Ke Xue Ban）
江西科学,Jiangxi Science  강서과학,Jiang Xi Ke Xue
中国物理快报（英文版）,Chinese Physics Letters,Zhong Guo Wu Li Kuai Bao （ Ying Wen Ban ）
山东理工大学学报（自然科学版）,Journal of Shandong University of Technology(Natural Science Edition)  산동리공대학학보（자연과학판）,Shan Dong Li Gong Da Xue Xue Bao （ Zi Ran Ke Xue Ban ）
气候变化研究进展（英文版）,Advances in Climate Change Research  기후변화구진전(영문판),Qi Hong Bian Hua Yan Jiu Jin Zhan （ Ying Wen Ban ）
天文研究与技术－国家天文台台刊,Astronomical Research & Technology-Publications of National Astronomical Observatories of China  천문구여기술국가천문대태간,Tian Wen Yan Jiu Yu Ji Shu － Guo Jia Tian Wen Tai Tai Kan
天文学进展,Progress in Astronomy  천문학진전,Tian Wen Xue Jin Zhan
辽东学院学报（自然科学版）,Journal of Liaodong University(Natural Sciences)  료동학원학보（자연과학판）,Liao Dong Xue Yuan Xue Bao （ Zi Ran Ke Xue Ban ）
应用概率统计,Chinese Journal of applied probability and statistics  응용솔통계,Ying Yong Gai Lu Tong Ji
东莞理工学院学报,Journal of Dongguan University of Technology  동완리공학원학보,Dong Guan Li Gong Xue Yuan Xue Bao
纺织高校基础科学学报,Basic Sciences Journal of Textile Universities  방직고교기초과학학보,Fang Zhi Gao Xiao Ji Chu Ke Xue Xue Bao
天津理工大学学报,Journal of Tianjin University of Technology  천진리공대학학보,Tian Jin Li Gong Da Xue Xue Bao
系统科学与系统工程学报（英文版）,Journal of Systems Science and Systems Engineering  계통과학여계통공정학보（영문판）,Xi Tong Ke Xue Yu Xi Tong Gong Cheng Xue Bao （ Ying Wen Ban ）
物理教学,Physics Teaching,Wu Li Jiao Xue
科技创业月刊,Pioneering With Science & Technology Monthly  과기창업월간,Ke Ji Chuang Ye Yue Kan
高科技与产业化,High-Technology & Industrialization  고과기여업화,Gao Ke Ji Yu Chan Ye Hua
测绘,Surveying and Mapping of Sichuan  측회,Si Chuan Ce Hui
陕西科技大学学报,Journal of Shaanxi University of Science & Technology  섬서과기대학학보（자연과학판）,Shan Xi Ke Ji Da Xue Xue Bao （ Zi Ran Ke Xue Ban ）
海峡科技与产业,Technology and Industry Across The Strait  해협과기여업,Hai Xia Ke Ji Yu Chan Ye
生物信息学,China Journal of Bioinformatics  생물신식학,Sheng Wu Xin Xi Xue
华北理工大学学报（自然科学版）,Journal of Hebei United university natural sclence edition  하북리공대학학보（자연과학판）,He Bei Li Gong Da Xue Xue Bao （ Zi Ran Ke Xue Ban ）
苏州科技大学学报（自然科学版）,Journal of Suzhou University of Science and Technology(Natural Science)  소주과기학원학보（자연과학판）,Su Zhou Ke Ji Xue Yuan Xue Bao （ Zi Ran Ke Xue Ban ）
化学世界,Chemical World  화학세계,Hua Xue Shi Jie
渤海大学学报（自然科学版）,Journal of Bohai University(Natural Science Edition)  발해대학학보（자연과학판）,Bo Hai Da Xue Xue Bao （ Zi Ran Ke Xue Ban ）
中国科学（物理学 力学 天文学）,"SCIENTIA SINICA Physica,Mechanica & Astronomica  중국과학（물리학 력학 천문학）",Zhong Guo Ke Xue G Ji
曲阜师范大学学报（自然科学版）,Journal of Qufu Normal University(Natural Science)  곡부사범대학학보（자연과학판）,Qu Fu Shi Fan Da Xue Xue Bao （ Zi Ran Ke Xue Ban ）
石河子科技,Shihezi Science and Technology  석하자과기,Shi He Zi Ke Ji
河南科学,Henan Science  하남과학,He Nan Ke Xue
成都大学学报（自然科学版）,Journal of Chengdu University(Natural Science)  성도대학학보（자연과학판）,Cheng Du Da Xue Xue Bao （ Zi Ran Ke Xue Ban ）
中国科学技术大学学报,Journal of University of Science and Technology of China  중국과학기술대학학보,Zhong Guo Ke Xue Ji Shu Da Xue Xue Bao
动物学研究,Zoological Research  동물학구,Dong Wu Xue Yan Jiu
杭州科技,HANGZHOU SCIENCE AND TECHNOLOGY  항주과기,Hang Zhou Ke Ji
淮北师范大学学报（自然科学版）,Journal of Huaibei Normal University(Natural Science)  회북사범대학학보（자연과학판）,Huai Bei Mei Tan Shi Fan Xue Yuan Xue Bao （ Zi Ran Ke Xue Ban ）
生物学通报,Bulletin of Biology  생물학통보,Sheng Wu Xue Tong Bao
结构化学,Chinese Journal of Structural Chemistry  결구화학,Jie Gou Hua Xue
贵州科学,Guizhou Science  귀주과학,Gui Zhou Ke Xue
湖南文理学院学报（自然科学版）,Journal of Hunan University of Arts and Science(Natural Science Edition)  호남문리학원학보（자연과학판）,Hu Nan Wen Li Xue Yuan Xue Bao （ Zi Ran Ke Xue Ban ）
中国科技产业,Science & Technology Industry of China  중국과기업,Zhong Guo Ke Ji Chan Ye
化工矿产地质,Geology of Chemical Minerals  화공지질,Hua Gong Kuang Chan Di Zhi
云南民族大学学报（自然科学版）,Journal of Yunnan University of Nationalities(Natural Sciences Edition)  운남민족대학학보（자연과학판）,Yun Nan Min Zu Da Xue Xue Bao （ Zi Ran Ke Xue Ban ）
湖北师范大学学报（自然科学版）,Journal of Hubei Normal University(Natural Science)  호북사범학원학보（자연과학판）,Hu Bei Shi Fan Xue Yuan Xue Bao （ Zi Ran Ke Xue Ban ）
邵阳学院学报（自然科学版）,Journal of Shaoyang University(Natural Science Edition)  소양학원학보（자연과학판）,Shao Yang Xue Yuan Xue Bao （ Zi Ran Ke Xue Ban ）
大众科技,DAZHONG KEJI  대과기,Da Zhong Ke Ji
河南教育学院学报（自然科学版）,Journal of Henan Institute of Education(Natural Science Edition)  하남육학원학보（자연과학판）,He Nan Jiao Yu Xue Yuan Xue Bao （ Zi Ran Ke Xue Ban ）
山东科学,Shandong Science  산동과학,Shan Dong Ke Xue
黑龙江科技大学学报,Journal of Heilongjiang University of Science and Technology  흑룡강과기학원학보,Hei Long Jiang Ke Ji Xue Yuan Xue Bao
山西地震,Earthquake Research in Shanxi  산서지진,Shan Xi Di Zhen
浙江科技学院学报,Journal of Zhejiang University of Science and Technology  절강과기학원학보,Zhe Jiang Ke Ji Xue Yuan Xue Bao
应用数学和力学（英文版）,Applied Mathematics and Mechanics  응용수학화력학（영문판）,Ying Yong Shu Xue He Li Xue （ Ying Wen Ban ）
山西大学学报（自然科学版）,Journal of Shanxi University(Natural Science Edition)  산서대학학보（자연과학판）,Shan Xi Da Xue Xue Bao （ Zi Ran Ke Xue Ban ）
地下水,Underground　Water  지하수,Di Xia Shui
青海师范大学学报（自然科学版）,Journal of Qinghai Normal University(Natural Science Edition)  해사범대학학보（자연과학판）,Qing Hai Shi Fan Da Xue Xue Bao （ Zi Ran Ke Xue Ban ）
安徽师范大学学报（自然科学版）,Journal of Anhui Normal University(Natural Science）  안휘사범대학학보（자연과학판）,An Hui Shi Fan Da Xue Xue Bao （ Zi Ran Ke Xue Ban ）
资源环境与工程,Resources Environment & Engineering  자원환경여공정,Zi Yuan Huan Jing Yu Gong Cheng
烟台大学学报（自然科学与工程版）,Journal of Yantai University(Natural Science and Engineering Edition)  연대대학학보（자연과학여공정판）,Yan Tai Da Xue Xue Bao （ Zi Ran Ke Xue Yu Gong Cheng Ban ）
物理教学探讨,Journal of Physics Teaching  물리학탐토,Wu Li Jiao Xue Tan Tao
黑龙江大学自然科学学报,Journal of Natural Science of Heilongjiang University  흑룡강대학자연과학학보,Hei Long Jiang Da Xue Zi Ran Ke Xue Xue Bao
西北师范大学学报（自然科学版）,Journal of Northwest Normal University(Natural Science)  서북사범대학학보（자연과학판）,Xi Bei Shi Fan Da Xue Xue Bao （ Zi Ran Ke Xue Ban ）
海洋学报（英文版）,Acta Oceanologica Sinica  해양학보（영문판）,Hai Yang Xue Bao （ Ying Wen Ban ）
大连民族大学学报,Journal of Dalian Nationalities University  대련민족학원학보,Da Lian Min Zu Xue Yuan Xue Bao
安庆师范大学学报（自然科学版）,Journal of Anqing normal university (Natural Science Edition)  안경사범학원학보（자연과학판）,An Qing Shi Fan Xue Yuan Xue Bao （ Zi Ran Ke Xue Ban ）
山东大学学报（理学版）,Journal of Shandong University(Natural Science)  산동대학학보（리학판）,Shan Dong Da Xue Xue Bao （ Li Xue Ban ）
山西师范大学学报（自然科学版）,Journal of Shanxi Normal University(Natural Science Edition)  산서사범대학학보（자연과학판）,Shan Xi Shi Fan Da Xue Xue Bao （ Zi Ran Ke Xue Ban ）
中国科学:化学（英文版）,Science China(Chemistry)  중국과학:화학（영문판）,Zhong Guo Ke Xue B Ji （ Ying Wen Ban ）
福州大学学报（自然科学版）,Journal of Fuzhou University(Natural Science Edition)  복주대학학보（자연과학판）,Fu Zhou Da Xue Xue Bao （ Zi Ran Ke Xue Ban ）
今日科技,Today Science and Technology  금일과기,Jin Ri Ke Ji
数学物理学报,Acta Mathematica Scientia  수학물리학보,Shu Xue Wu Li Xue Bao
大地测量与地球动力学（英文版）,Geodesy and Geodynamics  대지측량여지구동력학（영문판）,Da Di Ce Liang Yu Di Qiu Dong Li Xue （ Ying Wen Ban ）
昆虫分类学报,Entomotaxonomia  곤충분류학보,Kun Chong Fen Lei Xue Bao
哈尔滨商业大学学报（自然科学版）,Journal of Harbin University of Commerce(Natural Sciences Edition)  합이빈상업대학학보（자연과학판）,Ha Er Bin Shang Ye Da Xue Xue Bao （ Zi Ran Ke Xue Ban ）
山西科技,Shanxi Science and Technology  산서과기,Shan Xi Ke Ji
数学建模及其应用,Mathematical Modeling and Its Applications,Shu Xue Jian Mo Ji Qi Ying Yong
盐湖研究,Journal of Salt Lake Research  염호구,Yan Hu Yan Jiu
世界核地质科学,World Nuclear Geoscience  세계핵지질과학,Shi Jie He Di Zhi Ke Xue
聊城大学学报（自然科学版）,Journal of Liaocheng University（Natural Science Edition)  료성대학학보（자연과학판）,Liao Cheng Da Xue Xue Bao （ Zi Ran Ke Xue Ban ）
南华大学学报（自然科学版）,Journal of University of Souht China(Science & Technology)  남화대학학보（자연과학판）,Nan Hua Da Xue Xue Bao （ Zi Ran Ke Xue Ban ）
现代应用物理,Modern Applie Physics,Xian Dai Ying Yong Wu Li
气象灾害防御,JiLin QiXiang,Ji Lin Qi Xiang
浙江海洋大学学报（自然科学版）,Journal of Zhejiang Ocean University(Natural Science)  절강해양학원학보（자연과학판）,Zhe Jiang Hai Yang Xue Yuan Xue Bao （ Zi Ran Ke Xue Ban ）
中国科技奖励,China Awards for Science and Technology  중국과기려,Zhong Guo Ke Ji Jiang Li
前沿科学,Frontier Science  전연과학,Qian Yan Ke Xue
模糊系统与数学,Fuzzy Systems and Mathematics  모호계통여수학,Mo Hu Xi Tong Yu Shu Xue
天津科技,Tianjin Science & Technology  천진과기,Tian Jin Ke Ji
高校应用数学学报,Applied Mathematics A Journal of Chinese Universities  고교응용수학학보A집,Gao Xiao Ying Yong Shu Xue Xue Bao A Ji
湖南科技大学学报（自然科学版）,Journal of Hunan University of Science & Technology（Natural Science Edition)  호남과기대학학보（자연과학판）,Hu Nan Ke Ji Da Xue Xue Bao （ Zi Ran Ke Xue Ban ）
高等数学研究,Studies in College Mathematics  고등수학구,Gao Deng Shu Xue Yan Jiu
系统科学与数学,Journal of Systems Science and Mathematical Sciences  계통과학여수학,Xi Tong Ke Xue Yu Shu Xue
中国海洋平台,China Offshore Platform  중국해양평대,Zhong Guo Hai Yang Ping Tai
吉首大学学报（自然科学版）,Journal of Jishou University(Natural Science Edition)  길수대학학보（자연과학판）,Ji Shou Da Xue Xue Bao （ Zi Ran Ke Xue Ban ）
计算机与应用化学,Computers and Applied Chemistry  계산기여응용화학,Ji Suan Ji Yu Ying Yong Hua Xue
湖南理工学院学报（自然科学版）,Journal of Hunan Institute of Science and Technology(Natural Sciences)  호남리공학원학보（자연과학판）,Hu Nan Li Gong Xue Yuan Xue Bao （ Zi Ran Ke Xue Ban ）
中国物理B（英文版）,Chinese Physics　B,Zhong Guo Wu Li （ Ying Wen Ban ）
湖北民族大学学报（自然科学版）,Journal of Hubei MinZu University（Natural Sciences Edition）  호북민족학원학보（자연과학판）,Hu Bei Min Zu Xue Yuan Xue Bao （ Zi Ran Ke Xue Ban ）
新疆师范大学学报（自然科学版）,Journal of Xinjiang Normal University(Natural Sciences Edition)  신강사범대학학보（자연과학판）,Xin Jiang Shi Fan Da Xue Xue Bao （ Zi Ran Ke Xue Ban ）
西华师范大学学报（自然科学版）,Journal of China West Normal University(Natural Science)  서화사범대학학보（자연과학판）,Xi Hua Shi Fan Da Xue Xue Bao （ Zi Ran Ke Xue Ban ）
温州大学学报（自然科学版）,Journal of Wenzhou University(Natural Sciences)  온주대학학보（자연과학판）,Wen Zhou Da Xue Xue Bao （ Zi Ran Ke Xue Ban ）
光散射学报,The Journal of Light Scattering  광산사학보,Guang San She Xue Bao
安徽地质,Geology of Anhui  안휘지질,An Hui Di Zhi
青海大学学报（自然科学版）,Journal of Qinghai University(Natural Science)  해대학학보（자연과학판）,Qing Hai Da Xue Xue Bao （ Zi Ran Ke Xue Ban ）
中国基础科学,China Basic Science  중국기초과학,Zhong Guo Ji Chu Ke Xue
甘肃科学学报,Journal of Gansu Sciences  감숙과학학보,Gan Su Ke Xue Xue Bao
内蒙古大学学报（自然科学版）,Acta Scientiarum Naturalium Universitatis Neimongol  내몽고대학학보（자연과학판）,Nei Meng Gu Da Xue Xue Bao （ Zi Ran Ke Xue Ban ）
油气藏评价与开发,Reservoir Evaluation and Development,You Qi Cang Ping Jia Yu Kai Fa
科技创新与生产力,Taiyuan Science and Technology  과기창신여생력,Tai Yuan Ke Ji
物理学进展,Progress in Physics  물리학진전,Wu Li Xue Jin Zhan
科学技术哲学研究,Studies in Philosophy of Science and Technology  과학기술철학구,Ke Xue Ji Shu Yu Bian Zheng Fa
中国科技信息,China Science and Technology Information  중국과기신식,Zhong Guo Ke Ji Xin Xi
宁夏大学学报（自然科学版）,Journal of Ningxia University(Natural Science Edition)  녕하대학학보（자연과학판）,Ning Xia Da Xue Xue Bao （ Zi Ran Ke Xue Ban ）
宁德师范学院学报（自然科学版）,Journal of Ningde Teachers College(Natural Science)  녕덕사범학원학보（자연과학판）,Ning De Shi Zhuan Xue Bao （ Zi Ran Ke Xue Ban ）
广州大学学报（自然科学版）,Journal of Guangzhou University(Natural Science Edition)  광주대학학보（자연과학판）,Guang Zhou Da Xue Xue Bao （ Zi Ran Ke Xue Ban ）
核化学与放射化学,Journal of Nuclear and Radiochemistry  핵화학여방사화학,He Hua Xue Yu Fang She Hua Xue
中学数学,Middle School Mathematics  중학수학,Zhong Xue Shu Xue
内蒙古科技与经济,Inner Mongolia Science Technology and Economy  내몽고과기여경제,Nei Meng Gu Ke Ji Yu Jing Ji
生物学教学,Biology Teaching  생물학학,Sheng Wu Xue Jiao Xue
湖南科技学院学报,Journal of Hunan University of Science and Engineering  호남과기학원학보,Hu Nan Ke Ji Xue Yuan Xue Bao
中北大学学报（自然科学版）,Journal of North University of China（Natural Science Edition)  중북대학학보（자연과학판）,Zhong Bei Da Xue Xue Bao
资源与人居环境,Resourles Inhabitant and Envivanment  자원여인거환경,Zi Yuan Yu Ren Ju Huan Jing
贵阳学院学报（自然科学版）,Journal of Guiyang College(Natural Sciences)  귀양학원학보（자연과학판）,Gui Yang Xue Yuan Xue Bao （ Zi Ran Ke Xue Ban ）
广州化学,Guangzhou Chemistry  광주화학,Guang Zhou Hua Xue
计算数学,Mathematica Numerica Sinica  계산수학,Ji Suan Shu Xue
中国科学：数学（英文版）,Science China(Mathematics)  중국과학수학（영문판）,Zhong Guo Ke Xue A Ji （ Ying Wen Ban ）
海洋石油,Offshore Oil  해양석유,Hai Yang Shi You
西安文理学院学报（自然科学版）,Journal of Xi'an University(Natural Science Edition)  서안문리학원학보（자연과학판）,Xi An Wen Li Xue Yuan Xue Bao （ Zi Ran Ke Xue Ban ）
西南科技大学学报,Journal of Southwest University of Science and Technology  서남과기대학학보,Xi Nan Ke Ji Da Xue Xue Bao
寒旱区科学（英文版）,Sciences in Cold and Arid Regions  한한구과학（영문판）,Han Han Qu Ke Xue （ Ying Wen Ban ）
植物多样性（英文）,Plant Diversity  식물분류여자원학보,Yun Nan Zhi Wu Yan Jiu
淮阴师范学院学报（自然科学版）,Journal of Huaiyin Teachers College(Natural Science Edition)  회음사범학원학보（자연과학판）,Huai Yin Shi Fan Xue Yuan Xue Bao （ Zi Ran Ke Xue Ban ）
地理教学,Geography Teaching,Di Li Jiao Xue
太原科技大学学报,Journal of Taiyuan University of Science and Technology  태원과기대학학보,Tai Yuan Ke Ji Da Xue Xue Bao
浙江万里学院学报,Journal of Zhejiang Wanli University  절강만리학원학보,Zhe Jiang Wan Li Xue Yuan Xue Bao
内蒙古师范大学学报（自然科学汉文版）,Journal of Inner Mongolia Normal University(Natural Science Edition)  내몽고사범대학학보（자연과학한문판）,Nei Meng Gu Shi Fan Da Xue Xue Bao （ Zi Ran Ke Xue Han Wen Ban ）
青岛大学学报（自然科学版）,Journal of Qingdao University(Natural Science Edition)  도대학학보（자연과학판）,Qing Dao Da Xue Xue Bao （ Zi Ran Ke Xue Ban ）
石油管材与仪器,Petroleum Instruments  석유의기,Shi You Yi Qi
齐齐哈尔大学学报（自然科学版）,Journal of Qiqihar University(Natural Science Edition)  제제합이대학학보（자연과학판）,Qi Qi Ha Er Da Xue Xue Bao （ Zi Ran Ke Xue Ban ）
五邑大学学报（自然科学版）,Journal of Wuyi University(Natural Science Edition)  오읍대학학보（자연과학판）,Wu Yi Da Xue Xue Bao （ Zi Ran Ke Xue Ban ）
物理通报,Physics Bulletin  물리통보,Wu Li Tong Bao
亚洲两栖爬行动物研究（英文版）,Asian Herpetological Research  아주량서파행동물구（영문판）,Ya Zhou Liang Qi Pa Xing Dong Wu Yan Jiu （ Ying Wen Ban ）
海洋湖沼学报（英文版）,Journal of Oceanology and Limnology  중국해양호소학보（영문판）,Zhong Guo Hai Yang Hu Zhao Xue Bao （ Ying Wen Ban ）
海洋信息,Marine Information  해양신식,Hai Yang Xin Xi
物理,Physics  물리,Wu Li
低温与超导,Cryogenics and Superconductivity  저온여초도,Di Wen Yu Chao Dao
内陆地震,Inland Earthquake  내륙지진,Nei Lu Di Zhen
中国物理C（英文版）,Chinese Physics　C  중국물리C（영문판）,Zhong Guo Wu Li C （Ying Wen Ban）
设计艺术研究,Design Research  설계예술구,Li Gong Gao Jiao Yan Jiu
华北国土资源,Huabei Land and Resources  화북국토자원,Hua Bei Guo Tu Zi Yuan
理论物理通讯（英文版）,Communications in Theoretical Physics  리론물리통신（영문판）,Li Lun Wu Li Tong Xun （ Ying Wen Ban ）
核聚变与等离子体物理,Nuclear Fusion and Plasma Physics  핵취변여등리자체물리,He Ju Bian Yu Deng Li Zi Ti Wu Li
学会,XUEHUI  학회,Xue Hui
四川师范大学学报（自然科学版）,Journal of Sichuan Normal University(Natural Science)  사천사범대학학보（자연과학판）,Si Chuan Shi Fan Da Xue Xue Bao （ Zi Ran Ke Xue Ban ）
浙江气象,Journal of Zhejiang Meteorology  절강기상,Zhe Jiang Qi Xiang
物探化探计算技术,Computing Techniques for Geophysical and Geochemical Exploration  물탐화탐계산기술,Wu Tan Hua Tan Ji Suan Ji Shu
青海科技,Qinghai Science and Technology  해과기,Qing Hai Ke Ji
沈阳理工大学学报,Transactions of Shenyang Ligong University  심양리공대학학보,Shen Yang Li Gong Da Xue Xue Bao
闽南师范大学学报（自然科学版）,Journal of Zhangzhou Teachers College(Natural Science Edition)  주사범학원학보（자연과학판）,Zhang Zhou Shi Fan Xue Yuan Xue Bao （ Zi Ran Ke Xue Ban ）
中学教研（数学）,ZHONGXUE JIAOYAN(SHUXUE）,Zhong Xue Jiao Yan （ Shu Xue ）
中国海洋大学学报（自然科学英文版）,Journal of Ocean University of China  중국해양대학학보（영문판）,Zhong Guo Hai Yang Da Xue Xue Bao （ Ying Wen Ban ）
内江科技,Nei Jiang Science & Technology  내강과기,Nei Jiang Ke Ji
中国科技史杂志,The Chinese Journal for the History of Science and Technology  중국과기사잡지,Zhong Guo Ke Ji Shi Za Zhi
科学（上海）,Science  과학（상해）,Ke Xue （ Shang Hai ）
陕西地质,Geology of Shaanxi  섬서지질,Shan Xi Di Zhi
化学物理学报（英文版）,Chinese Journal of Chemical Physics  화학물리학보,Hua Xue Wu Li Xue Bao
中国科技术语,China Terminology  중국과기술어,Zhong Guo Ke Ji Shu Yu
上海师范大学学报（自然科学版）,Journal of Shanghai Normal University(Natural Sciences)  상해사범대학학보（자연과학판）,Shang Hai Shi Fan Da Xue Xue Bao （ Zi Ran Ke Xue Ban ）
阜阳师范大学学报（自然科学版）,Journal of Fuyang Normal University(Natural Science)  부양사범학원학보（자연과학판）,Fu Yang Shi Fan Xue Yuan Xue Bao （ Zi Ran Ke Xue Ban ）
固体力学学报（英文版）,Acta Mechanica Solida Sinica  고체력학학보（영문판）,Gu Ti Li Xue Xue Bao （ Ying Wen Ban ）
应用数学,Mathematica Applicata  응용수학,Ying Yong Shu Xue
重庆科技学院学报（自然科学版）,Journal of Chongqing University of Science and Technology(Natural Sciences Edition)  중경과기학원학보（자연과학판）,Chong Qing Ke Ji Xue Yuan Xue Bao （ Zi Ran Ke Xue Ban ）
延边大学学报（自然科学版）,Journal of Yanbian University(Natural Science)  연변대학학보（자연과학판）,Yan Bian Da Xue Xue Bao （ Zi Ran Ke Xue Ban ）
地理教育,Education of Geography  지리육,Di Li Jiao Yu
系统科学与复杂性学报（英文版）,Journal of Systems Science and Complexity,Xi Tong Ke Xue Yu Fu Za Xing Xue Bao （ Ying Wen Ban ）
纯粹数学与应用数学,Pure and Applied Mathematics  순수수학여응용수학,Chun Cui Shu Xue Yu Ying Yong Shu Xue
合成化学,Chinese Journal of Synthetic Chemistry  합성화학,He Cheng Hua Xue
计算数学（英文版）,Journal of Computational Mathematics,Ji Suan Shu Xue （ Ying Wen Ban ）
地质装备,Equipment for Geotechnical Engineering  지질장비,Di Zhi Zhuang Bei
工程数学学报,Chinese Journal of Engineering Mathematics  공정수학학보,Gong Cheng Shu Xue Xue Bao
武汉纺织大学学报,Journal of Wuhan Textile University  무한방직대학학보,Wu Han Ke Ji Xue Yuan Xue Bao
量子光学学报,Acta Sinica Quantum Optica  량자광학학보,Liang Zi Guang Xue Xue Bao
扬州大学学报（自然科学版）,Journal of Yangzhou University(Natural Science Edition)  양주대학학보（자연과학판）,Yang Zhou Da Xue Xue Bao （ Zi Ran Ke Xue Ban ）
安徽理工大学学报（自然科学版）,Journal of Anhui University of Science and Technology(Natural Science)  안휘리공대학학보（자연과학판）,An Hui Li Gong Da Xue Xue Bao （ Zi Ran Ke Xue Ban ）
厦门科技,Xiamen Science & Technology  하문과기,Xia Men Ke Ji
应用数学学报,Acta Mathematicae Applicatae Sinica  응용수학학보,Ying Yong Shu Xue Xue Bao
河北省科学院学报,Journal of the Hebei Academy of Sciences  하북성과학원학보,He Bei Sheng Ke Xue Yuan Xue Bao
运筹学学报,Operations Research Transactions  운주학학보,Yun Chou Xue Xue Bao
中学生物学,Middle School Biology  중학생물학,Zhong Xue Sheng Wu Xue
四川地震,Earthquake Research in Sichuan  사천지진,Si Chuan Di Zhen
数学教学通讯,SHUXUE JIAOXUE TONGXUN,Shu Xue Jiao Xue Tong Xun
云南科技管理,YUNNAN KEJI GUANLI  운남과기관리,Yun Nan Ke Ji Guan Li
中国科学（数学）,Science in China(Series A)  중국과학（수학）,Zhong Guo Ke Xue A Ji
哈尔滨师范大学自然科学学报,Natural Science Journal of Harbin Normal University  합이빈사범대학자연과학학보,Ha Er Bin Shi Fan Da Xue Zi Ran Ke Xue Xue Bao
河北师范大学学报（自然科学版）,Journal of Hebei Normal University(Natural Science Edition)  하북사범대학학보（자연과학판）,He Bei Shi Fan Da Xue Xue Bao （ Zi Ran Ke Xue Ban ）
佳木斯大学学报（自然科学版）,Journal of Jiamusi University(Natural Science Edition)  가목사대학학보（자연과학판）,Jia Mu Si Da Xue Xue Bao （ Zi Ran Ke Xue Ban ）
辽宁科技大学学报,Journal of University of Science and Technology Liaoning  료녕과기대학학보,Liao Ning Ke Ji Da Xue Xue Bao
厦门理工学院学报,Journal of Lujiang University  하문리공학원학보,Xia Men Li Gong Xue Yuan Xue Bao
宝鸡文理学院学报（自然科学版）,Journal of Baoji University of Arts and Sciences(Natural Science Edition)  보문리학원학보（자연과학판）,Bao Ji Wen Li Xue Yuan Xue Bao （ Zi Ran Ke Xue Ban ）
自然科学史研究,Studies in the History of Natural Sciences  자연과학사구,Zi Ran Ke Xue Shi Yan Jiu
合肥学院学报（综合版）,Journal of Hefei University  합비학원학보（자연과학판）,He Fei Xue Yuan Xue Bao （ Zi Ran Ke Xue Ban ）
荆楚理工学院学报,Journal of Jingchu University of Technology  형초리공학원학보,Jing Men Zhi Ye Ji Shu Xue Yuan Xue Bao
青海国土经略,QINGHAI GUOTU JINGLUE  해국토경략,Qing Hai Guo Tu Jing Lue
高校应用数学学报B辑（英文版）,Applied Mathematics A Journal of Chinese Universities，B  고교응용수학학보B집,Gao Xiao Ying Yong Shu Xue Xue Bao B Ji
数学物理学报（英文版）,Acta Mathematica Scientia  수학물리학보（영문판）,Shu Xue Wu Li Xue Bao （ Ying Wen Ban ）
新乡学院学报,Journal of Xinxiang University  신학원학보（자연과학판）,Xin Xiang Xue Yuan Xue Bao （ Zi Ran Ke Xue Bao ）
浙江国土资源,Zhejinag Land & Resources  절강국토자원,Zhe Jiang Guo Tu Zi Yuan
伊犁师范学院学报（自然科学版）,Journal of Ili Normal University(Natural Science Edition)  이리사범학원학보（자연과학판）,Yi Li Shi Fan Xue Yuan Xue Bao （Zi Ran Ke Xue Ban）
数学杂志,Journal of Mathematics  수학잡지,Shu Xue Za Zhi
汕头大学学报（自然科学版）,Journal of Shantou University(Natural Science Edition)  산두대학학보（자연과학판）,Shan Tou Da Xue Xue Bao （ Zi Ran Ke Xue Ban ）
中学数学杂志（初中版）,ZHONGXUE SHUXUE ZAZHI(CHUZHONG BAN)  중학수학잡지（초중판）,Zhong Xue Shu Xue Za Zhi （ Chu Zhong Ban ）
牡丹江大学学报,Journal of Mudanjiang University,Mu Dan Jiang Da Xue Xue Bao
地球空间信息科学学报（英文版）,Geospatial Information Science  지구공간신식과학학보（영문판）,Di Qiu Kong Jian Xin Xi Ke Xue Xue Bao （ Ying Wen Ban ）
常熟理工学院学报,Journal of Changshu Institute of Technology  상숙리공학원학보,Chang Shu Li Gong Xue Yuan Xue Bao
世界地质（英文版）,Global Geology  세계지질（영문판）,Shi Jie Di Zhi （ Ying Wen Ban ）
福建地质,Geology of Fujian  복건지질,Fu Jian Di Zhi
数学年刊A辑,"Chinese Annals of Mathematics,Series A  수학년간A집",Shu Xue Nian Kan A Ji
海洋通报（英文版）,Marine Science Bulletin  해양통보（영문판）,Hai Yang Tong Bao （ Ying Wen Ban ）
力学快报（英文）,Theoretical & Applied Mechanics Letters,Li Xue Kuai Bao （Ying Wen Ban ）
太原师范学院学报（自然科学版）,Journal of Taiyuan Normal University(Natural Science Edition)  태원사범학원학보（자연과학판）,Tai Yuan Shi Fan Xue Yuan Xue Bao （ Zi Ran Ke Xue Ban ）
求知导刊,Journal of Seeking Knowledge Guide,Qiu Zhi Dao Kan
吉林地质,Jilin Geology  길림지질,Ji Lin Di Zhi
数学教学研究,Research of Mathematic Teaching-Learning  수학학구,Shu Xue Jiao Xue Yan Jiu
集美大学学报（自然科学版）,Journal of Jimei University(Natural Science)  집미대학학보（자연과학판）,Ji Mei Da Xue Xue Bao （ Zi Ran Ke Xue Ban ）
科技中国,Science and Technology in China,Ke Ji Zhong Guo
动物分类学报,Acta Zootaxonomica Sinica  동물분류학보,Dong Wu Fen Lei Xue Bao
高技术通讯（英文版）,High Technology Letters  고기술통신（영문판）,Gao Ji Shu Tong Xun （ Ying Wen Ban ）
数学进展,Advances in Mathematics(China)  수학진전,Shu Xue Jin Zhan
黑龙江气象,Heilongjiang Meteorology  흑룡강기상,Hei Long Jiang Qi Xiang
地球化学学报（英文版）,Acta Geochimica  중국지구화학학보（영문판）,Zhong Guo Di Qiu Hua Xue Xue Bao （ Ying Wen Ban ）
中学数学月刊,The Monthly Journal of High School Mathematics  중학수학월간,Zhong Xue Shu Xue Yue Kan
蛛形学报,Acta Arachnologica Sinica  주형학보,Zhu Xing Xue Bao
古脊椎动物学报,Vertebrata Palasiatica  고척추동물학보,Gu Ji Zhui Dong Wu Xue Bao
自然科学进展·国际材料（英文）,Progress in Natural Science：Materials International  자연과학진전（영문판）,Zi Ran Ke Xue Jin Zhan （ Ying Wen Ban ）
中学数学研究,Studies in Middle School Math Guangdong  중학수학구,Zhong Xue Shu Xue Yan Jiu
数学研究通讯,Communications in Mathematical Research  수학구통신,Dong Bei Shu Xue （ Ying Wen Ban ）
国际生物制品学杂志,International Journal of Biologicals  국제생물제품학잡지,Guo Ji Sheng Wu Zhi Pin Xue Za Zhi
南方国土资源,NanFang GuoTu ZiYuan  남방국토자원,Nan Fang Guo Tu Zi Yuan
高等学校计算数学学报,Numerical Mathematics A Journal of Chinese Universities  고등학교계산수학학보,Gao Deng Xue Xiao Ji Suan Shu Xue Xue Bao
物探装备,Equipment for Geophysical Prospecting  물탐장비,Wu Tan Zhuang Bei
现代物理知识,Modern Physics,Xian Dai Wu Li Zhi Shi
中国数学前沿,Frontiers of Mathematics in China,Zhong Guo Shu Xue Qian Yan
天文和天体物理学研究,Research in Astronomy and Astrophysics  천문화천체물리학구,Tian Wen He Tian Ti Wu Li Xue Yan Jiu
数学学报,Acta Mathematica Sinica  수학학보,Shu Xue Xue Bao
摩擦（英文）,Mo Ca （Ying Wen Ban）
福建中学数学,FUJIAN ZHONGXUE SHUXUE,Fu Jian Zhong Xue Shu Xue
高原地震,Plateau Earthquake Research  고원지진,Gao Yuan Di Zhen
安徽科技,Anhui Science & Technology  안휘과기,An Hui Ke Ji
化石,Fossils  화석,Hua Shi
高等学校计算数学学报（英文版）,"Numerical Mathematics Theory, Methods and Applications  고등학교계산수학학보（영문판）",Gao Deng Xue Xiao Ji Suan Shu Xue Xue Bao （ Ying Wen Ban ）
低温物理学报,Chinese Journal of Low Temperature Physics  저온물리학보,Di Wen Wu Li Xue Bao
云南地质,Yunnan Geology  운남지질,Yun Nan Di Zhi
原子核物理评论,Nuclear Physics Review  원자핵물리평론,Yuan Zi He Wu Li Ping Lun
应用数学与计算数学学报,Communication on applied mathematics and computation  응용수학여계산수학학보,Ying Yong Shu Xue Yu Ji Suan Shu Xue Xue Bao
中等数学,High-School Mathematics  중등수학,Zhong Deng Shu Xue
中学数学杂志（高中版）,Zhongxue Shuxue Zazhe(Gaozhong Ban)  중학수학잡지（고중판）,Zhong Xue Shu Xue Za Zhi （ Gao Zhong Ban ）
上海中学数学,School Mathematics in Shanghai  상해중학수학,Shang Hai Zhong Xue Shu Xue
科技创新与品牌,Sci-tech Innovations and Brands,Ke Ji Chuang Xin Yu Pin Pai
科学文化评论,Science & Culture Review  과학문화평론,Ke Xue Wen Hua Ping Lun
生物物理学报,Acta Biophysica Sinica  생물물리학보,Sheng Wu Wu Li Xue Bao
中学数学教学,Middle School Mathematics Teaching  중학수학학,Zhong Xue Shu Xue Jiao Xue
数学研究及应用,Journal of Mathematical Research with Applications  수학구여평론,Shu Xue Yan Jiu Yu Ping Lun
国际地震动态,Recent Developments in World Seismology  국제지진동태,Guo Ji Di Zhen Dong Tai
北京理工大学学报（英文版）,Journal of Beijing Institute of Technology  북경리공대학학보（영문판）,Bei Jing Li Gong Da Xue Xue Bao （ Ying Wen Ban ）
鸟类学研究（英文版）,Avian Research  중국조류,Zhong Guo Niao Lei
科学与信息化,Kexue yu Xinxihua,Ke Xue Yu Xin Xi Hua
数学学报（英文版）,Acta Mathematica Sinica,Shu Xue Xue Bao （ Ying Wen Ban ）
科学教育与博物馆,Science Education and Museums,Ke Xue Jiao Yu Yu Bo Wu Guan
应用泛函分析学报,Acta Analysis Functionalis Applicata  응용범함분석학보,Ying Yong Fan Han Fen Xi Xue Bao
应用数学学报（英文版）,Acta Mathematicae Applicatae Sinica,Ying Yong Shu Xue Xue Bao （ Ying Wen Ban ）
数学研究,Journal of Mathematical Study  수학구,Shu Xue Yan Jiu
动物学报（英文版）,Current Zoology  동물학보（영문판）,Dong Wu Xue Bao
发现,Faxian,Fa Xian （Jiao Yu Ban）
中国科技成果,China Science and Technology Achievements  중국과기성과,Zhong Guo Ke Ji Cheng Guo
数学季刊（英文版）,Chinese Quarterly Journal of Mathematics  수학계간（영문판）,Shu Xue Ji Kan （ Ying Wen Ban ）
科技纵览
资源导刊,Ziyuan Daokan  자원도간,Zi Yuan Dao Kan
中国地震研究（英文版）,Earthquake Research in China  중국지진구（영문판）,Zhong Guo Di Zhen Yan Jiu （ Ying Wen Ban ）
数学年刊B辑（英文版）,"Chinese Annals of Mathematics,Series B  수학년간B집（영문판）",Shu Xue Nian Kan B Ji （ Ying Wen Ban ）
生命世界,Life World,Sheng Ming Shi Jie
偏微分方程（英文版）,Journal of Partial Differential Equations,Pian Wei Fen Fang Cheng （ Ying Wen Ban ）
地球与行星物理论评,Reviews of Geophysiscs and Planetary Physics,Shi Jie Di Zhen Yi Cong
生物学前沿,Frontiers in Biology
知识就是力量,Knowledge is Power  지식취시력량,Zhi Shi Jiu Shi Li Liang
大自然,China Nature  대자연,Da Zi Ran
分析、理论与应用（英文版）,Analysis in Theory and Applications  분석리론여응용（영문판）,Fen Xi 、 Li Lun Yu Ying Yong （ Ying Wen Ban ）
资源导刊·信息化测绘版,Resources Guide·Informative Surveying
空间碎片研究
科学大众（中学生）,Popular Science  과학대（중학판）,Ke Xue Da Zhong （ Zhong Xue Ban ）
广西师范学院学报（自然科学版）,Journal of Guangxi Teachers Education University(Natural Science Edition)  광서사범학원학보（자연과학판）,Guang Xi Shi Fan Xue Yuan Xue Bao （ Zi Ran Ke Xue Ban ）
解放军理工大学学报（综合版）,Journal of PLA University of Science and Technology（Humanities and Social Sciences Edition）,Jie Fang Jun Li Gong Da Xue Xue Bao （ Zong He Ban ）
气象知识,Meteorological Knowledge,Qi Xiang Zhi Shi
中国科学技术史（英文）,Chinese Annals of History of Science and Technology
读写算（科技知识动漫）,Comic of Science and Technology  과기지식동만,Ke Ji Zhi Shi Dong Man
科技信息（学术版）,Science & Technology Information  과기신식（학술판）,Ke Ji Xin Xi （ Xue Shu Ban ）
地球与行星物理（英文）,Earth and Planetary Physics
广东技术师范学院学报(自然科学版),JOURNAL OF GUANGDONG POLYECHNIC NORMAL UNIVERSITY  광동기술사범학원학보(자연과학판),Guang Dong Ji Shu Shi Fan Xue Yuan Xue Bao （ Zi Ran Ke Xue Ban ）
植物生态学报（英文版）,Journal of Plant Ecology
科技致富向导,KEJI ZHIFU XIANGDAO  과기치부향도,Ke Ji Zhi Fu Xiang Dao
南阳理工学院学报,Journal of Nanyang Institute of Technology  남양리공학원학보,Nan Yang Li Gong Xue Yuan Xue Bao
智能城市,Intelligent City
福建地震,Fujian Seismology,Fu Jian Di Zhen
大科技·百科新说,Super Science-baike xinshuo  대과기·백과신설,Da Ke Ji · Bai Ke Xin Shuo
气体分离动态（内部资料）,QITI FENLI DONGTAI,Qi Ti Fen Li Dong Tai （ Nei Bu Zi Liao ）
科技经济导刊,Technology and Economic Guide,Ke Ji Jing Ji Dao Kan
数学教学,Math Teaching,Shu Xue Jiao Xue
植物生理与分子生物学学报,Journal of Plant Physiology and Molecular Biology  식물생리여분자생물학학보,Zhi Wu Sheng Li Yu Fen Zi Sheng Wu Xue Xue Bao
奥秘,Aomi Pictorial,Ao Mi
百科论坛电子杂志,Encyclopedia Form
国外科技资料目录-地质学分册,GUOWAI KEJI ZILIAO MULU-DIZHIXUE FENCE,Guo Wai Ke Ji Zi Liao Mu Lu - Di Zhi Xue Fen Ce
气象仪器装备,QIXIANG YIQI ZHUANGBEI,Qi Xiang Yi Qi Zhuang Bei
辽宁自然资源,LiaoNing Natural Resources
数学小灵通（1-2年级）,SHUXUE XIAO LINGTONG,Shu Xue Xiao Ling Tong （ 1 - 2 Nian Ji ）
探索科学,Explore Science,Tan Suo Ke Xue
西北地质科学,Northwest Geoscience  서북지질과학,Xi Bei Di Zhi Ke Xue
中外科技信息,Science & Technology International,Zhong Wai Ke Ji Xin Xi
湘潭师范学院学报（自然科学版）,Journal of Xiangtan Normal University（Natural Science Edition）  상담사범학원학보（자연과학판）,Xiang Tan Shi Fan Xue Yuan Xue Bao （ Zi Ran Ke Xue Ban ）
大学物理（物理教育专刊）,DAXUE WULI(WULI JIAOYU ZHUANKAN),Da Xue Wu Li （ Wu Li Jiao Yu Zhuan Kan ）
华东昆虫学报,Entomological Journal of East China  화동곤충학보,Hua Dong Kun Chong Xue Bao
珠算与珠心算,ZHUSUAN YU ZHUXINSUAN
紫金山天文台台刊,ZIJINSHAN TIANWENTAI TAIKAN,Zi Jin Shan Tian Wen Tai Tai Kan
科技文萃,Digest of Science and Technology  과기문췌,Ke Ji Wen Cui
科技信息,Science & Technology Information  과기신식,Ke Ji Xin Xi
黑河科技,Heihe Science and Technology  흑하과기,Hei He Ke Ji
大科技·科学之谜,Super Science - Mystery of Science  대과기·과학지미,Da Ke Ji · Ke Xue Zhi Mi
气象水文装备,Meteorological and Hydrological Equipments,Qi Xiang Shui Wen Zhuang Bei
科技创业,Pioneering With Science and Technology  과기창업,Ke Ji Chuang Ye
科技富友,Wealth Friend,Ke Ji Fu You
数学之友
科学时代,KEXUE SHIDAI  과학시대（상반월）,Ke Xue Shi Dai
百科知识,Encyclopedic Knowledge,Bai Ke Zhi Shi
中国测绘,China Surveying and Mapping  중국측회,Zhong Guo Ce Hui
资源导刊·地质旅游版,Resources Guide·Geological Tourism,Zi Yuan Dao Kan · Di Zhi Lv You Ban
测绘软科学研究,Research on Soft Science of Surveying and Mapping  측회연과학구,Ce Hui Ruan Ke Xue Yan Jiu
科学新闻,Science News,Ke Xue Xin Wen
中学化学,Middle School Chemistry,Zhong Xue Hua Xue
技术物理教学,Technical Physics Teaching  기술물리학,Ji Shu Wu Li Jiao Xue
现代科技（现代物业下旬刊）,Modern Science and Technology  현대과기（현대물업하순간）,Xian Dai Ke Ji （ Xian Dai Wu Ye Xia Xun Kan ）
系统建模与仿真（英文版）,System Modeling & Simulation,Xi Tong Jian Mo Yu Fang Zhen （ Ying Wen Ban ）
安顺科技,Anshun Science and Technology,An Shun Ke Ji
农经,Agriculture Economics  농경,Hua Xia Xing Huo
生物安全与健康 （英文）,Biosafety and Health
中国科教创新导刊,China Education Innovation Herald  중국과창신도간,Zhong Guo Ke Jiao Chuang Xin Dao Kan
代数集刊（英文版）,Algebra Colloquium,Dai Shu Ji Kan （ Ying Wen Ban ）
科幻世界,Science Fiction World,Ke Huan Shi Jie
新科幻（文学原创）,XINKEHUSN  신과환,Ke Huan Da Wang
齐鲁珠坛,Qilu Zhusuan Tribune,Qi Lu Zhu Tan
热带气象学报（英文版）,Journal of Tropical Meteorology  열대기상학보（영문판）,Re Dai Qi Xiang Xue Bao （ Ying Wen Ban ）
科协论坛（上半月）,Science & Technology Association Forum
地震学报（英文版）,Earthquake Science  지진학보（영문판）,Di Zhen Xue Bao （ Ying Wen Ban ）
苏南科技开发,Sunan Sci-Tech Devel  소남과기개발,Su Nan Ke Ji Kai Fa
数学小灵通（5-6年级）,SHUXUE XIAO LINGTONG,Shu Xue Xiao Ling Tong （ 5 - 6 Nian Ji ）
数学译林,Mathematics Translations,Shu Xue Yi Lin
中国地名,Chinese toponymy,Zhong Guo Di Ming
江苏科技信息（学术研究）,Jiangsu Science & Technology Information  강소과기신식（학술구）,Jiang Su Ke Ji Xin Xi （ Xue Shu Yan Jiu ）
中国科学数据（中英文网络版）,China Scientific Data
定量生物学（英文版）,Quantitative Biology
世界科幻博览,SHIJIE KEHUAN BOLAN  세계과환박람,Shi Jie Ke Huan Bo Lan
中国科学院上海天文台年刊,Annals of Shanghai Observatory Academica Sinica,Zhong Guo Ke Xue Yuan Shang Hai Tian Wen Tai Nian Kan
科学与文化,Science and Culture  과학여문화,Ke Xue Yu Wen Hua
数学小灵通（3-4年级）,SHUXUE XIAO LINGTONG,Shu Xue Xiao Ling Tong （ 3 - 4 Nian Ji ）
防灾博览,Overview of Disaster Prevention  방재박람,Fang Zai Bo Lan
资源导刊·地球科技版,Resources Guide·Earth Science and Technology,Zi Yuan Dao Kan · Di Qiu Ke Ji Ban
测绘文摘,Abstracts of Surveying and Mapping,Ce Hui Wen Zhai
江西地质,Jiangxi Geology  강서지질,Jiang Xi Di Zhi
大地构造与成矿学（英文版）,Geotectonica et Metallogenia  대지구조여성학（영문판）,Da Di Gou Zao Yu Cheng Kuang Xue （ Ying Wen Ban ）
化学通报（网络版）,Chemistry Online,Hua Xue Tong Bao （ Wang Luo Ban ）
大科技·科技天地,Super Science  대과기·과기천지,Da Ke Ji · Ke Ji Tian Di
科学（重庆）,Science American,Ke Xue （ Zhong Qing ）
中国生物学文摘,Chinese Biological Abstracts,Zhong Guo Sheng Wu Xue Wen Zhai
河北地质,Hebei Geology,He Bei Di Zhi
科学启蒙,Science Intiation,Ke Xue Qi Meng
青少年科技博览,Science Review for Juvenile,Qing Shao Nian Ke Ji Bo Lan
发育与生殖生物学学报（英文版）,Developmental & Reproductive Biology,Fa Yu Yu Sheng Zhi Sheng Wu Xue Xue Bao （ Ying Wen Ban ）
中国人体科学,Chinese Journal of Somatic Science,Zhong Guo Ren Ti Ke Xue
海岸生命医学杂志(英文版),Journal of Coastal Life medicine,Hai An Sheng Ming Yi Xue Za Zhi （ Ying Wen Ban ）
高中数学教与学,GAOZHONG SHUXUE JIAO YU XUE,Gao Zhong Shu Xue Jiao Yu Xue
福建论坛（社科教育版）,Fujian Tribune (A Economics & Sociology Monthly)  복건론단（사과육판）,Fu Jian Lun Tan （ She Ke Jiao Yu Ban ）
宁夏科技,Ningxia Science and Technology,Ning Xia Ke Ji
大科技,Super Science,Dkj
科学24小时,Science in 24 Hours  과학24소시,Ke Xue 2 4 Xiao Shi
海洋科学集刊,Studia Marina Sinica,Hai Yang Ke Xue Ji Kan
江苏科技成果通报,Jiangsu Bulletin of Scientific and Technical Achievement  강소과기성과통보,Jiang Su Ke Ji Cheng Guo Tong Bao
数学大王,Shuxue Dawang  수학대왕,Shu Xue Da Wang
生物设计与制造（英文）,Bio-Design and Manufacturing 
非线性动力学学报,Journal of Nonlinear Dynamics in Science and Technilogy,Fei Xian Xing Dong Li Xue Xue Bao
中国科技财富,Fortune World  중국과기재부,Zhong Guo Ke Ji Cai Fu
银川科技,Yinchuan Science & Technology,Yin Chuan Ke Ji
科技创业家,TECHNOLOGICAL PIONEERS  과기창업가,Ke Ji Chuang Ye Jia
中国学术期刊文摘,Chinese Science Abstracts,Zhong Guo Xue Shu Qi Kan Wen Zhai
长江大学学报（自科版）医学下旬刊,Journal of Yangtze University(Natural Science Edition)  장강대학학보（자과판）의학권,Chang Jiang Da Xue Xue Bao （ Zi Ke Ban ） Yi Xue Juan
世界科学,World Science  세계과학,Shi Jie Ke Xue
科技与企业,KEJI YU QIYE  과기여기업,Ke Ji Yu Qi Ye
山东师范大学学报（自然科学版）,Journal of Shandong Normal University(Natural Science)  산동사범대학학보（자연과학판）,Shan Dong Shi Fan Da Xue Xue Bao （ Zi Ran Ke Xue Ban ）
四川轻化工大学学报（自然科学版）,Journal of University of Science & Engineering（Natural Science Edition）
动物世界,DONGWU SHIJIE,Dong Wu Shi Jie
科技创新发展战略研究,Strategy for Innovation and Development of Science and Technology
中国科学院院刊（英文版）,Bulletin of the Chinese Academy of Sciences  중국과학원원간（영문판）,Zhong Guo Ke Xue Yuan Yuan Kan （ Ying Wen Ban ）
大地纵横,Overview of the Earth  대지종횡,Da Di Zong Heng
中国地质（英文）,China Geology
黄金地质,Gold Geology  황김지질,Huang Jin Di Zhi
科协论坛（下半月）,Science & Technology Association Forum  과협론단（하반월）,Ke Xie Lun Tan （ Xia Ban Yue ）
华北自然资源,HuaBei Natural Resources
数学通讯,SHUXUE TONGXUN,Shu Xue Tong Xun
河南科技,Journal of Henan Science and Technology  하남과기,He Nan Ke Ji
广东地质,Guangdong Geology  광동지질,Guang Dong Di Zhi
汕头科技,Shantou Sci-Tech,Shan Tou Ke Ji
黑龙江地质,Heilongjiang Geology,Hei Long Jiang Di Zhi
走近科学,Approaches to Science,Zou Jin Ke Xue
西藏科技,Tibet's Science & Technology  서장과기,Xi Cang Ke Ji
反应性高分子（英文版）,Chinese Journal of Reactive Polymers  반응성고분자（영문판）,Fan Ying Xing Gao Fen Zi （ Ying Wen Ban ）
高能物理与核物理,High Energy Physics and Nuclear Physics  고능물리여핵물리,Gao Neng Wu Li Yu He Wu Li
华东科技,East China Science Technology  화동과기,Hua Dong Ke Ji
科学大观园,Grand Garden of Science  과학대관원,Ke Xue Da Guan Yuan
科技新时代,Popular Science,Ke Ji Xin Shi Dai
科学观察,Science Focus
热带地貌,Tropical Geomorphology,Re Dai Di Mao
自然科学进展,Progress in Natural Science  자연과학진전,Zi Ran Ke Xue Jin Zhan
科学之友,Friend of Science Amateurs  과학지우,Ke Xue Zhi You
系统科学与信息学报（英文版）,Journal of Systems Science and Information,Xi Tong Ke Xue Yu Xin Xi Xue Bao （Ying Wen Ban）
黑龙江国土资源,HEILONGJIANG GUOTU ZIYUAN,Hei Long Jiang Guo Tu Zi Yuan
大自然探索,Discovery of Nature  대자연탐색,Da Zi Ran Tan Suo
中国化学前沿,Frontiers of Chemistry in China,Zhong Guo Hua Xue Qian Yan
自然资源通讯,National Land & Resources Information  국토자원통신,Guo Tu Zi Yuan Tong Xun
中国方域－行政区划与地名,Chinese Territory Administrative Divisions and Place Names,Zhong Guo Fang Yu － Xing Zheng Qu Hua Yu Di Ming
深圳特区科技,Shenzhen Science & Technology  심특구과기,Shen Zhen Te Qu Ke Ji
生物组学研究杂志（英文）,Journal of Bio-X Research
测绘学报（英文版）,Journal of Geodesy and Geoinformation Science
科园月刊,Keyuan Monthly Publication  과원월간,Ke Yuan Yue Kan
华南地质,South China Geology  화남지질여,Hua Nan Di Zhi Yu Kuang Chan
武汉理工大学学报,Journal of Wuhan University of Technology  무한리공대학학보,Wu Han Li Gong Da Xue Xue Bao
北京科技动态,Beijing Scientific-Technological Developments,Bei Jing Ke Ji Dong Tai
科学大众（小诺贝尔）,Popular Science  과학대（소학판）,Ke Xue Da Zhong （ Xiao Xue Ban ）
恐龙,Dinosaur  공룡,Kong Long
海陆空天惯性世界,Naas & Inertial Technology,Hai Lu Kong Tian Guan Xing Shi Jie
系统工程与电子技术（英文版）,Journal of Systems Engineering and Electronics  계통공정여전자기술（영문판）,Xi Tong Gong Cheng Yu Dian Zi Ji Shu （ Ying Wen Ban ）
大陆动力学（英文版）,Continental Dynamics,Da Lu Dong Li Xue （ Ying Wen Ban ）
科学咨询,Scientific Consult  과학자순,Ke Xue Zi Xun
上海科坛,SHANGHAI KETAN,Shang Hai Ke Tan
石油天然气学报,Journal of Oil and Gas Technology  석유천연기학보,Shi You Tian Ran Qi Xue Bao
南京大学学报（数学半年刊）,Journal of Nanjing University Mathematical Biquarterly  남경대학학보（수학반년간）,Nan Jing Da Xue Xue Bao （ Shu Xue Ban Nian Kan ）
初中数学教与学,CHUZHONG SHUXUE JIAO YU XUE,Chu Zhong Shu Xue Jiao Yu Xue
解放军理工大学学报（自然科学版）,Journal of PLA University of Science and Technology(Natural Science Edition)  해방군리공대학학보（자연과학판）,Jie Fang Jun Li Gong Da Xue Xue Bao （ Zi Ran Ke Xue Ban ）
数学理论与应用,Mathematical Theory and Applications,Shu Xue Li Lun Yu Ying Yong
科学家,Technology and life  과기여생활,Ke Ji Yu Sheng Huo
科技成果纵横,Perspectives of Scientific and Technological Achievement  과기성과종횡,Ke Ji Cheng Guo Zong Heng
发现（教育版）,FAXIAN,Fa Xian
光谱实验室,Chinese Journal of Spectroscopy Laboratory  광보실험실,Guang Pu Shi Yan Shi
中国气象科学研究院年报,Annual Report of Cams  중국기상과학구원년보,Zhong Guo Qi Xiang Ke Xue Yan Jiu Yuan Nian Bao
地图,Map  지도,Di Tu
生物数学学报,Journal of Biomathematics  생물수학학보,Sheng Wu Shu Xue Xue Bao
南宁师范大学学报（自然科学版）,Journal of Nanning Normal University（Natural Scinence Edition）
幕-国际地学杂志（英文版）,Episodes Journal of International Geoscience,Mu - Guo Ji Di Xue Za Zhi （ Ying Wen Ban ）
北京地质,Beijing Geology,Bei Jing Di Zhi
柳州科技,LIUZHOU KEJI,Liu Zhou Ke Ji
新科幻（科学阅读）,XINKEHUSN  신과환(문적판),Xin Ke Huan （ Wen Zhai Ban ）
中国力学文摘,Chinese Mechanics Abstracts,Zhong Guo Li Xue Wen Zhai
广西物理,Guangxi Physics,Guang Xi Wu Li
中学数学教学参考,Maths Teaching Middle Schools,Zhong Xue Shu Xue Jiao Xue Can Kao
甘肃地质,Acta Geologica Gansu,Gan Su Di Zhi
干旱区研究（维文版）,GANHANQU YANJIU(WENWEN BAN),Gan Han Qu Yan Jiu （ Wei Wen Ban ）
科学生活,Science-Life,Ke Xue Sheng Huo
中国国家地理,Chinese National Geography,Zhong Guo Guo Jia Di Li
合成生物学,Synthetic Biology Journal
中国地球物理学会年刊,Annual of the Chinese Geophysical Society,Zhong Guo Di Qiu Wu Li Xue Hui Nian Kan
今日科苑,Modern Science
数学小灵通,SHUXUE XIAO LINGTONG,Shu Xue Xiao Ling Tong
中国科技月报,China Science & Technology Monthly,Zhong Guo Ke Ji Yue Bao
中国科技纵横,China Science & Technology Overview  중국과기종횡,Zhong Guo Ke Ji Zong Heng
中山大学研究生学刊（自然科学版）,Journal of the Graduates Sun-yatshen University(Natural Science Edition),Zhong Shan Da Xue Yan Jiu Sheng Xue Kan （ Zi Ran Ke Xue Ban ）
中国科学探险,Zhongguo Kexue Tansuo,Zhong Guo Ke Xue Tan Xian
科学（北京）,Science  과학（북경）,Ke Xue （ Bei Jing ）
大重科技,DAZHONG KEJI,Da Zhong Ke Ji
新疆师范大学学报（自然科学版）（维文版）,XINJIANG SHIFAN DAXUE XUEBAO(ZIRAN KEXUE BAN)(WEIWEN BAN),Xin Jiang Shi Fan Da Xue Xue Bao （ Zi Ran Ke Xue Ban ） （ Wei Wen Ban ）
海洋世界,Ocean World,Hai Yang Shi Jie
科技广场,Science Mosaic  과기광장,Ke Ji Guang Chang
中国地质文摘（英文版）,Abstracts of Chinese Geological Literature,Zhong Guo Di Zhi Wen Zhai （ Ying Wen Ban ）
科技潮,The Tide of Science & Technology  과기조,Ke Ji Chao
信息周刊,Information Week
安徽科技与企业,Anhui Technology and Enterprises,An Hui Ke Ji Yu Qi Ye
科学画报,Science Pictorial,Ke Xue Hua Bao
测绘质量监督与管理,CEHUI ZHILIANG JIANDU YU GUANLI,Ce Hui Zhi Liang Jian Du Yu Guan Li
苏州大学学报（自然科学版）,Journal of Suzhou University Natural Science Edition  소주대학학보（자연과학판）,Su Zhou Da Xue Xue Bao （ Zi Ran Ke Xue Ban ）
科技指标研究,Research on Science and Technology Index
长江大学学报（自科版）石油/农学中旬刊,Journal of Yangtze University(Natural Science Edition)  장강대학학보（자과판）농학권,Chang Jiang Da Xue Xue Bao （ Zi Ke Ban ） Nong Xue Juan
中国西部科技,Science and Technology of West China  중국서부과기,Zhong Guo Xi Bu Ke Ji
黄河科技学院学报,Journal of HuangHe S&T College
中国防雷,China Lightning Protection,Zhong Guo Fang Lei
食药用菌,Edible and Medicinal Mushrooms
科学中国人,Scientific Chinese  과학중국인,Ke Xue Zhong Guo Ren
江苏科技信息（科技创业）,Technology Entrepreneurship  강소과기신식（과기창업）,Jiang Su Ke Ji Xin Xi （ Ke Ji Chuang Ye ）
Newton-科学世界,Newton-Science World,NEWTON - Ke Xue Shi Jie
生物进化
微分方程年刊（英文版）,Annals of Differential Equations,Wei Fen Fang Cheng Nian Kan （ Ying Wen Ban ）
地震科学进展,Progress in Earthquake Sciences
西藏大学学报（自然科学版）,Journal of Tibet University  서장대학학보（자연과학판）,Xi Zang Da Xue Xue Bao （ Zi Ran Ke Xue Ban ）
