中国社会科学,Social Sciences in China,Zhong Guo She Hui Ke Xue
人口研究,Population Research  인구구,Ren Kou Yan Jiu
社会学研究,Sociological Studies,She Hui Xue Yan Jiu
中国人口·资源与环境,China Population Resources and Environment  중국인구·자원여환경,Zhong Guo Ren Kou · Zi Yuan Yu Huan Jing
南京农业大学学报（社会科学版）,Journal of Nanjing Agricultural University (Social Sciences Edition)  남경농업대학학보（사회과학판）,Nan Jing Nong Ye Da Xue Xue Bao （ She Hui Ke Xue Ban ）
社会,Society  사회,She Hui
人口学刊,Population Journal  인구학간,Ren Kou Xue Kan
中国人口科学,Chinese Journal of Population Science  중국인구과학,Zhong Guo Ren Kou Ke Xue
中国农业大学学报（社会科学版）,Journal of China Agricultural University (Social Sciences Edition)  중국농업대학학보（사회과학판）,Zhong Guo Nong Ye Da Xue Xue Bao （ She Hui Ke Xue Ban ）
人口与经济,Population & Economics,Ren Kou Yu Jing Ji
体育学研究,Journal of Nanjing Institute of Physical Education (Social Sciences)  남경체육학원학보（사회과학판）,Nan Jing Ti Yu Xue Yuan Xue Bao （ She Hui Ke Xue Ban ）
新疆师范大学学报（哲学社会科学版）,Journal of Xinjiang Normal University (Edition of Philosophy and Social Sciences)  신강사범대학학보（철학사회과학판）,Xin Jiang Shi Fan Da Xue Xue Bao （ Zhe Xue She Hui Ke Xue Ban ）
西北农林科技大学学报（社会科学版）,Journal of Northwest A&F University (Social Science Edition)  서북농림과기대학학보（사회과학판）,Xi Bei Nong Lin Ke Ji Da Xue Xue Bao （ She Hui Ke Xue Ban ）
中国性科学,Chinese Journal of Human Sexuality  중국성과학,Zhong Guo Xing Ke Xue
武汉大学学报（哲学社会科学版）,Wuhan University Journal (Philosophy & Social Sciences)  무한대학학보（철학사회과학판）,Wu Han Da Xue Xue Bao （ Zhe Xue She Hui Ke Xue Ban ）
统计研究,Statistical Research  통계구,Tong Ji Yan Jiu
华中农业大学学报（社会科学版）,Journal of Huazhong Agricultural University (Social Sciences Edition)  화중농업대학학보（사회과학판）,Hua Zhong Nong Ye Da Xue Xue Bao （ She Hui Ke Xue Ban ）
人文地理,Human Geography  인문지리,Ren Wen Di Li
吉首大学学报（社会科学版）,Journal of Jishou University (Social Sciences Edition)  길수대학학보（사회과학판）,Ji Shou Da Xue Xue Bao （ She Hui Ke Xue Ban ）
华南农业大学学报（社会科学版）,Journal of South China Agricultural University (Social Science Edition)  화남농업대학학보（사회과학판）,Hua Nan Nong Ye Da Xue Xue Bao （ She Hui Ke Xue Ban ）
东北亚论坛,Northeast Asia Forum  동북아론단,Dong Bei Ya Lun Tan
清华大学学报（哲学社会科学版）,Journal of Tsinghua University(Philosophy and Socia Sciences),Qing Hua Da Xue Xue Bao （ Zhe Xue She Hui Ke Xue Ban ）
探索,Probe  탐색,Tan Suo
城市发展研究,Urban Development Studies  성시발전구,Cheng Shi Fa Zhan Yan Jiu
南亚研究,South Asian Studies  남아구,Nan Ya Yan Jiu
中南林业科技大学学报（社会科学版）,Journal of Central South University of Forestry & Technology (Social Sciences)  중남림업과기대학학보（사회과학판）,Zhong Nan Lin Ye Ke Ji Da Xue Xue Bao （ She Hui Ke Xue Ban ）
小康（中旬刊）,Insight China,Xk-zxk
北京师范大学学报（社会科学版）,Journal of Beijing Normal University (Social Science)  북경사범대학학보（사회과학판）,Bei Jing Shi Fan Da Xue Xue Bao （ She Hui Ke Xue Ban ）
南京社会科学,Social Sciences in Nanjing  남경사회과학,Nan Jing She Hui Ke Xue
南开学报（哲学社会科学版）,Nankai Journal (Philosophy Literature and Social Science Edition)　  남개학보（철학사회과학판）,Nan Kai Xue Bao （ Zhe Xue She Hui Ke Xue Ban ）
当代亚太,Journal of Contemporary Asia-Pacific Studies  당대아태,Dang Dai Ya Tai
西亚非洲,West Asia and Africa  서아비주,Xi Ya Fei Zhou
开放时代,Open Times  개방시대,Kai Fang Shi Dai
浙江社会科学,Zhejiang Social Sciences  절강사회과학,Zhe Jiang She Hui Ke Xue
南洋问题研究,Southeast Asian Affairs  남양문제구,Nan Yang Wen Ti Yan Jiu
农林经济管理学报,Journal of Agro-Forestry Economics and Management  강서농업대학학보（사회과학판）,Jiang Xi Nong Ye Da Xue Xue Bao （ She Hui Ke Xue Ban ）
中国地质大学学报（社会科学版）,Journal of China University of Geosciences (Social Sciences Edition)  중국지질대학학보（사회과학판）,Zhong Guo Di Zhi Da Xue Xue Bao （ She Hui Ke Xue Ban ）
北京工业大学学报（社会科学版）,Journal of Beijing University of Technology (Social Sciences Edition)  북경공업대학학보（사회과학판）,Bei Jing Gong Ye Da Xue Xue Bao （ She Hui Ke Xue Ban ）
北京联合大学学报（人文社会科学版）,Journal of Beijing Union University (Humanities and Social Sciences)  북경련합대학학보（인문사회과학판）,Bei Jing Lian He Da Xue Xue Bao （ Ren Wen She Hui Ke Xue Ban ）
人口与发展,Population and Development  인구여발전,Ren Kou Yu Fa Zhan
社会保障研究,Social Security Studies  사회보장구,She Hui Bao Zhang Yan Jiu
四川理工学院学报（社会科学版）,Journal of Sichuan University of Science & Engineering (Social Sciences Edition)  사천리공학원학보（사회과학판）,Si Chuan Li Gong Xue Yuan Xue Bao （ She Hui Ke Xue Ban ）
近代史研究,Modern Chinese History Studies  근대사구,Jin Dai Shi Yan Jiu
北京大学学报（哲学社会科学版）,Journal of Peking University(Philosophy and Social Sciences),Bei Jing Da Xue Xue Bao （ Zhe Xue She Hui Ke Xue Ban ）
青少年犯罪问题,Issues on Juvenile Crimes and Delinquency  소년범죄문제,Qing Shao Nian Fan Zui Wen Ti
东南大学学报（哲学社会科学版）,Journal of Southeast University (Philosophy and Social Science)  동남대학학보（철학사회과학판）,Dong Nan Da Xue Xue Bao （ Zhe Xue She Hui Ke Xue Ban ）
社会科学,Journal of Social Sciences  사회과학,She Hui Ke Xue
中国人力资源开发,Human Resource Development of China,Zhong Guo Ren Li Zi Yuan Kai Fa
社会工作,Journal of Social Work,She Hui Gong Zuo
南方人口,South China Population  남방인구,Nan Fang Ren Kou
湖南农业大学学报（社会科学版）,Journal of Hunan Agricultural University(Social Sciences)  호남농업대학학보（사회과학판）,Hu Nan Nong Ye Da Xue Xue Bao （ She Hui Ke Xue Ban ）
华中师范大学学报（人文社会科学版）,Journal of Huazhong Normal University (Humanities and Social Sciences)  화중사범대학학보（인문사회과학판）,Hua Zhong Shi Fan Da Xue Xue Bao （ Ren Wen She Hui Ke Xue Ban ）
山东大学学报（哲学社会科学版）,Journal of Shandong University (Philosophy and Social Sciences)  산동대학학보（철학사회과학판）,Shan Dong Da Xue Xue Bao （ Zhe Xue She Hui Ke Xue Ban ）
西安交通大学学报（社会科学版）,Journal of Xi'an Jiaotong University (Social Sciences)  서안교통대학학보（사회과학판）,Xi An Jiao Tong Da Xue Xue Bao （ She Hui Ke Xue Ban ）
学海,Academia Bimestris  학해,Xue Hai
人口与社会,Journal of Nanjing College for Population Programme Management  남경인구관리간부학원학보,Nan Jing Ren Kou Guan Li Gan Bu Xue Yuan Xue Bao
重庆邮电大学学报（社会科学版）,Journal of Chongqing University of Posts and Telecommunications (Social Science Edition)  중경우전대학학보（사회과학판）,Chong Qing You Dian Da Xue Xue Bao （ She Hui Ke Xue Ban ）
西北人口,Northwest Population Journal  서북인구,Xi Bei Ren Kou
西南大学学报（社会科学版）,Journal of Southwest University (Social Sciences Edition)  서남대학학보（사회과학판）,Xi Nan Da Xue Xue Bao （ She Hui Ke Xue Ban ）
重庆大学学报（社会科学版）,Journal of Chongqing University (Social Science Edition)  중경대학학보（사회과학판）,Chong Qing Da Xue Xue Bao （ She Hui Ke Xue Ban ）
统计与信息论坛,Statistics & Information Forum  통계여신식론단,Tong Ji Yu Xin Xi Lun Tan
世界地理研究,World Regional Studies  세계지리구,Shi Jie Di Li Yan Jiu
社会科学研究,Social Science Research  사회과학구,She Hui Ke Xue Yan Jiu
北京交通大学学报（社会科学版）,Journal of Beijing Jiaotong University (Social Sciences Edition)  북경교통대학학보（사회과학판）,Bei Jing Jiao Tong Da Xue Xue Bao （ She Hui Ke Xue Ban ）
贵州社会科学,Guizhou Social Sciences  귀주사회과학,Gui Zhou She Hui Ke Xue
大连理工大学学报（社会科学版）,Journal of Dalian University of Technology (social sciences)  대련리공대학학보（사회과학판）,Da Lian Li Gong Da Xue Xue Bao （ She Hui Ke Xue Ban ）
学术论坛,Academic Forum  학술론단,Xue Shu Lun Tan
理论学刊,Theory Journal  리론학간,Li Lun Xue Kan
河南师范大学学报（哲学社会科学版）,Journal of Henan Normal University (Philosophy and Social Sciences)  하남사범대학학보（철학사회과학판）,He Nan Shi Fan Da Xue Xue Bao （ Zhe Xue She Hui Ke Xue Ban ）
河海大学学报（哲学社会科学版）,Journal of Hohai University (Philosophy and social sciences)  하해대학학보（철학사회과학판）,He Hai Da Xue Xue Bao （ Zhe Xue She Hui Ke Xue Ban ）
昆明理工大学学报（社会科学版）,"Journal of Kunming University of Science and Technology(Social Sciences Edition
)  곤명리공대학학보（사회과학판）",Kun Ming Li Gong Da Xue Xue Bao （ She Hui Ke Xue Ban ）
太平洋学报,Pacific Journal  태평양학보,Tai Ping Yang Xue Bao
青年研究,Youth Studies  년구,Qing Nian Yan Jiu
沈阳建筑大学学报（社会科学版）,Journal of Shenyang Jianzhu University Social Science  심양건축대학학보（사회과학판）,Shen Yang Jian Zhu Da Xue Xue Bao （ She Hui Ke Xue Ban ）
河北大学学报（哲学社会科学版）,Journal of Hebei University (Philosophy and Social Science)  하북대학학보（철학사회과학판）,He Bei Da Xue Xue Bao （ Zhe Xue She Hui Ke Xue Ban ）
华南师范大学学报（社会科学版）,Journal of South China Normal University (Social Science Edition)  화남사범대학학보（사회과학판）,Hua Nan Shi Fan Da Xue Xue Bao （ She Hui Ke Xue Ban ）
吉林大学社会科学学报,Jilin University Journal Social Science Edition,Ji Lin Da Xue She Hui Ke Xue Xue Bao
考古学报,Acta Archaeologica Sinica,Kao Gu Xue Bao
山东社会科学,Shandong Social Science  산동사회과학,Shan Dong She Hui Ke Xue
中州学刊,Academic Journal of Zhongzhou  중주학간,Zhong Zhou Xue Kan
思想战线,Thinking  사상전선,Si Xiang Zhan Xian
民族研究,Ethno-National Studies  민족구,Min Zu Yan Jiu
清史研究,The Qing History Journal  사구,Qing Shi Yan Jiu
欧洲研究,Chinese Journal of European Studies,Ou Zhou Yan Jiu
北京理工大学学报（社会科学版）,Journal of Beijing Institute of Technology (Social Sciences Edition)  북경리공대학학보（사회과학판）,Bei Jing Li Gong Da Xue Xue Bao （ She Hui Ke Xue Ban ）
东南亚研究,Southeast Asian Studies  동남아구,Dong Nan Ya Yan Jiu
同济大学学报（社会科学版）,Journal of Tongji University (Social Science Section）  동제대학학보（사회과학판）,Tong Ji Da Xue Xue Bao （ She Hui Ke Xue Ban ）
东北师大学报（哲学社会科学版）,Journal of Northeast Normal University (Philosophy and Social Sciences)  동북사대학보（철학사회과학판）,Dong Bei Shi Da Xue Bao （ Zhe Xue She Hui Ke Xue Ban ）
浙江工商大学学报,Journal of Zhejiang Gongshang University  절강공상대학학보,Zhe Jiang Gong Shang Da Xue Xue Bao
四川大学学报（哲学社会科学版）,Journal of Sichuan University (Social Science Edition)  사천대학학보（철학사회과학판）,Si Chuan Da Xue Xue Bao （ Zhe Xue She Hui Ke Xue Ban ）
东北大学学报（社会科学版）,Journal of Northeastern University (Social Science)  동북대학학보（사회과학판）,Dong Bei Da Xue Xue Bao （ She Hui Ke Xue Ban ）
历史研究,Historical Research,Li Shi Yan Jiu
北京邮电大学学报（社会科学版）,Journal of Beijing University of Posts and Telecommunications (Social Sciences Edition)  북경우전대학학보（사회과학판）,Bei Jing You Dian Da Xue Xue Bao （ She Hui Ke Xue Ban ）
中国大学生就业（综合版）,China University Students Career Guide  중국대학생취업,Zhong Guo Da Xue Sheng Jiu Ye
青年探索,Youth Exploration  년탐색,Qing Nian Tan Suo
江苏社会科学,Jiangsu Social Sciences  강소사회과학,Jiang Su She Hui Ke Xue
浙江大学学报（人文社会科学版）,Journal of Zhejiang University (Humanities and Social Sciences)  절강대학학보（인문사회과학판）,Zhe Jiang Da Xue Xue Bao （ Ren Wen She Hui Ke Xue Ban ）
学术月刊,Academic Monthly,Xue Shu Yue Kan
广东社会科学,Social Sciences In Guangdong  광동사회과학,Guang Dong She Hui Ke Xue
陕西师范大学学报（哲学社会科学版）,Journal of Shaanxi Normal University (Philosophy and Social Sciences Edition）  섬서사범대학학보（철학사회과학판）,Shan Xi Shi Fan Da Xue Xue Bao （ Zhe Xue She Hui Ke Xue Ban ）
考古,Archaeology,Kao Gu
日本学刊,Japanese Studies  일본학간,Ri Ben Xue Kan
新视野,Expanding Horizons  신시야,Xin Shi Ye
西北师大学报（社会科学版）,Journal of Northwest Normal University (Social Sciences）  서북사대학보（사회과학판）,Xi Bei Shi Da Xue Bao （ She Hui Ke Xue Ban ）
人民论坛·学术前沿,Renming Luntan·Xueshu Qianyan
社会学评论,Sociological Review of China,She Hui Xue Ping Lun
南京医科大学学报（社会科学版）,Journal of Nanjing Medical University(Social Sciences)  남경의과대학학보（사회과학판）,Nan Jing Yi Ke Da Xue Xue Bao （ She Hui Ke Xue Ban ）
中南民族大学学报（人文社会科学版）,Journal of South-Central University for Nationalities (Humanities and Social Sciences)  중남민족대학학보（인문사회과학판）,Zhong Nan Min Zu Da Xue Xue Bao （ Ren Wen She Hui Ke Xue Ban ）
上海大学学报（社会科学版）,Journal of Shanghai University (Social Science Edition）  상해대학학보（사회과학판）,Shang Hai Da Xue Xue Bao （ She Hui Ke Xue Ban ）
重庆理工大学学报（社会科学版）,Journal of Chongqing Institute of Technology  중경리공대학학보（사회과학판）,Chong Qing Gong Ye Xue Yuan Xue Bao （ She Hui Ke Xue Ban ）
暨南学报（哲学社会科学版）,Jinan Journal  (Philosophy & Social Science Edition)  남학보（철학사회과학판）,Ji Nan Xue Bao （ Zhe Xue She Hui Ke Xue Ban ）
中国劳动关系学院学报,Journal of China Institute of Industrial Relations  중국로동관계학원학보,Zhong Guo Lao Dong Guan Xi Xue Yuan Xue Bao
南京大学学报（哲学·人文科学·社会科学）,"Journal of Nanjing University (Philosophy, Humanities and Social Sciences)  남경대학학보（철학·인문과학·사회과학）",Nan Jing Da Xue Xue Bao （ Zhe Xue · Ren Wen Ke Xue · She Hui Ke Xue ）
文物,Cultural Relics,Wen Wu
北京社会科学,Social Science of Beijing  북경사회과학,Bei Jing She Hui Ke Xue
湖南师范大学社会科学学报,Journal of Social Science of Hunan Normal University  호남사범대학사회과학학보,Hu Nan Shi Fan Da Xue She Hui Ke Xue Xue Bao
河南社会科学,Henan Social Sciences  하남사회과학,He Nan She Hui Ke Xue
云南师范大学学报（哲学社会科学版）,Journal of Yunan Normal University(Humanitles and Social Sclences)  운남사범대학학보（철학사회과학판）,Yun Nan Shi Fan Da Xue Xue Bao （ Zhe Xue She Hui Ke Xue Ban ）
长白学刊,Changbai Journal  장백학간,Chang Bai Xue Kan
西南民族大学学报（人文社科版）,Journal of Southwest University for Nationalities  서남민족대학학보（인문사과판）,Xi Nan Min Zu Da Xue Xue Bao （ Ren Wen She Ke Ban ）
美国研究,American Studies Quarterly  미국구,Mei Guo Yan Jiu
东岳论丛,Dongyue Tribune  동악론총,Dong Yue Lun Cong
俄罗斯东欧中亚研究,"Russian, Central Asian & East European Studies  아라사중아동구구",E Luo Si Zhong Ya Dong Ou Yan Jiu
学习与探索,Study & Exploration  학습여탐색,Xue Xi Yu Tan Suo
江西师范大学学报（哲学社会科学版）,Journal of Jiangxi Normal University (Philosophy and Social Sciences Edition)  강서사범대학학보（철학사회과학판）,Jiang Xi Shi Fan Da Xue Xue Bao （ Zhe Xue She Hui Ke Xue Ban ）
江淮论坛,Jianghuai Tribune  강회론단,Jiang Huai Lun Tan
湖湘论坛,Huxiang Forum  호상론단,Hu Xiang Lun Tan
沈阳工业大学学报（社会科学版）,Journal of Shenyang University of Technology (Social Science Edition)  심양공업대학학보（사회과학판）,Shen Yang Gong Ye Da Xue Xue Bao （She Hui Ke Xue Ban）
浙江学刊,Zhejiang Academic Journal  절강학간,Zhe Jiang Xue Kan
天津社会科学,Tianjin Social Sciences  천진사회과학,Tian Jin She Hui Ke Xue
华中科技大学学报（社会科学版）,Journal of Huazhong University of Science and Technology (Social Science Edition)  화중과기대학학보（사회과학판）,Hua Zhong Ke Ji Da Xue Xue Bao （ She Hui Ke Xue Ban ）
内蒙古农业大学学报（社会科学版）,Journal of Inner Mongolia Agricultural University (Social Science Edition)  내몽고농업대학학보（사회과학판）,Nei Meng Gu Nong Ye Da Xue Xue Bao （ She Hui Ke Xue Ban ）
四川师范大学学报（社会科学版）,Journal of Sichuan Normal University (Social Sciences Edition)  사천사범대학학보（사회과학판）,Si Chuan Shi Fan Da Xue Xue Bao （ She Hui Ke Xue Ban ）
南京师大学报（社会科学版）,Journal of Nanjing Normal University (Social Science Edition）  남경사대학보（사회과학판）,Nan Jing Shi Da Xue Bao （ She Hui Ke Xue Ban ）
云南民族大学学报（哲学社会科学版）,Journal of Yunnan Nationalities University  (Social Sciences Edition)  운남민족대학학보（철학사회과학판）,Yun Nan Min Zu Da Xue Xue Bao （ Zhe Xue She Hui Ke Xue Ban ）
民俗研究,Folklore Studies  민속구,Min Su Yan Jiu
老龄科学研究,Scientific Research on Aging,Lao Ling Ke Xue Yan Jiu
复旦学报（社会科学版）,Fudan Journal (Social Sciences Edition)  복단학보（사회과학판）,Fu Dan Xue Bao （ She Hui Ke Xue Ban ）
苏州大学学报（社会科学版）,Journal of Soochow University（Philosopy and social science Edition）  소주대학학보（철학사회과학판）,Su Zhou Da Xue Xue Bao （ Zhe Xue She Hui Ke Xue Ban ）
东南学术,Southeast Academic Research  동남학술,Dong Nan Xue Shu
沈阳大学学报（自然科学版）,Journal of Shenyang University(Natural Science)  심양대학학보,Shen Yang Da Xue Xue Bao
深圳大学学报（人文社会科学版）,Journal of Shenzhen University (Humanities & Social Sciences)  심대학학보（인문사회과학판）,Shen Zhen Da Xue Xue Bao （ Ren Wen She Hui Ke Xue Ban ）
阿拉伯世界研究,Arab World Studies  아랍백세계구,A La Bo Shi Jie Yan Jiu
厦门大学学报（哲学社会科学版）,Journal of Xiamen University (Arts & Social Sciences)  하문대학학보（철학사회과학판）,Xia Men Da Xue Xue Bao （ Zhe Xue She Hui Ke Xue Ban ）
求是学刊,Seeking Truth  구시학간,Qiu Shi Xue Kan
学术研究,Academic Research  학술구,Xue Shu Yan Jiu
上海交通大学学报（哲学社会科学版）,Journal of Shanghai Jiaotong University (Philosophy and Social Sciences)  상해교통대학학보（철학사회과학판）,Shang Hai Jiao Tong Da Xue Xue Bao （ Zhe Xue She Hui Ke Xue Ban ）
华南理工大学学报（社会科学版）,Journal of South China University of Technology (Social Science Edition)  화남리공대학학보（사회과학판）,Hua Nan Li Gong Da Xue Xue Bao （ She Hui Ke Xue Ban ）
国外社会科学,Social Sciences Abroad  국외사회과학,Guo Wai She Hui Ke Xue
湖北社会科学,Hubei Social Sciences  호북사회과학,Hu Bei She Hui Ke Xue
河北学刊,Hebei Academic Journal  하북학간,He Bei Xue Kan
统计与决策,Statistics and Decision  통계여결책,Tong Ji Yu Jue Ce
重庆社会科学,Chongqing Social Sciences,Chong Qing She Hui Ke Xue
江西社会科学,Jiangxi Social Sciences  강서사회과학,Jiang Xi She Hui Ke Xue
文史哲,"Journal of Literature, History and Philosophy  문사철",Wen Shi Zhe
河南大学学报（社会科学版）,Journal of Henan University (Social Science)  하남대학학보（사회과학판）,He Nan Da Xue Xue Bao （ She Hui Ke Xue Ban ）
甘肃社会科学,Gansu Social Sciences  감숙사회과학,Gan Su She Hui Ke Xue
广西师范学院学报（哲学社会科学版）,Journal of Guangxi Teachers Education University (Philosophy and Social Sciences Edition)  광서사범학원학보（철학사회과학판）,Guang Xi Shi Fan Xue Yuan Xue Bao （ Zhe Xue She Hui Ke Xue Ban ）
上海师范大学学报（哲学社会科学版）,Journal of Shanghai Normal University (Philosophy & Social Sciences)  상해사범대학학보（철학사회과학판）,Shang Hai Shi Fan Da Xue Xue Bao （ Zhe Xue She Hui Ke Xue Ban ）
社会科学辑刊,Social Science Journal,She Hui Ke Xue Ji Kan
和平与发展,Peace and Development  화평여발전,He Ping Yu Fa Zhan
南京工业大学学报（社会科学版）,Journal of Nanjing Tech University(Social Science Edition)  남경공업대학학보（사회과학판）,Nan Jing Gong Ye Da Xue Xue Bao （ She Hui Ke Xue Ban ）
湖南科技大学学报（社会科学版）,Journal of Hunan University of Science & Technology (Social Science Edition)  호남과기대학학보（사회과학판）,Hu Nan Ke Ji Da Xue Xue Bao （ She Hui Ke Xue Ban ）
中国海洋大学学报（社会科学版）,Journal of Ocean University of China (Social Sciences Edition)  중국해양대학학보（사회과학판）,Zhong Guo Hai Yang Da Xue Xue Bao （ She Hui Ke Xue Ban ）
青海社会科学,Qinghai Social Sciences  해사회과학,Qing Hai She Hui Ke Xue
福建论坛（人文社会科学版）,Fujian Tribune (The Humanities & Social Sciences)  복건론단（인문사회과학판）,Fu Jian Lun Tan （ Ren Wen She Hui Ke Xue Ban ）
云南社会科学,Social Sciences in Yunan  운남사회과학,Yun Nan She Hui Ke Xue
当代青年研究,Contemporary Young Research  당대년구,Dang Dai Qing Nian Yan Jiu
考古与文物,Archaeology and Cultural Relics  고고여문물,Kao Gu Yu Wen Wu
人文杂志,The Journal of Humanities  인문잡지,Ren Wen Za Zhi
湘潭大学学报（哲学社会科学版）,Journal of Xiangtan University (Philosophy and Social Sciences)  상담대학학보（철학사회과학판）,Xiang Tan Da Xue Xue Bao （ Zhe Xue She Hui Ke Xue Ban ）
南京航空航天大学学报（社会科学版）,Journal of Nanjing University of Aeronautics & Astronautics (Social Sciences)  남경항공항천대학학보（사회과학판）,Nan Jing Hang Kong Hang Tian Da Xue Xue Bao （ She Hui Ke Xue Ban ）
华东理工大学学报（社会科学版）,Journal of East China University of Science and Technology (Social Science Edition)  화동리공대학학보（사회과학판）,Hua Dong Li Gong Da Xue Xue Bao （ She Hui Ke Xue Ban ）
中国劳动,China Labor  중국로동,Zhong Guo Lao Dong
理论月刊,Theory Monthly  리론월간,Li Lun Yue Kan
历史教学,History Teaching  력사학（상반월）,Li Shi Jiao Xue （ Zhong Xue Ban ）
民族高等教育研究,Research on Higher Education of Nationalties  내몽고민족대학학보,Nei Meng Gu Min Zu Da Xue Xue Bao
中国石油大学学报（社会科学版）,Journal of China University of Petroleum (Edition of Social Science)  중국석유대학학보（사회과학판）,Zhong Guo Shi You Da Xue Xue Bao （ She Hui Ke Xue Ban ）
长沙理工大学学报（社会科学版）,Journal of Changsha University of Science and Technology (Social Science Edition)  장사리공대학학보（사회과학판）,Chang Sha Li Gong Da Xue Xue Bao （ She Hui Ke Xue Ban ）
天津大学学报（社会科学版）,Journal of Tianjin University (Social Sciences)  천진대학학보（사회과학판）,Tian Jin Da Xue Xue Bao （ She Hui Ke Xue Ban ）
江海学刊,Jianghai Academic Journal  강해학간,Jiang Hai Xue Kan
南亚研究季刊,South Asian Studies Quarterly  남아구계간,Nan Ya Yan Jiu Ji Kan
贵州师范大学学报（社会科学版）,Journal of Guizhou Normal University(Social Science)  귀주사범대학학보（사회과학판）,Gui Zhou Shi Fan Da Xue Xue Bao （ She Hui Ke Xue Ban ）
西南交通大学学报（社会科学版）,Journal of Southwest Jiaotong University (Social Sciences)  서남교통대학학보（사회과학판）,Xi Nan Jiao Tong Da Xue Xue Bao （ She Hui Ke Xue Ban ）
福建师范大学学报（哲学社会科学版）,Journal of Fujian Normal University (Philosophy and Social Sciences Edition)  복건사범대학학보（철학사회과학판）,Fu Jian Shi Fan Da Xue Xue Bao （ Zhe Xue She Hui Ke Xue Ban ）
德国研究,Deutschland-Studien  덕국구,De Guo Yan Jiu
残疾人研究,Disability Research,Can Ji Ren Yan Jiu
电子科技大学学报（社会科学版）,Journal of University of Electronic Science and Technology of China (Social Sciences Edition)  전자과기대학학보（사회과학판）,Dian Zi Ke Ji Da Xue Xue Bao （ She Hui Ke Xue Ban ）
内蒙古社会科学,Inner Mongolia Social Sciences  내몽고사회과학,Nei Meng Gu She Hui Ke Xue
社会科学家,Social Scientist  사회과학가,She Hui Ke Xue Jia
东华理工大学学报（社会科学版）,Journal of East China Institute of Technology (Social Science)  동화리공대학학보（사회과학판）,Dong Hua Li Gong Xue Yuan Xue Bao （ She Hui Ke Xue Ban ）
北京航空航天大学学报（社会科学版）,Journal of Beijing University of Aeronautics and Astronautics (Social Sciences Edition)  북경항공항천대학학보（사회과학판）,Bei Jing Hang Kong Hang Tian Da Xue Xue Bao （ She Hui Ke Xue Ban ）
社会工作与管理,Journal of Guangdong University of Technology(Social Sciences Edition)  광동공업대학학보（사회과학판）,Guang Dong Gong Ye Da Xue Xue Bao （ She Hui Ke Xue Ban ）
教师教育学报,Journal of Southwest Agricultural University (Social Science Edition)  서남농업대학학보（사회과학판）,Xi Nan Nong Ye Da Xue Xue Bao （ She Hui Ke Xue Ban ）
济南大学学报（社会科学版）,Journal of University of Jinan(Social Science Edition)  제남대학학보（사회과학판）,Ji Nan Da Xue Xue Bao （ She Hui Ke Xue Ban ）
华侨大学学报（哲学社会科学版）,Journal of Huaqiao University (Philosophy & Social Sciences）  화교대학학보（철학사회과학판）,Hua Qiao Da Xue Xue Bao （ Zhe Xue She Hui Ke Xue Ban ）
贵州民族研究,Guizhou Ethnic Studies  귀주민족구,Gui Zhou Min Zu Yan Jiu
西北大学学报（哲学社会科学版）,Journal of Northwest University (Philosophy and Social Sciences Edition)  서북대학학보（철학사회과학판）,Xi Bei Da Xue Xue Bao （ Zhe Xue She Hui Ke Xue Ban ）
西北民族研究,N.W.Journal of Ethnology  서북민족구,Xi Bei Min Zu Yan Jiu
辽宁师范大学学报（社会科学版）,Journal of Liaoning Normal University (Social Sciences Edition)  료녕사범대학학보（사회과학판）,Liao Ning Shi Fan Da Xue Xue Bao （ She Hui Ke Xue Ban ）
广西民族研究,Guangxi Ethnic Studies  광서민족구,Guang Xi Min Zu Yan Jiu
安徽大学学报（哲学社会科学版）,Journal of Anhui University (Philosophy and Social Sciences)  안휘대학학보（철학사회과학판）,An Hui Da Xue Xue Bao （ Zhe Xue She Hui Ke Xue Ban ）
广西民族大学学报（哲学社会科学版）,Journal of Guangxi University for Nationalities (Philosophy and Social Science Edition)  광서민족대학학보（철학사회과학판）,Guang Xi Min Zu Da Xue Xue Bao （ Zhe Xue She Hui Ke Xue Ban ）
学术探索,Academic Exploration  학술탐색,Xue Shu Tan Suo
宁夏社会科学,Social Sciences in Ningxia  녕하사회과학,Ning Xia She Hui Ke Xue
兰州大学学报（社会科学版）,Journal of Lanzhou University (Social Sciences)  란주대학학보（사회과학판）,Lan Zhou Da Xue Xue Bao （ She Hui Ke Xue Ban ）
史学集刊,Collected Papers of History Studies  사학집간,Shi Xue Ji Kan
社会科学战线,Social Science Front,She Hui Ke Xue Zhan Xian
中央民族大学学报（哲学社会科学版）,Journal of the Central University for Nationalities(Philosophy and Social Sciences Edition),Zhong Yang Min Zu Da Xue Xue Bao （ Zhe Xue She Hui Ke Xue Ban ）
福建农林大学学报（哲学社会科学版）,Journal of Fujian Agriculture and Forestry University (Philosophy and Social Sciences)  복건농림대학학보（철학사회과학판）,Fu Jian Nong Lin Da Xue Xue Bao （ Zhe Xue She Hui Ke Xue Ban ）
江汉论坛,Jianghan Tribune  강한론단,Jiang Han Lun Tan
华东师范大学学报（哲学社会科学版）,Journal of East China Normal University (Philosophy and Social Sciences)  화동사범대학학보（철학사회과학판）,Hua Dong Shi Fan Da Xue Xue Bao （ Zhe Xue She Hui Ke Xue Ban ）
牡丹江师范学院学报（哲学社会科学版）,Journal of Mudanjiang Normal University  모단강사범학원학보（철학사회과학판）,Mu Dan Jiang Shi Fan Xue Yuan Xue Bao （ Zhe Xue She Hui Ke Xue Ban ）
重庆交通大学学报（社会科学版）,Journal of Chongqing Jiaotong University (Social Sciences Edition)  중경교통대학학보（사회과학판）,Chong Qing Jiao Tong Da Xue Xue Bao （ She Hui Ke Xue Ban ）
广州大学学报（社会科学版）,Journal of Guangzhou University (Social Science Edition)  광주대학학보（사회과학판）,Guang Zhou Da Xue Xue Bao （ She Hui Ke Xue Ban ）
沈阳农业大学学报（社会科学版）,Journal of Shenyang Agricultural University (Social Science Edition)  심양농업대학학보（사회과학판）,Shen Yang Nong Ye Da Xue Xue Bao （ She Hui Ke Xue Ban ）
俄罗斯研究,Russian Studies  아라사구,E Luo Si Yan Jiu
石家庄铁道大学学报（社会科学版）,Journal of Shijiazhuang Railway Institute (Social Sciences)  석가장철도대학학보（사회과학판）,Shi Jia Zhuang Tie Dao Xue Yuan Xue Bao ( She Hui Ke Xue Ban )
首都师范大学学报（社会科学版）,Journal of Capital Normal University (Social Sciences Edition)  수도사범대학학보（사회과학판）,Shou Du Shi Fan Da Xue Xue Bao （ She Hui Ke Xue Ban ）
中国矿业大学学报（社会科学版）,Journal of China University of Mining & Technology (Social Sciences）  중국업대학학보（사회과학판）,Zhong Guo Kuang Ye Da Xue Xue Bao （ She Hui Ke Xue Ban ）
浙江理工大学学报（社会科学版）,Journal of Zhejiang Institute of Science and Technology,Zhe Jiang Li Gong Da Xue Xue Bao （ She Hui Ke Xue Ban ）
应用型高等教育研究,Journal of Hefei University (Social Sciences)  합비학원학보（사회과학판）,He Fei Xue Yuan Xue Bao （ She Hui Ke Xue Ban ）
拉丁美洲研究,Journal of Latin American Studies  랍정미주구,La Ding Mei Zhou Yan Jiu
广西社会科学,Guangxi Social Sciences  광서사회과학,Guang Xi She Hui Ke Xue
辽宁工业大学学报（社会科学版）,Journal of Liaoning Institute of Technology (Social Science Edition)  료녕공업대학학보（사회과학판）,Liao Ning Gong Xue Yuan Xue Bao （ She Hui Ke Xue Ban ）
理论研究,Theoretical Research,Li Lun Yan Jiu
品牌研究,Journal of Brand Research  품패,Pin Pai
山东科技大学学报（社会科学版）,Journal of Shandong University of Sciences & Technology (Social Science)  산동과기대학학보（사회과학판）,Shan Dong Ke Ji Da Xue Xue Bao （ She Hui Ke Xue Ban ）
山西大学学报（哲学社会科学版）,Journal of Shanxi University (Philosophy and Social Science Edition)  산서대학학보（철학사회과학판）,Shan Xi Da Xue Xue Bao （ Zhe Xue She Hui Ke Xue Ban ）
开发研究,Research on Development  개발구,Kai Fa Yan Jiu
求索,Seeker,Qiu Suo
河南工业大学学报（社会科学版）,Journal of Henan University of Technology (Social Science Edition)  하남공업대학학보（사회과학판）,He Nan Gong Ye Da Xue Xue Bao （ She Hui Ke Xue Ban ）
安徽师范大学学报（人文社会科学版）,Journal of Anhui Normal University(Humanities & Social Sciences Edition)  안휘사범대학학보（인문사회과학판）,An Hui Shi Fan Da Xue Xue Bao （ Ren Wen She Hui Ke Xue Ban ）
南昌大学学报（人文社会科学版）,Journal of Nanchang University (Humanities and Social Sciences)  남창대학학보（인문사회과학판）,Nan Chang Da Xue Xue Bao （ Ren Wen She Hui Ke Xue Ban ）
城市观察,Urban Insight  성시관찰,Cheng Shi Guan Cha
新西部（上旬刊）,New West  신서부（상순간）,Xin Xi Bu
职业技术,ZHIYE JISHU  ,Zhi Ye Ji Shu
杭州电子科技大学学报（社会科学版）,Journal of Hangzhou Dianzi University（Social Sciences）,Hang Zhou Dian Zi Ke Ji Da Xue Xue Bao （She Hui Ke Xue Ban）
辽宁大学学报（哲学社会科学版）,Journal of Liaoning University(Philosophy & Social Sciences)  료녕대학학보（철학사회과학판）,Liao Ning Da Xue Xue Bao （ Zhe Xue She Hui Ke Xue Ban ）
山东师范大学学报（社会科学版）,Journal of ShanDong Normal University（Social Sciences）  산동사범대학학보（인문사회과학판）,Shan Dong Shi Fan Da Xue Xue Bao （ Ren Wen She Hui Ke Xue Ban ）
天津师范大学学报（社会科学版）,Journal of Tianjin Normal University (Social Science)  천진사범대학학보（사회과학판）,Tian Jin Shi Fan Da Xue Xue Bao （ She Hui Ke Xue Ban ）
江苏大学学报（社会科学版）,Journal of Jiangsu University (Social Sciences Edition)  강소대학학보（사회과학판）,Jiang Su Da Xue Xue Bao （ She Hui Ke Xue Ban ）
福建医科大学学报（社会科学版）,Journal of Fujian Medical University (Social Science Edition)  복건의과대학학보（사회과학판）,Fu Jian Yi Ke Da Xue Xue Bao （ She Hui Ke Xue Ban ）
兰州学刊,Lanzhou Academic Journal  란주학간,Lan Zhou Xue Kan
上海理工大学学报（社会科学版）,Journal of University of Shanghai For Science and Technology (Social Science)  상해리공대학학보（사회과학판）,Shang Hai Li Gong Da Xue Xue Bao （ She Hui Ke Xue Ban ）
山西农业大学学报（社会科学版）,Journal of Shanxi Agricultural Unversity(Social Science Edition)  산서농업대학학보（사회과학판）,Shan Xi Nong Ye Da Xue Xue Bao （ She Hui Ke Xue Ban ）
岭南学刊,Lingnan Journal  령남학간,Ling Nan Xue Kan
北京林业大学学报（社会科学版）,Journal of Beijing Forestry University (Social Sciences)  북경림업대학학보（사회과학판）,Bei Jing Lin Ye Da Xue Xue Bao （ She Hui Ke Xue Ban ）
科学发展,Scientific Development  과학발전,Ke Xue Fa Zhan
无线互联科技,wuxian hulian keji  무선호련과기,Wu Xian Hu Lian Ke Ji
江汉学术,JiangHan Academic  강한대학학보（인문과학판）,Jiang Han Da Xue Xue Bao （ Ren Wen Ke Xue Ban ）
中南大学学报（社会科学版）,Journal of Central South University (Social Science)  중남대학학보（사회과학판）,Zhong Nan Da Xue Xue Bao （ She Hui Ke Xue Ban ）
郑州大学学报（哲学社会科学版）,Journal of Zhengzhou University (Philosophy and Social Sciences Edition)  정주대학학보（철학사회과학판）,Zheng Zhou Da Xue Xue Bao （ Zhe Xue She Hui Ke Xue Ban ）
云南农业大学学报(社会科学版),Journal of Yunnan Agricultural University(Social Science)  운남농업대학학보(사회과학판),Yun Nan Nong Ye Da Xue Xue Bao （ She Hui Ke Xue Ban ）
学术界,Academics in China  학술계,Xue Shu Jie
文物保护与考古科学,Sciences of Conservation and Archaeology  문물보호여고고과학,Wen Wu Bao Hu Yu Kao Gu Ke Xue
广西大学学报（哲学社会科学版）,Journal of Guangxi University (Philosophy and Social Science)  광서대학학보（철학사회과학판）,Guang Xi Da Xue Xue Bao （ Zhe Xue She Hui Ke Xue Ban ）
南京理工大学学报（社会科学版）,Journal of Nanjing University of Science and Technology (Social Sciences Edition)  남경리공대학학보（사회과학판）,Nan Jing Li Gong Da Xue Xue Bao （ She Hui Ke Xue Ban ）
湖南社会科学,Social Sciences Hunan  호남사회과학,Hu Nan She Hui Ke Xue
南通大学学报（社会科学版）,Journal of Nantong University (Social Sciences Edition）  남통대학학보（사회과학판）,Nan Tong Da Xue Xue Bao （ She Hui Ke Xue Ban ）
浙江工商职业技术学院学报,Journal of Zhejiang Business Technology Institute  절강공상직업기술학원학보,Zhe Jiang Gong Shang Zhi Ye Ji Shu Xue Yuan Xue Bao
中国史研究,Journal of Chinese Historical Studies,Zhong Guo Shi Yan Jiu
日本问题研究,Japan Problem Studies  일본문제구,Ri Ben Wen Ti Yan Jiu
黑龙江民族丛刊,Heilongjiang National Series  흑룡강민족총간,Hei Long Jiang Min Zu Cong Kan
湖南大学学报（社会科学版）,Journal of Hunan University (Social Sciences)  호남대학학보（사회과학판）,Hu Nan Da Xue Xue Bao （ She Hui Ke Xue Ban ）
西南石油大学学报（社会科学版）,Journal of Southwest Petroleum University (Social Sciences Edition)  서남석유대학학보（사회과학판）,Xi Nan Shi You Da Xue Xue Bao （ She Hui Ke Xue Ban ）
俄罗斯学刊,Academic Journal of Russian Studies  아라사학간,E Luo Si Xue Kan
观察与思考,GUANCHA YU SIKAO  관찰여사고,Guan Cha Yu Si Kao
武汉理工大学学报（社会科学版）,Journal of Wuhan University of Technology (Social Sciences Edition)  무한리공대학학보（사회과학판）,Wu Han Li Gong Da Xue Xue Bao （ She Hui Ke Xue Ban ）
华北理工大学学报（社会科学版）,Journal of Hebei Polytechnic University (Social Science Edition)  하북리공대학학보（사회과학판）,He Bei Li Gong Da Xue Xue Bao （ She Hui Ke Xue Ban ）
信阳师范学院学报（哲学社会科学版）,Journal of Xinyang Normal University (Philosophy and Social Sciences Edition)  신양사범학원학보（철학사회과학판）,Xin Yang Shi Fan Xue Yuan Xue Bao （ Zhe Xue She Hui Ke Xue Ban ）
长春工程学院学报（社会科学版）,Journal of Changchun Institute of Technology (Social Science Edition)  장춘공정학원학보（사회과학판）,Chang Chun Gong Cheng Xue Yuan Xue Bao （ She Hui Ke Xue Ban ）
郑州轻工业学院学报（社会科学版）,Journal of Zhengzhou University of Light Industry (Social Science Edition)  정주경공업학원학보（사회과학판）,Zheng Zhou Qing Gong Ye Xue Yuan Xue Bao （ She Hui Ke Xue Ban ）
沈阳师范大学学报（社会科学版）,Journal of Shenyang Normal University (Social Science Edition)  심양사범대학학보（사회과학판）,Shen Yang Shi Fan Da Xue Xue Bao （ She Hui Ke Xue Ban ）
西北工业大学学报（社会科学版）,Journal of Northwestern Polytechnical University (Social Sciences）  서북공업대학학보（사회과학판）,Xi Bei Gong Ye Da Xue Xue Bao （ She Hui Ke Xue Ban ）
长安大学学报（社会科学版）,Journal of Chang'an University (Philosophy and Social Science Edition)  장안대학학보（사회과학판）,Chang An Da Xue Xue Bao （ She Hui Ke Xue Ban ）
江汉考古,Jianghan Archaeology  강한고고,Jiang Han Kao Gu
三峡大学学报（人文社会科学版）,Journal of China Three Gorges University (Humanities & Social Sciences)  삼협대학학보（인문사회과학판）,San Xia Da Xue Xue Bao （ Ren Wen She Hui Ke Xue Ban ）
人力资源管理,Human Resource Management  인력자원관리,Ren Li Zi Yuan Guan Li （ Xue Shu ）
烟台大学学报（哲学社会科学版）,Journal of Yantai University (Philosophy and Social Science Edition)  연대대학학보（철학사회과학판）,Yan Tai Da Xue Xue Bao （ Zhe Xue She Hui Ke Xue Ban ）
天府新论,New Horizons from Tianfu  천부신론,Tian Fu Xin Lun
日本研究,Japan Studies  일본구,Ri Ben Yan Jiu
邵阳学院学报（社会科学版）,Journal of Shaoyang University (Social Science Edition)  소양학원학보（사회과학판）,Shao Yang Xue Yuan Xue Bao （ She Hui Ke Xue Ban ）
常州大学学报（社会科学版）,Journal of ChangZhou University(Social Science Edition)  상주대학학보（사회과학판）,Jiang Su Gong Ye Xue Yuan Xue Bao （ She Hui Ke Xue Ban ）
青岛科技大学学报（社会科学版）,Journal of Qingdao University of Science and Technology (Social Sciences)  도과기대학학보（사회과학판）,Qing Dao Ke Ji Da Xue Xue Bao （ She Hui Ke Xue Ban ）
华北电力大学学报（社会科学版）,Journal of North China Electric Power University (Social Sciences)  화북전력대학학보（사회과학판）,Hua Bei Dian Li Da Xue Xue Bao （ She Hui Ke Xue Ban ）
世界民族,Journal of World People Studies  세계민족,Shi Jie Min Zu
东南文化,Southeast Culture,Dong Nan Wen Hua
中山大学学报（社会科学版）,Journal of Sun Yatsen University (Social Science Edition）  중산대학학보（사회과학판）,Zhong Shan Da Xue Xue Bao （ She Hui Ke Xue Ban ）
西安电子科技大学学报（社会科学版）,Journal of Xidian University (Social Sciences Edition)  서안전자과기대학학보（사회과학판）,Xi An Dian Zi Ke Ji Da Xue Xue Bao （ She Hui Ke Xue Ban ）
河南理工大学学报（社会科学版）,Journal of Henan Polytechnic University (Social Sciences)  하남리공대학학보（사회과학판）,He Nan Li Gong Da Xue Xue Bao （ She Hui Ke Xue Ban ）
西藏大学学报（社会科学版）,Journal of Tibet University  서장대학학보（사회과학판）,Xi Cang Da Xue Xue Bao
民族学刊,JOURNAL OF ETHNOLOGY  민족학간,Min Zu Xue Kan
华侨华人历史研究,Overseas Chinese History Studies  화교화인력사구,Hua Qiao Hua Ren Li Shi Yan Jiu
哈尔滨工业大学学报（社会科学版）,Journal of Harbin Institute of Technology (Social Sciences Edition)  합이빈공업대학학보（사회과학판）,Ha Er Bin Gong Ye Da Xue Xue Bao （ She Hui Ke Xue Ban ）
青岛农业大学学报（社会科学版）,Journal of Qingdao Agricultural University (Social Science Edition）  도농업대학학보（사회과학판）,Qing Dao Nong Ye Da Xue Xue Bao （ She Hui Ke Xue Ban ）
南京中医药大学学报（社会科学版）,Journal of Nanjing University of Traditional Chinese Medicine(Social Science Edition)  남경중의약대학학보（사회과학판）,Nan Jing Zhong Yi Yao Da Xue Xue Bao （ She Hui Ke Xue Ban ）
扬州大学学报（人文社会科学版）,Journal of Yangzhou University (Humanities and Social Sciences Edition)  양주대학학보（인문사회과학판）,Yang Zhou Da Xue Xue Bao （ Ren Wen She Hui Ke Xue Ban ）
南京林业大学学报（人文社会科学版）,Journal of Nanjing Forestry University (Humanities and Social Sciences Edition）  남경림업대학학보（인문사회과학판）,Nan Jing Lin Ye Da Xue Xue Bao （ Ren Wen She Hui Ke Xue Ban ）
教师教育论坛,Teacher Education Forum  고등함수학보（철학사회과학판）,Gao Deng Han Shou Xue Bao （ Zhe Xue She Hui Ke Xue Ban ）
中国农史,Agricultural History of China  중국농사,Zhong Guo Nong Shi
武汉科技大学学报（社会科学版）,Journal of Wuhan University of Science and Technology (Social Science Edition)  무한과기대학학보（사회과학판）,Wu Han Ke Ji Da Xue Xue Bao （ She Hui Ke Xue Ban ）
西北民族大学学报（哲学社会科学版）,Journal of Northwest University for Nationalities(Philosophy and Social Science)  서북민족대학학보（철학사회과학판）,Xi Bei Min Zu Da Xue Xue Bao （ Zhe Xue She Hui Ke Xue Ban ）
湖北大学学报（哲学社会科学版）,Journal of Hubei University (Philosophy and Social Sciences）  호북대학학보（철학사회과학판）,Hu Bei Da Xue Xue Bao （ Zhe Xue She Hui Ke Xue Ban ）
中国边疆史地研究,China's Borderland History and Geography Studies  중국변강사지구,Zhong Guo Bian Jiang Shi Di Yan Jiu
江汉大学学报（社会科学版）,Journal of Jianghan University(Social Sciences Edition)  강한대학학보（사회과학판）,Jiang Han Da Xue Xue Bao （ She Hui Ke Xue Ban ）
抗日战争研究,The Journal of Studies of China's Resistance War Against Japan  항일전쟁구,Kang Ri Zhan Zheng Yan Jiu
现代交际,Modern Society  현대교제,Xian Dai Jiao Ji
福州大学学报（哲学社会科学版）,Journal of Fuzhou University (Philosophy and Social Sciences Edition)  복주대학학보（철학사회과학판）,Fu Zhou Da Xue Xue Bao （ Zhe Xue She Hui Ke Xue Ban ）
山东农业大学学报（社会科学版）,Journal of Shandong Agricultural University (Social Science Edition)  산동농업대학학보（사회과학판）,Shan Dong Nong Ye Da Xue Xue Bao （ She Hui Ke Xue Ban ）
西安建筑科技大学学报（社会科学版）,Journal of Xi'an University of Architecture & Technology (Social Science Edition)  서안건축과기대학학보（사회과학판）,Xi An Jian Zhu Ke Ji Da Xue Xue Bao （ She Hui Ke Xue Ban ）
当代中国史研究,Contemporary China History Studies  당대중국사구,Dang Dai Zhong Guo Shi Yan Jiu
史学月刊,Journal of Historical Science  사학월간,Shi Xue Yue Kan
阅江学刊,Yuejiang Academic Journal  열강학간,Yue Jiang Xue Kan
沈阳工程学院学报（社会科学版）,Journal of Shenyang Institute of Engineering  심양공정학원학보（사회과학판）,Shen Yang Gong Cheng Xue Yuan Xue Bao （ She Hui Ke Xue Ban ）
台湾研究集刊,Taiwan Research Quarterly  대만구집간,Tai Wan Yan Jiu Ji Kan
东北农业大学学报（社会科学版）,Journal of Northeast Agricultural University (Social Science Edition)  동북농업대학학보（사회과학판）,Dong Bei Nong Ye Da Xue Xue Bao （ She Hui Ke Xue Ban ）
山东女子学院学报,Journal of Shandong Women's University  산동녀자학원학보,Zhong Hua Nu Zi Xue Yuan Shan Dong Fen Yuan Xue Bao
广西师范大学学报（哲学社会科学版）,Journal of Guangxi Normal University (Philosophy and Social Sciences Edition)  광서사범대학학보（철학사회과학판）,Guang Xi Shi Fan Da Xue Xue Bao （ Zhe Xue She Hui Ke Xue Ban ）
南方文物,Cultural Relics in Southern China  남방문물,Nan Fang Wen Wu
黑龙江社会科学,Heilongjiang Social Sciences  흑룡강사회과학,Hei Long Jiang She Hui Ke Xue
交通与港航,Public Utilities  성시공용사업,Cheng Shi Gong Yong Shi Ye
湖北师范大学学报（哲学社会科学版）,Journal of Hubei Normal University (Philosophy and Social Sciences)  호북사범학원학보（철학사회과학판）,Hu Bei Shi Fan Xue Yuan Xue Bao （ Zhe Xue She Hui Ke Xue Ban ）
吉林师范大学学报（人文社会科学版）,Jilin Normal University Journal (Humanities and Social Sciences Edition)  길림사범대학학보（인문사회과학판）,Ji Lin Shi Fan Da Xue Xue Bao （ Ren Wen She Hui Ke Xue Ban ）
人类工效学,Chinese Journal of Ergonomics  인류공효학,Ren Lei Gong Xiao Xue
金陵科技学院学报（社会科学版）,Journal of Jinling Institute of Technology (Social Science)  김릉과기학원학보（사회과학판）,Jin Ling Ke Ji Xue Yuan Xue Bao （ She Hui Ke Xue Ban ）
锦州医科大学学报（社会科学版）,Journal of Liaoning Medical University (Social Science Edition)  료녕의학원학보（사회과학판）,Liao Ning Yi Xue Yuan Xue Bao （ She Hui Ke Xue Ban ）
学术交流,Academic Exchange  학술교류,Xue Shu Jiao Liu
湖北理工学院学报（人文社会科学版）,Journal of Hubei Polytechnic University(Humanities and Social Sciences)  황석리공학원학보（인문사회과학판）,Huang Shi Li Gong Xue Yuan Xue Bao （ Ren Wen She Hui Ke Xue Ban ）
台湾研究,Taiwan Studies,Tai Wan Yan Jiu
汕头大学学报（人文社会科学版）,Journal of Shantou University (Humanities & Social Sciences Edition)  산두대학학보（인문사회과학판）,Shan Tou Da Xue Xue Bao （ Ren Wen She Hui Ke Xue Ban ）
世界历史,World History  세계력사,Shi Jie Li Shi
河北工程大学学报（社会科学版）,Journal of Hebei University of Engineering (Social Science Edition)  하북공정대학학보（사회과학판）,He Bei Gong Cheng Da Xue Xue Bao （ She Hui Ke Xue Ban ）
重庆科技学院学报（社会科学版）,Journal of Chongqing University of Science and Technology (social sciences edition)  중경과기학원학보（사회과학판）,Chong Qing Ke Ji Xue Yuan Xue Bao （ She Hui Ke Xue Ban ）
原生态民族文化学刊,Journal of Original Ecological National Culture  원생태민족문화학간,Yuan Sheng Tai Min Zu Wen Hua Xue Kan
安徽农业大学学报（社会科学版）,Journal of Anhui Agricultural University ( Social Sciences)  안휘농업대학학보（사회과학판）,An Hui Nong Ye Da Xue Xue Bao （ She Hui Ke Xue Ban ）
海南大学学报（人文社会科学版）,Humanities & Social Sciences Journal of Hainan University  해남대학학보（인문사회과학판）,Hai Nan Da Xue Xue Bao （ Ren Wen She Hui Ke Xue Ban ）
江苏师范大学学报（哲学社会科学版）,Journal of Jiansu Normal University(Philosophy and Sciences Edition)  서주사범대학학보（철학사회과학판）,Xu Zhou Shi Fan Da Xue Xue Bao （ Zhe Xue She Hui Ke Xue Ban ）
中国卫生人才,China Health Human Resources  중국위생인재,Zhong Guo Wei Sheng Ren Cai
湖南工业大学学报（社会科学版）,Journal of Hunan University of Technology (Social Science Edition)  호남공업대학학보（사회과학판）,Hu Nan Gong Ye Da Xue Xue Bao （ She Hui Ke Xue Ban ）
新疆社会科学（汉文版）,Social Sciences in Xinjiang  신강사회과학（한문판）,Xin Jiang She Hui Ke Xue （ Han Wen Ban ）
北方民族大学学报（哲学社会科学版）,Journal of Beifang University Of Nationalities  북방민족대학학보（철학사회과학판）,Bei Fang Min Zu Da Xue Xue Bao （ Zhe Xue She Hui Ke Xue Ban ）
西藏研究,Tibetan Studies  서장구,Xi Cang Yan Jiu
西域研究,The Western Regions Studies  서역구,Xi Yu Yan Jiu
湖北经济学院学报（人文社会科学版）,Journal of Hubei University of Economics（Humanities and Social Sciences)  호북경제학원학보（인문사회과학판）,Hu Bei Jing Ji Xue Yuan Xue Bao （ Ren Wen She Hui Ke Xue Ban ）
温州大学学报（社会科学版）,Journal of Wenzhou University(Social Sciences)  온주대학학보（사회과학판）,Wen Zhou Da Xue Xue Bao （ She Hui Ke Xue Ban ）
文史,Wen Shi,Wen Shi
光彩,Brilliance  광채,Guang Cai
河南科技学院学报（社会科学版）,Journal of Hennan Institute of Science and Technology (Social Sciences Edition)  하남과기학원학보（사회과학판）,He Nan Ke Ji Xue Yuan Xue Bao （ She Hui Ke Xue Ban ）
晋阳学刊,Academic Journal of Jinyang  진양학간,Jin Yang Xue Kan
中国文物科学研究,ZHONGGUO WENWU KEXUE YANJIU  중국문물과학구,Zhong Guo Wen Wu Ke Xue Yan Jiu
北京科技大学学报（社会科学版）,Journal of University of Science and Technology Beijing (Social Sciences Edition)  북경과기대학학보（사회과학판）,Bei Jing Ke Ji Da Xue Xue Bao （ She Hui Ke Xue Ban ）
江南社会学院学报,Journal of Jiangnan Social University  강남사회학원학보,Jiang Nan She Hui Xue Yuan Xue Bao
中国人力资源社会保障,Zhongguo Renliziyuan Shehui Baozhang  중국인력자원사회보장,Zhong Guo Lao Dong Bao Zhang
才智,caizhi  재지,Cai Zhi
遗产与保护研究,Research on Heritages and Preservation,Yi Chan Yu Bao Hu Yan Jiu
云南大学学报（社会科学版）,Journal of Yunnan University (Social Sciences Edition)  운남대학학보（사회과학판）,Yun Nan Da Xue Xue Bao （ She Hui Ke Xue Ban ）
史林,Historical Review  사림,Shi Lin
陕西理工大学学报(社会科学版),Journal of Shaanxi University of Technology (Social Sciences)  섬서리공학원학보（사회과학판）,Shan Xi Li Gong Xue Yuan Xue Bao （ She Hui Ke Xue Ban ）
南海学刊
中华女子学院学报,Journal of China Women's University  중화녀자학원학보,Zhong Hua Nu Zi Xue Yuan Xue Bao
延边大学学报（社会科学版）,Journal of Yanbian University (Social Science Edition)  연변대학학보（사회과학판）,Yan Bian Da Xue Xue Bao （ She Hui Ke Xue Ban ）
中北大学学报（社会科学版）,Journal of North University of China (Social Science edition)  중북대학학보（사회과학판）,Zhong Bei Da Xue Xue Bao （ She Hui Ke Xue Ban ）
东南亚纵横,Around Southeast Asia  동남아종횡,Dong Nan Ya Zong Heng
渤海大学学报（哲学社会科学版）,Journal of Bohai University (Philosophy and Social Science Edition)  발해대학학보（철학사회과학판）,Bo Hai Da Xue Xue Bao （ Zhe Xue She Hui Ke Xue Ban ）
中国历史地理论丛,Journal of Chinese Historical Geography  중국력사지리론총,Zhong Guo Li Shi Di Li Lun Cong
探求,Academic Search for Truth and Reality  탐구,Tan Qiu
海交史研究,Maritime History Studies  해교사구,Hai Jiao Shi Yan Jiu
合肥工业大学学报（社会科学版）,Journal of Hefei University of Technology (Social Sciences)  합비공업대학학보（사회과학판）,He Fei Gong Ye Da Xue Xue Bao （ She Hui Ke Xue Ban ）
河北科技师范学院学报（社会科学版）,Journal of Hebei Normal University of Science & Technology (Social Sciences)  하북과기사범학원학보（사회과학판）,He Bei Ke Ji Shi Fan Xue Yuan Xue Bao （ She Hui Ke Xue Ban ）
史学理论研究,Historiography Quarterly  사학리론구,Shi Xue Li Lun Yan Jiu
山东理工大学学报（社会科学版）,Journal of Shandong University of Technology (Social Sciences Edition)  산동리공대학학보（사회과학판）,Shan Dong Li Gong Da Xue Xue Bao （ She Hui Ke Xue Ban ）
河北科技大学学报（社会科学版）,Journal of Hebei University of Science and Technology (Social Sciences）  하북과기대학학보（사회과학판）,He Bei Ke Ji Da Xue Xue Bao （ She Hui Ke Xue Ban ）
贵州大学学报（社会科学版）,Journal of Guizhou University (Social Science)  귀주대학학보（사회과학판）,Gui Zhou Da Xue Xue Bao （ She Hui Ke Xue Ban ）
湖南人文科技学院学报,Journal of Hunan University of Humanities Science and Technology  호남인문과기학원학보,Hu Nan Ren Wen Ke Ji Xue Yuan Xue Bao
东疆学刊,Dongjiang Journal  동강학간,Dong Jiang Xue Kan
克拉玛依学刊,JOURNAL OF KARAMAY  극랍마의학간,Ke La Ma Yi Xue Kan
宁夏大学学报（人文社会科学版）,Journal of Ningxia University (Social Science Edition）  녕하대학학보（인문사회과학판）,Ning Xia Da Xue Xue Bao （ Ren Wen She Hui Ke Xue Ban ）
小康,Insight China  소강,Xiao Kang
农业考古,Agricultural Archaeology  농업고고,Nong Ye Kao Gu
理论观察,Theory Observe  리론관찰,Li Lun Guan Cha
江苏科技大学学报（社会科学版）,Journal of Jiangsu University of Science and Technology (Science and Technology)  강소과기대학학보（사회과학판）,Jiang Su Ke Ji Da Xue Xue Bao （ She Hui Ke Xue Ban ）
中国钱币,China Numismatics  중국전폐,Zhong Guo Qian Bi
浙江师范大学学报（社会科学版）,Journal of Zhejiang Normal University (Social Sciences)  절강사범대학학보（사회과학판）,Zhe Jiang Shi Fan Da Xue Xue Bao （ She Hui Ke Xue Ban ）
河北师范大学学报（哲学社会科学版）,Journal of Hebei Normal University (Philosophy and Social Sciences Edition)  하북사범대학학보（철학사회과학판）,He Bei Shi Fan Da Xue Xue Bao （ Zhe Xue She Hui Ke Xue Ban ）
齐鲁学刊,Qilu Journal  제로학간,Qi Lu Xue Kan
安徽史学,Historiography Research in Anhui  안휘사학,An Hui Shi Xue
中国石油大学胜利学院学报,Journal of Shengli College China University of Petroleum  중국석유대학승리학원학보,Zhong Guo Shi You Da Xue Sheng Li Xue Yuan Xue Bao
山西高等学校社会科学学报,Social Sciences Journal of Colleges of Shanxi  산서고등학교사회과학학보,Shan Xi Gao Deng Xue Xiao She Hui Ke Xue Xue Bao
北京化工大学学报（社会科学版）,Journal of Beijing University of Chemical Technology (Social Sciences Edition)  북경화공대학학보（사회과학판）,Bei Jing Hua Gong Da Xue Xue Bao （ She Hui Ke Xue Ban ）
经济社会史评论,Economic and Social History Review,Jing Ji She Hui Shi Ping Lun
新疆社科论坛,Tribune of Social Sciences in Xinjiang  신강사과론단,Xin Jiang She Ke Lun Tan
甘肃理论学刊,Gansu Theory Research  감숙리론학간,Gan Su Li Lun Xue Kan
燕山大学学报（哲学社会科学版）,Journal of Yanshan University (Philosophy and Social Edition)  연산대학학보（철학사회과학판）,Yan Shan Da Xue Xue Bao （ Zhe Xue She Hui Ke Xue Ban ）
南华大学学报（社会科学版）,Journal of University of South China (Social Science Edition)  남화대학학보（사회과학판）,Nan Hua Da Xue Xue Bao （ She Hui Ke Xue Ban ）
湖北民族学院学报（哲学社会科学版）,Journal of Hubei University for Nationalities（Philosophy and Social Sciences）  호북민족학원학보（철학사회과학판）,Hu Bei Min Zu Xue Yuan Xue Bao （ Zhe Xue She Hui Ke Xue Ban ）
青海民族研究,Nationalities Research in Qinghai  해민족구,Qing Hai Min Zu Yan Jiu
理论学习-山东干部函授大学学报,Theory Study  리론학습-산동간부함수대학학보,Li Lun Xue Xi - Shan Dong Gan Bu Han Shou Da Xue Xue Bao
闽南师范大学学报（哲学社会科学版）,Journal of Zhangzhou Teachers College (Philosophy & Social Sciences)  주사범학원학보（철학사회과학판）,Zhang Zhou Shi Fan Xue Yuan Xue Bao （ Zhe Xue She Hui Ke Xue Ban ）
创新,Innovation  창신,Chuang Xin
创意设计源,Idea&Design,Chang Yi She Ji Yuan
大连海事大学学报（社会科学版）,Journal of Dalian Maritime University (Social Science Edition)  대련해사대학학보（사회과학판）,Da Lian Hai Shi Da Xue Xue Bao （ She Hui Ke Xue Ban ）
西安文理学院学报（社会科学版）,Journal of Xi'an University of Arts and Science (Social Sciences Edition)  서안문리학원학보（사회과학판）,Xi An Wen Li Xue Yuan Xue Bao （ She Hui Ke Xue Ban ）
成都大学学报（社会科学版）,Journal of Chengdu University (Social Science Edition)  성도대학학보（사회과학판）,Cheng Du Da Xue Xue Bao （ She Hui Ke Xue Ban ）
长春理工大学学报（社会科学版）,Journal of Changchun University of Science and Technology  장춘리공대학학보（사회과학판）,Chang Chun Li Gong Da Xue Xue Bao （ She Hui Ke Xue Ban ）
重庆文理学院学报（社会科学版）,Journal of Chongqing University of Arts and Sciences  중경문리학원학보（사회과학판）,Chong Qing Wen Li Xue Yuan Xue Bao （ She Hui Ke Xue Ban ）
西南科技大学学报（哲学社会科学版）,Journal of Southwest University of Science and Technology  서남과기대학학보（철학사회과학판）,Xi Nan Ke Ji Da Xue Xue Bao （ Zhe Xue She Hui Ke Xue Ban ）
北华大学学报（社会科学版）,Journal of Beihua University (Social Sciences)  북화대학학보（사회과학판）,Bei Hua Da Xue Xue Bao （ She Hui Ke Xue Ban ）
杭州师范大学学报（社会科学版）,Journal of Hangzhou Teachers College (Social Sciences Edition)  항주사범대학학보（사회과학판）,Hang Zhou Shi Fan Xue Yuan Xue Bao （ She Hui Ke Xue Ban ）
中国藏学,China Tibetology  중국장학,Zhong Guo Cang Xue
前沿,Forward Position  전연,Qian Yan
黄山学院学报,Journal of Huangshan University  황산학원학보,Huang Shan Xue Yuan Xue Bao
理论与现代化,Theory and Modernization  리론여현대화,Li Lun Yu Xian Dai Hua
当代韩国,Contemporary Korea  당대한국,Dang Dai Han Guo
贵州民族大学学报（哲学社会科学版）,Journal of Guizhou Minzu University(Philosophy and Social Science)  귀주민족학원학보（철학사회과학판）,Gui Zhou Min Zu Xue Yuan Xue Bao （ Zhe Xue She Hui Ke Xue Ban ）
南昌航空大学学报（社会科学版）,Journal of Nanchang Hangkong University (Social Science Edition）  남창항공대학학보（사회과학판）,Nan Chang Hang Kong Da Xue Xue Bao （ She Hui Ke Xue Ban ）
西昌学院学报（社会科学版）,Journal of Xichang College (Social Science Edition)  서창학원학보（사회과학판）,Xi Chang Xue Yuan Xue Bao （ She Hui Ke Xue Ban ）
盐城工学院学报（社会科学版）,Journal of Yancheng Institute of Technology (Social Science Edition)  염성공학원학보（사회과학판）,Yan Cheng Gong Xue Yuan Xue Bao （ She Hui Ke Xue Ban ）
职业,Occupation  직업,Zhi Ye
西华大学学报（哲学社会科学版）,Journal of Xihua University (Philosophy & Social Sciences)  서화대학학보（철학사회과학판）,Xi Hua Da Xue Xue Bao （ Zhe Xue She Hui Ke Xue Ban ）
黑河学刊,Heihe Journal  흑하학간,Hei He Xue Kan
辽宁师专学报（社会科学版）,Journal of Liaoning Teachers College (Social Sciences Edition)  료녕사전학보（사회과학판）,Liao Ning Shi Zhuan Xue Bao （ She Hui Ke Xue Ban ）
决策探索,Policy Research & Exploration  결책탐색,Jue Ce Tan Suo
行政科学论坛,Reseach of Administritive Science  신학원학보（사회과학판）,Xin Xiang Shi Fan Gao Deng Zhuan Ke Xue Xiao Xue Bao
长春大学学报（社会科学版）,Journal of Changchun University  장춘대학학보（사회과학판）,Chang Chun Da Xue Xue Bao （ She Hui Ke Xue Ban ）
社科纵横,Social Sciences Review  사과종횡,She Ke Zong Heng
洛阳理工学院学报（社会科学版）,Journal of LuoYang Institute of Science and Technology(Social Science Edition)  락양리공학원학보（사회과학판）,Luo Yang Li Gong Xue Yuan Xue Bao （ She Hui Ke Xue Ban ）
江苏海洋大学学报（人文社会科学版）,Journal of Jiangsu Ocean University (Humanities& Social Edition)  회해공학원학보（사회과학판）,Huai Hai Gong Xue Yuan Xue Bao （ She Hui Ke Xue Ban ）
井冈山大学学报（社会科学版）,Journal of Jinggangshan University (Social Sciences Edition)  정강산대학학보（사회과학판）,Jing Gang Shan Da Xue Xue Bao （ She Hui Ke Xue Ban ）
山西师大学报（社会科学版）,Journal of Shanxi Normal University (Social Science Edition)  산서사대학보（사회과학판）,Shan Xi Shi Da Xue Bao （ She Hui Ke Xue Ban ）
浙江万里学院学报,Journal of Zhejiang Wanli University  절강만리학원학보,Zhe Jiang Wan Li Xue Yuan Xue Bao
南方论刊,Nan Fang Lun Kan  남방론간,Nan Fang Lun Kan
湖南工程学院学报（社会科学版）,Journal of Hunan Institute of Engineering (Social Science Edition)  호남공정학원학보（사회과학판）,Hu Nan Gong Cheng Xue Yuan Xue Bao （ She Hui Ke Xue Ban ）
南亚东南亚研究,South Asian and Southeast Asian Studies  동남아남아구,Dong Nan Ya
石河子大学学报（哲学社会科学版）,Journal of Shihezi University (Philosophy and Social Science)  석하자대학학보（철학사회과학판）,Shi He Zi Da Xue Xue Bao （ Zhe Xue She Hui Ke Xue Ban ）
西伯利亚研究,Siberian Studies  서백리아구,Xi Bo Li Ya Yan Jiu
城市学刊,Journal of Urban Studies  호남성시학원학보,Hu Nan Cheng Shi Xue Yuan Xue Bao （ Ren Wen She Hui Ke Xue Ban ）
宁德师范学院学报（哲学社会科学版）,Journal of Ningde Normal University (Philosophy and Social Sciences Edition)  덕사전학보（철학사회과학판）,Ning De Shi Zhuan Xue Bao （ Zhe Xue She Hui Ke Xue Ban ）
徐州工程学院学报（社会科学版）,Journal of xuzhou Institute of Technology (Social Sciences Edition)  서주공정학원학보（사회과학판）,Xu Zhou Gong Cheng Xue Yuan Xue Bao （ She Hui Ke Xue Ban ）
西藏民族大学学报（哲学社会科学版）,Journal of Xizang Minzu University(Philosophy and Social Sciences Edition)  서장민족학원학보（철학사회과학판）,Xi Cang Min Zu Xue Yuan Xue Bao （ Zhe Xue She Hui Ke Xue Ban ）
齐齐哈尔大学学报（哲学社会科学版）,Journal of Qiqihar University (Philosophy and Social Science Edition)  제제합이대학학보（철학사회과학판）,Qi Qi Ha Er Da Xue Xue Bao （ Zhe Xue She Hui Ke Xue Ban ）
劳动保障世界,Laodong Baozhang Shijie  로동보장세계,Lao Dong Bao Zhang Shi Jie
贵阳学院学报（社会科学版）,Journal of Guiyang University (Social Science)  귀양학원학보（사회과학판）,Gui Yang Xue Yuan Xue Bao （ She Hui Ke Xue Ban ）
郑州航空工业管理学院学报（社会科学版）,Journal of Zhengzhou Institute of Aeronautical Industry Management (Social Science Edition)  정주항공공업관리학원학보（사회과학판）,Zheng Zhou Hang Kong Gong Ye Guan Li Xue Yuan Xue Bao （ She Hui Ke Xue Ban ）
南洋资料译丛,Southeast Asian Studies  남양자료역총,Nan Yang Zi Liao Yi Cong
华北水利水电大学学报（社会科学版）,Journal of North China University of Water Resources and Electric Power(Social Sciences Edition)  화북수리수전학원학보（사과판）,Hua Bei Shui Li Shui Dian Xue Yuan Xue Bao （ She Ke Ban ）
长江大学学报（社会科学版）,Journal of Yangtze University (Social Sciences Edition)  장강대학학보（사회과학판）,Chang Jiang Da Xue Xue Bao （ She Hui Ke Xue Ban ）
古代文明,The Journal of Ancient Civilizations  고대문명,Gu Dai Wen Ming
太原理工大学学报（社会科学版）,Journal of Taiyuan University of Technology (Social Sciences Edition)  태원리공대학학보（사회과학판）,Tai Yuan Li Gong Da Xue Xue Bao （ She Hui Ke Xue Ban ）
四川文物,Sichuan Cultural Relics  사천문물,Si Chuan Wen Wu
榆林学院学报,Journal of Yulin College  림학원학보,Yu Lin Xue Yuan Xue Bao
中国地方志,Chinese Local Records  중국지방지,Zhong Guo Di Fang Zhi
桂海论丛,Guihai Tribune  계해론총,Gui Hai Lun Cong
安徽工业大学学报（社会科学版）,Journal of Anhui University of Technology (Social Sciences Edition)  안휘공업대학학보（사회과학판）,An Hui Gong Ye Da Xue Xue Bao （ She Hui Ke Xue Ban ）
中国科技史杂志,The Chinese Journal for the History of Science and Technology  중국과기사잡지,Zhong Guo Ke Ji Shi Za Zhi
华夏考古,Huaxia Archaeology  화하고고,Hua Xia Kao Gu
中华文史论丛,ZHONGHUA WENSHI LUNCONG
长春师范大学学报（人文社会科学版）,Journal of Changchun Normal University  (Humanities and Social Sciences)  장춘사범학원학보（인문사회과학판）,Chang Chun Shi Fan Xue Yuan Xue Bao （ Ren Wen She Hui Ke Xue Ban ）
盐城师范学院学报（人文社会科学版）,Journal of Yancheng Teachers University Humanities & Social Sciences Edition  염성사범학원학보（인문사회과학판）,Yan Cheng Shi Fan Xue Yuan Xue Bao （ Ren Wen She Hui Ke Xue Ban ）
内蒙古民族大学学报（社会科学版）,Journal of Inner Mongolia University for Nationalities (Social Sciences)  내몽고민족대학학보（사회과학판）,Nei Meng Gu Min Zu Da Xue Xue Bao （ She Hui Ke Xue Ban ）
国际人才交流,International Talent  국제인재교류,Guo Ji Ren Cai Jiao Liu
浙江海洋大学学报（人文科学版）,Journal of Zhejiang Ocean University (Humane Science)  절강해양학원학보（인문과학판）,Zhe Jiang Hai Yang Xue Yuan Xue Bao （ Ren Wen Ke Xue Ban ）
西安石油大学学报（社会科学版）,Journal of Xi'an Shiyou University (Social Sciences)  서안석유대학학보（사회과학판）,Xi An Shi You Da Xue Xue Bao （ She Hui Ke Xue Ban ）
敦煌研究,Dunhuang Research  돈황구,Dun Huang Yan Jiu
海军工程大学学报（综合版）,Journal of Naval University of Engineering  해군공정대학학보(종합판),Hai Jun Gong Cheng Da Xue Xue Bao （ Zong He Ban ）
西华师范大学学报（哲学社会科学版）,Journal of China West Normal University (Philosophy & Social Sciences)  서화사범대학학보（철학사회과학판）,Xi Hua Shi Fan Da Xue Xue Bao （ Zhe Xue She Hui Ke Xue Ban ）
城市管理与科技,Urban Management Science & Technology  성시관리여과기,Cheng Shi Guan Li Yu Ke Ji
淮北师范大学学报（哲学社会科学版）,Journal of Huaibei Normal University (Philosophy and Social Sciences)  회북사범대학학보（철학사회과학판）,Huai Bei Mei Tan Shi Fan Xue Yuan Xue Bao （ Zhe Xue She Hui Ke Xue Ban ）
绍兴文理学院学报,Journal of Shaoxing University  소흥문리학원학보,Shao Xing Wen Li Xue Yuan Xue Bao
集美大学学报（哲学社会科学版）,Journal of Jimei University (Philosophy and Social Sciences)  집미대학학보（철학사회과학판）,Ji Mei Da Xue Xue Bao （ Zhe Xue She Hui Ke Xue Ban ）
创意与设计,Creation and design  창의여설계,Chuang Yi Yu She Ji
安徽理工大学学报（社会科学版）,Journal of Anhui University of Science and Technology (Social Science)  안휘리공대학학보（사회과학판）,An Hui Li Gong Da Xue Xue Bao （ She Hui Ke Xue Ban ）
文物世界,World of Antiquity  문물세계,Wen Wu Shi Jie
云梦学刊,Journal of Yunmeng  운몽학간,Yun Meng Xue Kan
中国社会经济史研究,The Journal of Chinese Social and Economic History  중국사회경제사구,Zhong Guo She Hui Jing Ji Shi Yan Jiu
盐业史研究,Salt Industry History Research  염업사구,Yan Ye Shi Yan Jiu
理论界,Theory horizon  리론계,Li Lun Jie
长江论坛,Yangtze Tribune  장강론단,Chang Jiang Lun Tan
宝鸡文理学院学报（社会科学版）,Journal of Baoji University of Arts and Science (Social Science Edition)  보문리학원학보（사회과학판）,Bao Ji Wen Li Xue Yuan Xue Bao （ She Hui Ke Xue Ban ）
佳木斯大学社会科学学报,Journal of Social Science of Jiamusi University  가목사대학사회과학학보,Jia Mu Si Da Xue She Hui Ke Xue Xue Bao
东华大学学报（社会科学版）,Journal of Donghua University (Social Science Edition)  동화대학학보（사회과학판）,Dong Hua Da Xue Xue Bao （ She Hui Ke Xue Ban ）
内蒙古师范大学学报（哲学社会科学版）,Journal of Inner Mongolia Normal University (Philosophy & Social Science)  내몽고사범대학학보（철학사회과학판）,Nei Meng Gu Shi Fan Da Xue Xue Bao （ Zhe Xue She Hui Ke Xue Ban ）
延安大学学报（社会科学版）,Journal of Yan'an University (Social Science Edition)  연안대학학보（사회과학판）,Yan An Da Xue Xue Bao （ She Hui Ke Xue Ban ）
中国统计,China Statistics  중국통계,Zhong Guo Tong Ji
重庆师范大学学报（社会科学版）,Journal of Chongqing Normal University Edition of Social Sciences  중경사범대학학보（철학사회과학판）,Chong Qing Shi Fan Da Xue Xue Bao （ Zhe Xue She Hui Ke Xue Ban ）
文博,Relics and Museology  문박,Wen Bo
青海民族大学学报（社会科学版）,Journal of Qinghai Nationalities Institute (Social Sciences)  해민족대학학보（사회과학판）,Qing Hai Min Zu Xue Yuan Xue Bao （ She Hui Ke Xue Ban ）
湖南省社会主义学院学报,Journal of Hunan Institute of Socialism  호남성사회주의학원학보,Hu Nan Sheng She Hui Zhu Yi Xue Yuan Xue Bao
南京工程学院学报（社会科学版）,Journal of Nanjing Institute of Technology (Social Science Edition)  남경공정학원학보（사회과학판）,Nan Jing Gong Cheng Xue Yuan Xue Bao （ She Hui Ke Xue Ban ）
成都理工大学学报（社会科学版）,Journal of Chengdu University of Technology Social Sciences  성도리공대학학보（사회과학판）,Cheng Du Li Gong Da Xue Xue Bao （ She Hui Ke Xue Ban ）
宁波大学学报（人文科学版）,Journal of Ningbo University (Liberal Arts Edition)  녕파대학학보（인문과학판）,Ning Bo Da Xue Xue Bao （ Ren Wen Ke Xue Ban ）
南都学坛,Academic Forum of Nandu  남도학단,Nan Du Xue Tan
江南大学学报（人文社会科学版）,Journal of Jiangnan University (Humanities & Social Sciences)  강남대학학보（인문사회과학판）,Jiang Nan Da Xue Xue Bao （ Ren Wen She Hui Ke Xue Ban ）
内蒙古大学学报（哲学社会科学版）,Journal of Inner Mongolia University (Humanities and Social Sciences)  내몽고대학학보（철학사회과학판）,Nei Meng Gu Da Xue Xue Bao （ Zhe Xue She Hui Ke Xue Ban ）
鲁迅研究月刊,Luxun Research Monthly  로신구월간,Lu Xun Yan Jiu Yue Kan
中国社会工作,China Society Periodical  중국사회공작,Zhong Guo She Hui Dao Kan
佛山科学技术学院学报（社会科学版）,Journal of Foshan University (Social Science Edition)  불산과학기술학원학보（사회과학판）,Fo Shan Ke Xue Ji Shu Xue Yuan Xue Bao （ She Hui Ke Xue Ban ）
自然科学史研究,Studies in the History of Natural Sciences  자연과학사구,Zi Ran Ke Xue Shi Yan Jiu
中国国家博物馆馆刊,Journal of National Museum of China,Zhong Guo Li Shi Wen Wu
鲁东大学学报（哲学社会科学版）,Ludong University Journal (Philosophy and Social Sciences Edition)  로동대학학보（철학사회과학판）,Lu Dong Da Xue Xue Bao （ Zhe Xue She Hui Ke Xue Ban ）
安庆师范大学学报（社会科学版）,Journal of Anqing normal university (Social Science Edition)  안경사범학원학보（사회과학판）,An Qing Shi Fan Xue Yuan Xue Bao （ She Hui Ke Xue Ban ）
青海师范大学学报（哲学社会科学版）,Journal of Qinghai Normal University (Philosophy and Social Science Edition)  해사범대학학보（철학사회과학판）,Qing Hai Shi Fan Da Xue Xue Bao （ Zhe Xue She Hui Ke Xue Ban ）
荆楚理工学院学报,Journal of Jingchu University of Technology  형초리공학원학보,Jing Men Zhi Ye Ji Shu Xue Yuan Xue Bao
辽东学院学报（社会科学版）,Journal of Eastern Liaodong University (Social Sciences)  료동학원학보（사회과학판）,Liao Dong Xue Yuan Xue Bao （ She Hui Ke Xue Ban ）
中原文物,Cultural Relics of Central China  중원문물,Zhong Yuan Wen Wu
天中学刊,Journal of Tianzhong  천중학간,Tian Zhong Xue Kan
史学史研究,Journal of Historiography,Shi Xue Shi Yan Jiu
北方文物,Northern Cultural Relics  북방문물,Bei Fang Wen Wu
江南论坛,Jiangnan Forum  강남론단,Jiang Nan Lun Tan
人力资源,Human Resources  인력자원,Ren Li Zi Yuan
大庆社会科学,Daqing Social Sciences  대경사회과학,Da Qing She Hui Ke Xue
淮阴师范学院学报（哲学社会科学版）,Journal of Huaiyin Teachers College(Social Sciences Edition)  회음사범학원학보（철학사회과학판）,Huai Yin Shi Fan Xue Yuan Xue Bao （ Zhe Xue She Hui Ke Xue Ban ）
河南科技大学学报（社会科学版）,Journal of Henan University of science & Technology (Social Science)  하남과기대학학보（사회과학판）,He Nan Ke Ji Da Xue Xue Bao （ She Hui Ke Xue Ban ）
法国研究,Etudes Francaises  법국구,Fa Guo Yan Jiu
文物春秋,Stories of Relics  문물춘추,Wen Wu Chun Qiu
山西大同大学学报（社会科学版）,Journal of Shanxi Datong University (Social Science Edition)  산서대동대학학보（사회과학판）,Shan Xi Da Tong Da Xue Xue Bao （She Hui Ke Xue Ban）
外国问题研究,Japanese Studies Forum  외국문제구,Ri Ben Xue Lun Tan
兰州文理学院学报（社会科学版）,Journal of LanZhou University of Arts And Science (Social Sciences Edition)  감숙련합대학학보（사회과학판）,Gan Su Lian He Da Xue Xue Bao （ She Hui Ke Xue Ban ）
攀登（汉文版）,Ascent  반등,Pan Deng
阜阳师范大学学报（社会科学版）,Journal of Fuyang Normal University (Social Science Edition)  부양사범학원학보（사회과학판）,Fu Yang Shi Fan Xue Yuan Xue Bao （ She Hui Ke Xue Ban ）
四川劳动保障,Sichuan Labour and Social Security  사천로동보장,Si Chuan Lao Dong Bao Zhang
新西部（中旬刊）,New West,Xin Xi Bu （ Zhong Xun Kan ）
今日海南,Hainan Today Magazine  금일해남,Jin Ri Hai Nan
世纪桥,BRIDGE OF CENTURY  세기교,Shi Ji Qiao
哈尔滨师范大学社会科学学报,Journal of Social Science of Harbin Normal University  합이빈사범대학사회과학학보,Ha Er Bin Shi Fan Da Xue She Hui Ke Xue Xue Bao
北方论丛,The Northern Forum  북방론총,Bei Fang Lun Cong
敦煌学辑刊,Journal of Dunhuang Studies  돈황학집간,Dun Huang Xue Ji Kan
海南师范大学学报（社会科学版）,Journal of Hainan Normal University(Social Sciences)  해남사범대학학보（사회과학판）,Hai Nan Shi Fan Da Xue Xue Bao （ She Hui Ke Xue Ban ）
西部学刊,West Journal,Xi Bu Xue Kan
历史教学问题,Problems in the Teaching of History,Li Shi Jiao Xue Wen Ti
老区建设,Old Liberated Area Built  로구건설,Lao Qu Jian She
中国社会组织,China Social Organization  사단관리구,She Tuan Guan Li Yan Jiu
五邑大学学报（社会科学版）,Journal of Wuyi University (Social Science Edition)  오읍대학학보（사회과학판）,Wu Yi Da Xue Xue Bao （ She Hui Ke Xue Ban ）
成才之路,The Road to Success  성재지로,Cheng Cai Zhi Lu
九江学院学报（社会科学版）,Journal of Jiujiang University (social sciences)  구강학원학보（철학사회과학판）,Jiu Jiang Xue Yuan Xue Bao
草原文物,Inner Mongolia Cultural Relic and Archaeology  내몽고문물고고,Nei Meng Gu Wen Wu Kao Gu
唐都学刊,Tangdu Journal  당도학간,Tang Du Xue Kan
赤子,Chi Zi,Chi Zi
东方论坛,Oriental Forum  동방론단,Dong Fang Lun Tan
阴山学刊,Yinshan Academic Journal  음산학간（사회과학판）,Yin Shan Xue Kan （ She Hui Ke Xue Ban ）
聊城大学学报（社会科学版）,Journal of Liaocheng University (Social Sciences Edition)  료성대학학보（사회과학판）,Liao Cheng Da Xue Xue Bao （ She Hui Ke Xue Ban ）
太原师范学院学报（社会科学版）,Journal of Taiyuan Normal University (Social Science Edition)  태원사범학원학보（사회과학판）,Tai Yuan Shi Fan Xue Yuan Xue Bao （ She Hui Ke Xue Ban ）
化石,Fossils  화석,Hua Shi
决策,Decision-Making  결책,Jue Ce
西夏研究,TANGUT  RESEARCH  서하구,Xi Xia Yan Jiu
小康·财智,XIAOKANG,Xiao Kang · Cai Zhi
武陵学刊,Journal of Hunan University of Arts and Science (Social Science Edition)  무릉학간,Hu Nan Wen Li Xue Yuan Xue Bao （ She Hui Ke Xue Ban ）
常州工学院学报（社会科学版）,Journal of Changzhou Institute of Technology (Social Science Edition)  상주공학원학보（사회과학판）,Chang Zhou Gong Xue Yuan Xue Bao （ She Hui Ke Xue Ban ）
满族研究,Manzu Minority Research  만족구,Man Zu Yan Jiu
群文天地,Folk Art and Literature  군문천지,Qun Wen Tian Di
城市开发,Urban Development  성시개발,Cheng Shi Kai Fa
船山学刊,Chuanshan Journal  선산학간,Chuan Shan Xue Kan
贵州文史丛刊,Guizhou Culture And History  귀주문사총간,Gui Zhou Wen Shi Cong Kan
创造,Creation  창조,Chuang Zao
青藏高原论坛,Tibetan Plateau Forum,Qing Zang Gao Yuan Lun Tan
中国社会科学（英文版）,Social Sciences in China,Zhong Guo She Hui Ke Xue （ Ying Wen Ban ）
杜甫研究学刊,Journal of Du Fu Studies,Du Fu Yan Jiu Xue Kan
回族研究,Journal of Hui Muslim Minority Study  회족구,Hui Zu Yan Jiu
武汉文史资料,Wuhan Wenshi Ziliao  무한문사자료,Wu Han Wen Shi Zi Liao
苏州科技大学学报（社会科学版）,Journal of Suzhou University of Science and Technology  (Social Science)  소주과기학원학보（사회과학판）,Su Zhou Ke Ji Xue Yuan Xue Bao （ She Hui Ke Xue Ban ）
寻根,Root Exploration  심근,Xun Gen
今日浙江,Zhejiang Today  금일절강,Jin Ri Zhe Jiang
殷都学刊,Yindu Journal  은도학간,Yin Du Xue Kan
国学学刊,Research in the Traditions of Chinese Culture,Guo Xue Xue Kan
江淮文史,Jianghuai Culture History  강회문사,Jiang Huai Wen Shi
中国土族,China's TU Nationality  중국토족,Zhong Guo Tu Zu
郭沫若学刊,Journal of Go-Moruo Studies  곽말약학간,Guo Mo Ruo Xue Kan
中国人才,Chinese Talents  중국인재（상반월）,Zhong Guo Ren Cai （ Shang Ban Yue ）
民族大家庭,Minzu Dajiating  민족대가정,Min Zu Da Jia Ting
蒲松龄研究,Pusongling Research  포송령구,Pu Song Ling Yan Jiu
丝绸之路,Silk Road  사주지로,Si Chou Zhi Lu
中国扶贫,China Poverty Alleviation  중국부빈,Zhong Guo Fu Pin
文史杂志,Journal of Literature and History  문사잡지,Wen Shi Za Zhi
中国历史学前沿,Frontiers of History in China,Zhong Guo Li Shi Xue Qian Yan
广西地方志,Guangxi's Local Records  광서지방지,Guang Xi Di Fang Zhi
中国西部,West China  중국서부,Zhong Guo Xi Bu
当代兵团,Dang Dai Bing Tuan  병단건설,Bing Tuan Jian She
民心,Minxin,Mx
关东学刊,Guandong Xuekan,Guan Dong Xue Kan
青春岁月,BLOOMING SEASON  춘세월,Qing Chun Sui Yue
西部蒙古论坛,Journal of The Western Mongolian Studies  서부몽고론단,Xi Bu Meng Gu Lun Tan
湖北政协,Country Review  세기행,Shi Ji Xing
新疆地方志,XINJIANG DIFANGZHI  신강지방지,Xin Jiang Di Fang Zhi
文史天地,WENSHI TIANDI  문사천지,Wen Shi Tian Di
人与生物圈,Man and the Biosphere  인여생물권,Ren Yu Sheng Wu Quan
岭南文史,Lingnan Culture and History,Ling Nan Wen Shi
少男少女,Boy and Girl,Shao Nan Shao Nu
山东青年,Shandong Youth  산동년,Shan Dong Qing Nian
江苏地方志,Jiangsu Difangzhi
复印报刊资料-宋辽金元史分册,FUYIN BAOKAN ZILIAO-SONGLIAOJINYUANSHI FENCE,Fu Yin Bao Kan Zi Liao - Song Liao Jin Yuan Shi Fen Ce
男生女生（月末版）,Boys and Girls  남생녀생（월말판）,Nan Sheng Nv Sheng （ Yue Mo Ban ）
全球史评论,Global History Review,Quan Qiu Shi Ping Lun
文史月刊,WENSHI YUEKAN,Wen Shi Yue Kan
沟通,GOUTONG,Gou Tong
新天地,New Horizon  신천지,Xin Tian Di
今日东方,Orient Today  금일동방,Jin Ri Dong Fang
陕西社会科学论丛,shanxi sheh kexue luncong  섬서사회과학론총,Shan Xi She Hui Ke Xue Lun Cong
北大史学,Bdsx
高校社科信息,GAOXIAO SHEKE XINXI,Gao Xiao She Ke Xin Xi
视听界,The Video-Audio Circle,Shi Ting Jie
百年潮,Hundred Year Tide  백년조,Bai Nian Chao
世界博览,World Vision  세계박람,Shi Jie Bo Lan
魅力中国,Charming China  매력중국,Mei Li Zhong Guo
青苹果,QING PINGGUO,Qing Ping Guo
孔学堂,Confucian Academy
抗战史料研究,Studies on The Historical Materials of China's Resistance War Against Japan,Kang Zhan Shi Liao Yan Jiu
世界知识画报,World Affairs Pictorial  세계지식보,Shi Jie Zhi Shi Hua Bao
八小时以外,Sparetime  팔소시이외,Ba Xiao Shi Yi Wai
唐史论丛,Tangshi Luncong,Tslc
炎黄春秋,Yan-Huang Historical Review,Yan Huang Chun Qiu
小雪花（初中高分作文）,XIAO XUEHUA（CHUZHONG GAOFENG ZUOWEN）  소설화（초중고분작문）,Xiao Xue Hua （ Xiao Xue Qu Wei Ying Yu ）
中国社会历史评论,Chinese Social History Review,Zhong Guo She Hui Li Shi Ping Lun
贵州工业大学学报（社会科学版）,Journal of Guizhou University of Technology (Social Science Edition)  귀주공업대학학보（사회과학판）,Gui Zhou Gong Ye Da Xue Xue Bao （ She Hui Ke Xue Ban ）
大江周刊（论坛）,DAJIANG WEEKLY  대강주간（론단）,Da Jiang Zhou Kan
华人时刊（上旬刊）,CHINESE TIMES  화인시간（상순간）,Hua Ren Shi Kan （ Shang Xun Kan ）
新智慧
老年教育（书画艺术）,Education Journal for Senior Citizens  로년육（서예술）,Lao Nian Jiao Yu （ Shu Hua Yi Shu ）
杭州（我们）,hangzhou  항주（아문）,Hang Zhou （ Wo Men ）
恋爱·婚姻·家庭(纪实版),Lianai·Hunyin·Jiating(Jishe Ban)  련애·혼인·가정(기실판),Lian Ai . Hun Yin . Jia Ting
时代潮,SHIDAICHAO,Shi Dai Chao
佳木斯社会科学,JIAMUSI SHEHUI KEXUE,Jia Mu Si She Hui Ke Xue
西部观察,West New Observation  서부관찰,Xi Bu Guan Cha
现代台湾研究,Xiandai Taiwan Yanjiu
小聪仔,XIAO CONGZAI,Xiao Cong Zi
内蒙古教育（读品）,Inner Mongolia Education
影响力,Impact Magazine,Ying Xiang Li
藏学学刊,Journal of Tibetology,Zang Xue Xue Kan
当代港澳研究,Studies on Hong Kong and Macao,Dang Dai Gang Ao Yan Jiu
历史文献研究,Lishi Wenxian Yanjiu,Li Shi Wen Xian Yan Jiu
赢未来,Win The Future
人才开发,Talent Exploitation,Ren Cai Kai Fa
学术探索•理论研究,Academic Exploration•Theory Research  학술탐색?리론구,Xue Shu Tan Suo · Li Lun Yan Jiu
启蒙（0-3岁）,QIMENG (0-7SUI)  몽（0-3세）,Qi Meng （ 0 - 3 Sui ）
文物鉴定与鉴赏,IDENTIFICATION AND APPRECIATION TO CULTURAL RELICS  문물감정여감상,Wen Wu Jian Ding Yu Jian Shang
社会观察,Social Outlook  사회관찰,She Hui Guan Cha
中国报道,China Report,Zhong Guo Bao Dao
金色年华(下）,Golden Times  김색년화(하),Jin Se Nian Hua
出国与就业,Overseas Travel and Employment  출국여취업,Chu Guo Yu Jiu Ye
今日重庆,Chongqing Today  금일중경,Jin Ri Zhong Qing
百姓,People  백성,Bai Xing
职业圈·现代软科学,ZHIYEQUAN（XIANDAI RUANKEXUE）,Zhi Ye Quan · Xian Dai Ruan Ke Xue
国际社会科学杂志,International Social Science Journal,Guo Ji She Hui Ke Xue Za Zhi
同舟共进,Tong Zhou Gong Jin  동주공진,Tong Zhou Gong Jin
吉林画报（教育百家 B）,New Horizon  길림보·신시계,Ji Lin Hua Bao · Xin Shi Jie
华人世界,CHINESE WORLD,Hua Ren Shi Jie
世界知识画报·艺术视界,World Affairs Pictorial·Art  세계지식보·예술시계,Shi Jie Zhi Shi Hua Bao · Yi Shu Shi Jie
东西南北,East West South North,Dong Xi Nan Bei
武汉大学学报（人文科学版）,Wuhan University Journal (Humanity Sciences)  무한대학학보（인문과학판）,Wu Han Da Xue Xue Bao （ Ren Wen Ke Xue Ban ）
辽宁工程技术大学学报（社会科学版）,Journal of Liaoning Technical University (Social Science Edition)  료녕공정기술대학학보（사회과학판）,Liao Ning Gong Cheng Ji Shu Da Xue Xue Bao （ She Hui Ke Xue Ban ）
网络财富,Internet Fortune  망락재부,Wang Luo Cai Fu
求知,Seeking Knowledge,Qiu Zhi
同学少年,Teenage Schoolmates  동학소년,Tong Xue Shao Nian
山东工业大学学报（社会科学版）,SHANDONG GONGYE DAXUE XUEBAO(SHEKE BAN),Shan Dong Gong Ye Da Xue Xue Bao （ She Hui Ke Xue Ban ）
学园,Academy  학원,Xue Yuan
英才,Talents,Ying Cai
中国退役军人,Chinese Talents
国外社会科学文摘,Digest of Foreign Social Sciences,Guo Wai She Hui Ke Xue Wen Zhai
创业邦,Entrepreneur,Qi Ye Bang
宝鸡社会科学,BAOJI SHEHUI KEXUE,Bao Ji She Hui Ke Xue
福建论坛（社科教育版）,Fujian Tribune (A Economics & Sociology Monthly)  복건론단（사과육판）,Fu Jian Lun Tan （ She Ke Jiao Yu Ban ）
简帛,Bamboo and Silk Manuscripts,Jian Bo
近代史学刊,Journal of Modern Chinese History,Jin Dai Shi Xue Kan
区域治理,REGIONAL GOVENANCE
新疆人文地理,Xinjiang Humanities & Geography,Xin Jiang Ren Wen Di Li
格言,Youth's Friend,Ge Yan
人才,RENCAI,Ren Cai
佛山研究,Foshan Research
男生女生（金版）,Boys and Girls  남생녀생（김판）,Nan Sheng Nu Sheng （ Jin Ban ）
长春工业大学学报（社会科学版）,Journal of Changchun University of Technology (Social Science Edition)  장춘공업대학학보（사회과학판）,Chang Chun Gong Ye Da Xue Xue Bao （ She Hui Ke Xue Ban ）
大学生,University students,Da Xue Sheng
老年教育（老年大学）,Education Journal for Senior Citizens  로년육（로년대학）,Lao Nian Jiao Yu （ Lao Nian Da Xue ）
宁波论坛,Ningbo Forum,Ning Bo Lun Tan
山东医科大学学报（社会科学版）,Journal of Shandong Medical University(Natural Sciences）,Shan Dong Yi Ke Da Xue Xue Bao （ She Hui Ke Xue Ban ）
启蒙,QIMENG  몽（3-7세）,Qi Meng （ 4 - 7 Sui ）
南宁师范大学学报（哲学社会科学版）,Journal of Nanning NormalUniversity(Phlosophy and Social Sciences Ediion)
自然与科技,HUMAN AND NATURE,Ren Yu Zi Ran
文物天地,Cultural Relics World,Wen Wu Tian Di
文存阅刊,WENCUN YUEKAN
历史学习（高考）,History Learning  력사학습（고고）,Li Shi Xue Xi （ Gao Kao ）
炎黄地理,YanHuang Geography
新西部（下旬刊）,New West  신서부（하순간）,Xin Xi Bu （ Xia Ban Yue ）
学问,xuewen,Xue Wen （ Xia Ban Yue ）
21世纪,Twenty-First Century,Er Shi Yi Shi Ji
当代陕西,DangDai ShanXI  당대섬서,Dang Dai Shan Xi
聪明泉（少儿版中、高年级读本）,Congmingquan,Cong Ming Quan （ Shao Er Ban Zhong 、 Gao Nian Ji Du Ben ）
安家,I Home  안가,An Jia
综合竞争力,Comprehensive  competition  종합경쟁력,Zong He Jing Zheng Li
江西通讯,JiangXi TongXun  강서통신,Jiang Xi Tong Xun
东西南北·教育,East West South North  동서남북·육관찰,Dong Xi Nan Bei · Jiao Yu Guan Cha
环球人文地理,Cultural Geography  환구인문지리,Huan Qiu Ren Wen Di Li
恋爱·婚姻·家庭(养生版),Lianai·Hunyin·Jiating(YangSheng Ban)  련애·혼인·가정(양생판),Lian Ai · Hun Yin · Jiao Ting （ Yang Sheng Ban ）
中国城市与环境研究（英文版）,Chinese Journal of Urban and Enviromental Studies
云南财经大学学报（社会科学版）,Journal of Yunnan University of Finance and Economics（Social Science Edition）  운남재경대학학보（사회과학판）,Yun Nan Cai Mao Xue Yuan Xue Bao （ She Hui Ke Xue Ban ）
中国近代史（英文版）,Journal of Modern Chinese History
三月风,Spring Breezes  삼월풍,San Yue Feng
东南亚南亚信息,Information of South-east and South Asia,Dong Nan Ya Nan Ya Xin Xi
新前程,Xinqiancheng  신전정,Xin Qian Cheng
致富天地,Fortune World,Zhi Fu Tian Di
新史学,Xin Shi Xue
深圳社会科学,Social Sciences in Shenzhen
社会科学情报资料,SHEHUI KEXUE QINGBAO ZILIAO,She Hui Ke Xue Qing Bao Zi Liao
中国西藏,China's Tibet,Zhong Guo Xi Cang
酒世界,wine world  주세계,Jiu Shi Jie
武昌理工学院学报,Journal of Wuchang University of Technology
人口文摘,Population Abstracts,Ren Kou Wen Zhai
中国农村研究,China Rural Studies,Zgncyj
伴侣,Mate  반려,Ban Lu
年轻人,Youth,Nian Qing Ren
中国史研究动态,Trends of Recent Researches on The History of China,Zhong Guo Shi Yan Jiu Dong Tai
历史文献,Lishi Wenxian,Li Shi Wen Xian
数据,Data  수거,Shu Ju
国际思想评论,International Critical Thought
公民导刊,GONGMIN DAOKAN  공민도간,Gong Min Dao Kan
人生与伴侣,Life & Lover,Ren Sheng Yu Ban Lu
文史春秋,Chronical of Literature and History,Wen Shi Chun Qiu
河北画报,HEBEI PICTORIAL,He Bei Hua Bao
巴金研究,BAJIN YANJIU,Ba Jin Yan Jiu
学问·现代教学研究,XIANDAI JIAOXUEYANJIU  학문·현대학구,Xue Wen · Xian Dai Jiao Xue Yan Jiu
中华志愿者,China Volunteers
城市与区域规划研究,Journal of Urban and Regional Planning,Cheng Shi Yu Qu Yu Gui Hua Yan Jiu
青岛画报,Qingdao Pictorial  도보,Qing Dao Hua Bao
社会科学管理与评论,Management and Review of Social Sciences  사회과학관리여평론,She Hui Ke Xue Guan Li Yu Ping Lun
青少年日记,Youth and Children Diary,Qing Shao Nian Ri Ji
南京邮电大学学报（社会科学版）,Journal of Nanjing University of Posts and Telecommunications (Social Science)  남경우전대학학보（사회과학판）,Nan Jing You Dian Da Xue Xue Bao （ She Hui Ke Xue Ban ）
近代中国,Jin Dai Zhong Guo
环球人文地理(理论版),Cultural Geography,Huan Qiu Ren Wen Di Li （ Li Lun Ban ）
自然与文化遗产研究,Study on Natural and Cultural Heritage
江汉石油学院学报（社科版）,Journal of Jianghan Petroleum Institute (Social Science Edition）  강한석유학원학보（사과판）,Jiang Han Shi You Xue Yuan Xue Bao （ She Ke Ban ）
数字财富,Digital Fortune,Shu Zi Cai Fu
冷战国际史研究,Cold War International History Studies,Leng Zhan Guo Ji Shi Yan Jiu
钟山风雨,zhongshan fengyu  종산풍우,Zhong Shan Feng Yu
江西画报,Jiangxi Pictorial  강서보,Jiang Xi Hua Bao
中华儿女,China Profiles  중화아녀,Zhong Hua Er Nu
黄河黄土黄种人,HUANGHE HUANGTU HUANGZHONGREN,Huang He Huang Tu Huang Zhong Ren
中国民族博览,Panorama of Chinese Nationalities,Zhong Guo Min Zu Bo Lan
赣南社会科学,GANNAN SHEHUI KEXUE,Gan Nan She Hui Ke Xue
欧亚学刊（英文版）,Eurasian Studies
炎黄世界,World of the Yan and Yellow Emperors,Yan Huang Shi Jie
风景名胜,National Park of China  풍경명승,Feng Jing Ming Sheng
恋爱·婚姻·家庭(青春版),Lianai·Hunyin·Jiating(Qingchun Ban)  련애·혼인·가정(춘판),Lian Ai · Hun Yin · Jiao Ting （ Qing Chun Ban ）
湖南医科大学学报（社会科学版）,Journal of Social Science of Hunan Medical University  호남의과대학학보（사회과학판）,Hu Nan Yi Ke Da Xue Xue Bao （ She Hui Ke Xue Ban ）
黑龙江史志,HEILONGJIANG SHIZHI  흑룡강사지,Hei Long Jiang Shi Zhi
中国纪念馆研究,ZhongGuo JiNianGuan YanJiu,Zhong Guo Ji Nian Guan Yan Jiu
人与自然,Man & Nature
今日中国,China Today,Jin Ri Zhong Guo
职业圈,Occupational Circle  ,Zhi Ye Quan
时代人物,Times Figure
看世界,Worldview,Kan Shi Jie
文史精华,Gems of Culture and History  문사정화,Wen Shi Jing Hua
跨世纪（学术版）,Cross Century  과세기（학술판）,Kua Shi Ji （ Xue Shu Ban ）
学园·学术论坛,Academy,Xue Yuan · Xue Shu Lun Tan
人物,"Biographies,Reminiscences",Ren Wu
城市地理·城乡规划,URBAN-RURAL PLANNING,Cheng Shi Di Li · Cheng Xiang Gui Hua
四川省情,Sichuan Provincial Conditions  사천성정,Si Chuan Sheng Qing
贡嘎山·西部观察,West New Bservation,Gong Ga Shan · Xi Bu Guan Cha
当代贵州,Guizhou Today  당대귀주,Dang Dai Gui Zhou
北京周报（英文版）,Beijing Review  북경주보（영문판）,Bei Jing Zhou Bao （ Ying Wen Ban - Bei Mei Ban ）
世界都市,SHIJIE DUSHI,Shi Jie Du Shi
南国博览,The South of China Today  금일남국,Jin Ri Nan Guo
小哥白尼,XIAO GEBAINI,Xiao Ge Bai Ni
南京政治学院学报,Journal of PLA Nanjing Institute of Politics  남경정치학원학보,Nan Jing Zheng Zhi Xue Yuan Xue Bao
高校辅导员,Gao Xiao Fu Dao Yuan
中国考古学（英文版）,Chinese Archaeology
湖北民族大学学报（哲学社会科学版）,Journal of Hubei Minzu University（Philosophy and Social Sciences）
文史博览(理论),Culture And History Vision(Theory)  문사박람(리론),Wen Shi Bo Lan （ Li Lun ）
上海地方志,Shanghai Chronicles
老人春秋,LAOREN CHUNQIU,Lao Ren Chun Qiu
知识---力量（维文版）,ZHISHI-LILIANG(WEIWEN BAN),Zhi Shi - - - Li Liang （ Wei Wen Ban ）
城市地理,Cultural Geography  성시지리,Cheng Shi Di Li
对外大传播,International Communications
学园·学者的精神家园,Academy  학원?학자적정신가원,Xue Yuan · Xue Zhe De Jing Shen Jia Yuan
历史教学（下半月）,History Teaching
重庆旅游,TOUR CHONGQING,Chong Qing Lv You
孩子,Child,Hai Zi
真情,True Love,Zhen Qing
老年教育（长者家园版）,Education Journal for Senior Citizens  로년육（장자가원판）,Lao Nian Jiao Yu （ Chang Zhe Jia Yuan Ban ）
江苏画刊,Jiangsu Art Monthly Pictorial,Jiang Su Hua Kan
涪州论坛,FUZHOU LUNTAN,Fu Zhou Lun Tan
中学生百科,Comprehensive Reading for Students,Zhong Xue Sheng Bai Ke
文史博览,Wenshi Bolan  문사박람,Wen Shi Bo Lan
公关世界,Public Relations  공관세계,Gong Guan Shi Jie
元史及民族与边疆研究集刊,Yuanshi Ji Minzu Yu Bianjiang Yanjiu Jikan,Yuan Shi Ji Min Zu Yu Bian Jiang Yan Jiu Ji Kan
社会保障评论,Chinese Social Security Review
西北民族论丛,Northwest Ethnology Series,Xi Bei Min Zu Lun Cong
纵横,Across Time and Space,Zong Heng
内蒙古工业大学学报（社会科学版）,Journal of Inner Mongolia Polytechnic University (Social Science Edition)  내몽고공업대학학보（사회과학판）,Nei Meng Gu Gong Ye Da Xue Xue Bao （ She Hui Ke Xue Ban ）
民族论坛,Nationalities Forum  민족론단,Min Zu Lun Tan
前进论坛,Progress Forum,Qian Jin Lun Tan
生活月刊,Life Monthly,Sheng Huo Yue Kan
创新时代,Innovation Time  창신시대,Chuang Xin Shi Dai
台湾工作通讯,Taiwan Gongzuo tongxun  대만공작통신,Tai Wan Gong Zuo Tong Xun
当代人（下半月）,Contemporary Tribune  당대인（하반월）,Dang Dai Ren ( Xia Ban Yue )
西藏人文地理,Tibet Geographic,Xi Cang Ren Wen Di Li
信息与家庭.风范,Loftiness,Xin Xi Yu Jia Ting . Feng Fan
父母必读,Parenting Science  부모필독,Fu Mu Bi Du
家庭科技,Jia Ting Ke Ji  가정과기,Jia Ting Ke Ji
中东与伊斯兰研究（英文版）,Journal of Middle Eastern and Islamic Studies (in Asia)
走向世界,Openings  주향세계,Zou Xiang Shi Jie
人口与计划生育,Population and Family Planning,Ren Kou Yu Ji Hua Sheng Yu
中国藏学（英文版）,China Tibetology  중국장학（영문판）,Zhong Guo Zang Xue （ Ying Wen Ban ）
中国民族,China Ethnicity,Zhong Guo Min Zu
大学时代,College Times  대학시대,Da Xue Shi Dai
传统中国研究集刊,Journal of Historical China Studies,Chuan Tong Zhong Guo Yan Jiu Ji Kan
人民公仆,Public Servant,Ren Min Gong Pu
优雅,Grace  우아,You Ya
郑州工业大学学报（社会科学版）,Journal of Zhengzhou University of Technology (Social Science Edition)  정주공업대학학보（사회과학판）,Zheng Zhou Gong Ye Da Xue Xue Bao （ She Hui Ke Xue Ban ）
男生女生（银版）,Boys and Girls  남생녀생（은판）,Nan Sheng Nu Sheng （ Yin Ban ）
世界史研究（英文版）,World History Studies
内蒙古大学学报（哲学社会科学）（蒙文版）,Journal of Inner Mongolia University(Philosophy & Social Sciences in Mongolian),Nei Meng Gu Da Xue Xue Bao （ Zhe Xue She Hui Ke Xue Meng Wen Ban ）
中关村,ZHONGGUAN CUN,Zhong Guan Cun
学与玩,Learning & Playing  학여완（상반월）,Xue Yu Wan
老人天地,Old People's World,Lao Ren Tian Di
徽州社会科学,HUIZHOU SHEHUI KEXUE,Hui Zhou She Hui Ke Xue
青海学刊,QINGCHUN XUEKAN,Qing Hai Xue Kan
西南边疆民族研究,Xinan Bianjiang Minzu Yanjiu,Xi Nan Bian Jiang Min Zu Yan Jiu
杭州（生活品质）,HangZhou Weekly  항주（생활품질）,Hang Zhou （ Sheng Huo Pin Zhi ）
人才资源开发,RrnCai ZiYuan KaiFa  인재자원개발,Ren Cai Zi Yuan Kai Fa
当代中国人口（英文版）,China Population Today,Dang Dai Zhong Guo Ren Kou （ Ying Wen Ban ）
名人传记,Famous Person Biography,Ming Ren Chuan Ji
学习与实践,Study and Practice
聪明泉（少儿版幼、低年级读本）,Congmingquan,Cong Ming Quan （ Shao Er Ban You 、 Di Nian Ji Du Ben ）
民风,Folkways  민풍,Min Feng
日本侵华史研究,Japanese Invasion of China History Research,Ri Ben Qin Hua Shi Yan Jiu
人间,Renjian,Ren Jian
新东方,The New Orient  신동방,Xin Dong Fang
今日湖北（中旬刊）,Hubei Today,Jin Ri Hu Bei （ Zhong Xun Kan ）
亚太论坛畜牧兽医学报,Asian Pacific Forum,Ya Tai Lun Tan
人事天地,RENSHI TIANDI  인사천지,Ren Shi Tian Di
中国残疾人,Disability in China  중국잔질인,Zhong Guo Can Ji Ren
魏晋南北朝隋唐史资料,Journal of the 3-9th Century Chinese History,Wei Jin Nan Bei Chao Sui Tang Shi Zi Liao
生存,Surviving,Sheng Cun
社会科学论坛,Tribune of Social Sciences  사회과학론단,She Hui Ke Xue Lun Tan
畅销书摘,Digest of Bestsellers,Chang Xiao Shu Zhai
爱情·婚姻·家庭（私房心情）,Love Marriage and Family
今日辽宁,Liaoning Today  금일료녕,Jin Ri Liao Ning
青年科学（教师版）,Young Science,Qing Nian Ke Xue（ Jiao Shi Ban ）
志苑,Quarterly Journal of Anhui Local History,Zhi Yuan
天水学刊,TIANSHUI XUEKAN,Tian Shui Xue Kan
湖北经济学院学报（哲学社会科学版）,Journal of Hubei University of Economics  호북경제학원학보（철학사회과학판）,Hu Bei Jing Ji Xue Yuan Xue Bao （ Zhe Xue She Hui Ke Xue Ban ）
爱情·婚姻·家庭（冷暖人生）,Love Marriage and Family  애정·혼인·가정（랭난인생）,Ai Qing · Hun Yin · Jia Ting （ Leng Nuan Ren Sheng ）
书屋,The Study  서옥,Shu Wu
中学时代,Times of Middle School,Zhong Xue Shi Dai
中国乡村研究,Rrual Chna：An International Journal of History and Social Science,Zhong Guo Xiang Cun Yan Jiu
中国与非洲（英文版）,China Remembers Mandela  중국여비주（영문판）,Zhong Guo Yu Fei Zhou （ Ying Wen Ban ）
湘潭师范学院学报（社会科学版）,Journal of Xiangtan Normal University (Social Science Edition）  상담사범학원학보（사회과학판）,Xiang Tan Shi Fan Xue Yuan Xue Bao （ She Hui Ke Xue Ban ）
中外期刊文萃,China and World Periodical Digest,Zhong Wai Qi Kan Wen Cui
青年与社会,Young&World  년여사회,Qing Nian Yu She Hui
探索与争鸣,Exploration and Free Views  탐색여쟁명,Tan Suo Yu Zheng Ming
世界知识,World Affairs  세계지식,Shi Jie Zhi Shi
国际安全研究（英文版辑刊）,International security studies
长沙铁道学院学报（社会科学版）,Journal of Changsha Railway University (Social Science)  장사철도학원학보（사회과학판）,Chang Sha Tie Dao Xue Yuan Xue Bao （ She Hui Ke Xue Ban ）
淮海工学院学报（人文社会科学）,Journal of Huaihai Institute of Technology (Humanities & Social Sciences Edition)  회해공학원학보（인문사회과학판）,Huai Hai Gong Xue Yuan Xue Bao （ Ren Wen She Hui Ke Xue Ban ）
爱情·婚姻·家庭（生活纪实）,Love Marriage and Family  애정·혼인·가정（생활기실）,Ai Qing · Hun Yin · Jia Ting （ Sheng Huo Ji Shi ）
欧美同学会会刊,OUMEI TONGXUEHUI HUIKAN,Ou Mei Tong Xue Hui Hui Kan
神州学人,China Scholars Abroad,Shen Zhou Xue Ren
杭州（党政刊）,hangzhou  항주,Hang Zhou
西部人,Native of West  서부인,Xi Bu Ren
三联生活周刊,Sanlian Life Weekly,San Lian Sheng Huo Zhou Kan
今日湖北（下旬刊）,JIN RI HU BEI  금일호북（하반월）,Jin Ri Hu Bei （ Xia Ban Yue ）
报林,Press Research,Bao Lin
江右论坛,Jiangyou Forum  강우론단,Jiang You Lun Tan
视野,Field of Vision  시야,Shi Ye
华章,Huazhang  화장,Hua Zhang
民风（科学教育）,Folkways,Min Feng （ Ke Xue Jiao Yu ）
青年科学（下半月）,Young Science,Qing Nian Ke Xue
新华文摘,Abstracts of New China,Xin Hua Wen Zhai
今日民族,Ethnic Today  금일민족,Jin Ri Min Zu
南风窗,South Wind through Window,Nan Feng Chuang
文史知识,Chinese Literature and History,Wen Shi Zhi Shi
四川轻化工大学学报（社会科学版）,Journal of Sichuan University of Science& Engineering（Social Sciences Edition）
世界遗产,World Heritage  세계유,Shi Jie Yi Chan
金色年华(教学参考),Golden Times  김색년화(학참고),Jin Se Nian Hua （ Jiao Xue Can Kao ）
少年儿童研究,Children's Study,Shao Nian Er Tong Yan Jiu
山东劳动保障,SHANDONG LAODONG BAOZHANG,Shan Dong Lao Dong Bao Zhang
快乐青春,KUAILE QINGCHUN  쾌악춘,Kuai Le Qing Chun
河池学院学报,Journal of Hechi University  하지학원학보,He Chi Xue Yuan Xue Bao
创新创业理论研究与实践,The Theory and Pracice of Innovation And Entreptrneurship
职业技术（下半月）,VOCATIONGAL TECHNOLOGY  ,Zhi Ye Ji Shu （ Xia Ban Yue ）
小雪花（小学快乐作文）,XIAO XUEHUA (KUAILE ZUOWEN）  소설화（소학쾌악작문）,Xiao Xue Hua （ Kuai Le Zuo Wen ）
写真地理,Pictorial Geography
社科情报,SHEKE QINGBAO,She Ke Qing Bao
新疆大学学报（哲学·人文社会科学版）,"Journal of Xinjiang University (Philosophy, Humanities & Social Science)  신강대학학보（철학·인문사회과학판）",Xin Jiang Da Xue Xue Bao （ Zhe Xue · Ren Wen She Hui Ke Xue Ban ）
国学研究,Gxyj
社区,Community,She Qu
大观周刊,DAGUAN Weekly  대관주간,Da Guan Zhou Kan
唐研究,Tyj
中国文化遗产,China Cultural Heritage
财富,Fortune,Cai Fu
中国民族学
知识窗,Knowledge Window  지식,Zhi Shi Chuang
