中国法学,China Legal Science  중국법학,Zhong Guo Fa Xue
法学研究,Chinese Journal of Law,Fa Xue Yan Jiu
环球法律评论,Global Law Review  환구법률평론,Huan Qiu Fa Lu Ping Lun
法学家,The Jurist  법학가,Fa Xue Jia
清华法学,Tsinghua Law Review  화법학,Qing Hua Fa Xue
当代法学,Contemporary Law Review,Dang Dai Fa Xue
法学,Legal Science Monthly,Fa Xue
行政法学研究,Administrative Law Review  행정법학구,Xing Zheng Fa Xue Yan Jiu
法律科学－西北政法大学学报,Science of Law - Northwest University of Political ＆ Law  법률과학서북정법학원학보,Fa Lu Ke Xue － Xi Bei Zheng Fa Xue Yuan Xue Bao
中外法学,Peking University Law Journal,Zhong Wai Fa Xue
法学评论,Law Review,Fa Xue Ping Lun
政治与法律,Political Science and Law  정치여법률,Zheng Zhi Yu Fa Lu
政法论坛,Tribune of Political Science and Law,Zheng Fa Lun Tan - Zhong Guo Zheng Fa Da Xue Xue Bao
法商研究,Studies In Law and Business,Fa Shang Yan Jiu
政治学研究,Cass Journal of Political Science,Zheng Zhi Xue Yan Jiu
国家行政学院学报,Journal of Chinese Academy Of Governance  국가행정학원학보,Guo Jia Xing Zheng Xue Yuan Xue Bao
国家检察官学院学报,Journal of National Prosecutors College  국가검찰관학원학보,Guo Jia Jian Cha Guan Xue Yuan Xue Bao
外交评论,Foreign Affairs Review  외교평론,Wai Jiao Ping Lun
法制与社会发展,Law and Social Development,Fa Zhi Yu She Hui Fa Zhan
比较法研究,Journal of Comparative Law  비교법구,Bi Jiao Fa Yan Jiu
国际问题研究,International Studies  국제문제구,Guo Ji Wen Ti Yan Jiu
东方法学,Oriental Law  동방법학,Dong Fang Fa Xue
现代法学,Modern Law Science  현대법학,Xian Dai Fa Xue
电子政务,E-Government  전자정무,Dian Zi Zheng Wu
中国特色社会主义研究,Studies on Socialism with Chinese Characteristics  중국특색사회주의구,Zhong Guo Te Se She Hui Zhu Yi Yan Jiu
思想教育研究,Studies In Ideological Education  사상육구,Si Xiang Jiao Yu Yan Jiu
华东政法大学学报,Journal of the East China University of Politics & Law,Hua Dong Zheng Fa Xue Yuan Xue Bao
国家教育行政学院学报,Journal of National Academy of Education Administration  국가육행정학원학보,Guo Jia Jiao Yu Xing Zheng Xue Yuan Xue Bao
中国刑事法杂志,Chinese Criminal Science  중국형사법잡지,Zhong Guo Xing Shi Fa Za Zhi
中国行政管理,Chinese Public Administration,Zhong Guo Xing Zheng Guan Li
法学杂志,Law Science Magazine  법학잡지,Fa Xue Za Zhi
公共行政评论,Journal of Public Administration  공공행정평론,Gong Gong Xing Zheng Ping Lun
法学论坛,Legal Forum  법학론단,Fa Xue Lun Tan
中共中央党校学报,Journal of the Party School of the Central Committee of The C.P.C.,Zhong Gong Zhong Yang Dang Xiao Xue Bao
心理学报,Acta Psychologica Sinica  심리학보,Xin Li Xue Bao
知识产权,Intellectual Property  지식권,Zhi Shi Chan Quan
国际展望,Global Review,Guo Ji Zhan Wang
中国青年社会科学,Journal of China Youth University for Political Sciences  중국년정치학원학보,Zhong Guo Qing Nian Zheng Zhi Xue Yuan Xue Bao
政法论丛,Journal of Political Science and Law  정법론총,Zheng Fa Lun Cong
心理发展与教育,Psychological Development and Education  심리발전여육,Xin Li Fa Zhan Yu Jiao Yu
法律适用,Journal of Law Application,Fa Lu Shi Yong
求实,Truth Seeking  구실,Qiu Shi
法治研究,Research on Rule of Law  법치구,Fa Zhi Yan Jiu
探索,Probe  탐색,Tan Suo
中国青年研究,China Youth Study  중국년구,Zhong Guo Qing Nian Yan Jiu
行政论坛,Administrative Tribune  행정론단,Xing Zheng Lun Tan
政治经济学评论,China Review of Political Economy,Zheng Zhi Jing Ji Xue Ping Lun
上海行政学院学报,The Journal of Shanghai Administration Institute  상해행정학원학보,Shang Hai Xing Zheng Xue Yuan Xue Bao
南亚研究,South Asian Studies  남아구,Nan Ya Yan Jiu
治理研究,Governance Studies  중공절강성위당교학보,Zhong Gong Zhe Jiang Sheng Wei Dang Xiao Xue Bao
马克思主义研究,Studies on Marxism,Ma Ke Si Zhu Yi Yan Jiu
理论探索,Theoretical Exploration  리론탐색,Li Lun Tan Suo
当代亚太,Journal of Contemporary Asia-Pacific Studies  당대아태,Dang Dai Ya Tai
西亚非洲,West Asia and Africa  서아비주,Xi Ya Fei Zhou
社会主义研究,Socialism Studies  사회주의구,She Hui Zhu Yi Yan Jiu
南洋问题研究,Southeast Asian Affairs  남양문제구,Nan Yang Wen Ti Yan Jiu
心理科学进展,Advances in Psychological Science  심리과학진전,Xin Li Ke Xue Jin Zhan
行政管理改革,Administration Reform  행정관리개혁,Xing Zheng Guan Li Gai Ge
国际政治科学,Guo Ji Zheng Zhi Ke Xue
学校党建与思想教育,Xuexiao Dangjian Yu Sixiang Jiaoyu  학교당건여사상육（고판）,Xue Xiao Dang Jian Yu Si Xiang Jiao Yu （ Gao Jiao Ban ）
青少年犯罪问题,Issues on Juvenile Crimes and Delinquency  소년범죄문제,Qing Shao Nian Fan Zui Wen Ti
国际政治研究,International Politics Quarterly,Guo Ji Zheng Zhi Yan Jiu
地方治理研究,Journal of Jiangxi Administration Institute  강서행정학원학보,Jiang Xi Xing Zheng Xue Yuan Xue Bao
求是,QIUSHI,Qiu Shi
河北法学,Hebei Law Science  하북법학,He Bei Fa Xue
现代国际关系,Contemporary Internal Relations  현대국제관계,Xian Dai Guo Ji Guan Xi
理论探讨,Theoretical Investigation  리론탐토,Li Lun Tan Tao
理论与改革,Theory and Reform,Li Lun Yu Gai Ge
国际安全研究,Journal of International Security Studies  국제관계학원학보,Guo Ji Guan Xi Xue Yuan Xue Bao
甘肃行政学院学报,Journal of Gansu Administration Institute  감숙행정학원학보,Gan Su Xing Zheng Xue Yuan Xue Bao
江苏行政学院学报,The Journal of Jiangsu Administration Institute  강소행정학원학보,Jiang Su Xing Zheng Xue Yuan Xue Bao
科技与法律,"Journal of Science,Technology and Law  과기여법률",Ke Ji Yu Fa Lu
太平洋学报,Pacific Journal  태평양학보,Tai Ping Yang Xue Bao
青年研究,Youth Studies  년구,Qing Nian Yan Jiu
红旗文稿,Red Flag Manuscript  홍기문고,Hong Qi Wen Gao
思想战线,Thinking  사상전선,Si Xiang Zhan Xian
毛泽东邓小平理论研究,Studies on Mao-Zedong and Deng-Xiaoping Theories  모택동등소평리론구,Mao Ze Dong Deng Xiao Ping Li Lun Yan Jiu
安徽中医药大学学报,Journal of Anhui University of Chinese Medicine  안휘중의학원학보,An Hui Zhong Yi Xue Yuan Xue Bao
东南亚研究,Southeast Asian Studies  동남아구,Dong Nan Ya Yan Jiu
心理与行为研究,Studies of Psychology and Behavior  심리여행구,Xin Li Yu Xing Wei Yan Jiu
北方法学,Northern Legal Science  북방법학,Bei Fang Fa Xue
妇女研究论丛,Journal of Chinese Women's Studies  부녀구론총,Fu Nu Yan Jiu Lun Cong
中国人民公安大学学报（社会科学版）,Journal of Chinese People's Public Security University  중국인민공안대학학보（사회과학판）,Zhong Guo Ren Min Gong An Da Xue Xue Bao （ She Hui Ke Xue Ban ）
中国海商法研究,Chinese Journal of Maritime Law  중국해상법년간,Zhong Guo Hai Shang Fa Nian Kan
党史文苑,Literature on Party Building  당사문원（기실판）,Dang Shi Wen Yuan （ Ji Shi Ban ）
心理科学,Journal of Psychological Science  심리과학,Xin Li Ke Xue
当代世界与社会主义,Contemporary World & Socialism  당대세계여사회주의,Dang Dai Shi Jie Yu She Hui Zhu Yi
青年探索,Youth Exploration  년탐색,Qing Nian Tan Suo
北京行政学院学报,Journal of Beijing Administrative College  북경행정학원학보,Bei Jing Xing Zheng Xue Yuan Xue Bao
党政研究,Journal of the Party School of Province-Level Organs of Sichuan Province Committee of CCP  중공사천성위성급기관당교학보,Zhong Gong Si Chuan Sheng Wei Sheng Ji Ji Guan Dang Xiao Xue Bao
河南财经政法大学学报,Journal of Henan University of Economics and Law  하남성정법관리간부학원학보,He Nan Sheng Zheng Fa Guan Li Gan Bu Xue Yuan Xue Bao
哲学研究,Philosophical Researches,Zhe Xue Yan Jiu
国际观察,International Review  국제관찰,Guo Ji Guan Cha
日本学刊,Japanese Studies  일본학간,Ri Ben Xue Kan
新视野,Expanding Horizons  신시야,Xin Shi Ye
电子知识产权,Electronics Intellectual Property  전자지식권,Dian Zi Zhi Shi Chan Quan
天津行政学院学报,Journal of Tianjin Administration Institute  천진행정학원학보,Tian Jin Xing Zheng Xue Yuan Xue Bao
学习论坛,Tribune of Study  학습론단,Xue Xi Lun Tan
中共党史研究,Study of C.P.C. History,Zhong Gong Dang Shi Yan Jiu
公共管理与政策评论,Public Administration and Policy Review,Gong Gong Guan Li Yu Zheng Ce Ping Lun
马克思主义与现实,Marxism & Reality,Ma Ke Si Zhu Yi Yu Xian Shi
甘肃政法大学学报,Journal of Gansu University of Political Science and Law  감숙정법학원학보,Gan Su Zheng Fa Xue Yuan Xue Bao
长白学刊,Changbai Journal  장백학간,Chang Bai Xue Kan
中央社会主义学院学报,Journal of the Central Institute of Socialism  ,Zhong Yang She Hui Zhu Yi Xue Yuan Xue Bao
美国研究,American Studies Quarterly  미국구,Mei Guo Yan Jiu
中共福建省委党校（福建行政学院）学报,Journal of Fujian Provincial Committee Party School of CPC(FuJian Academy of Governance)  중공복건성위당교학보,Zhong Gong Fu Jian Sheng Wei Dang Xiao Xue Bao
俄罗斯东欧中亚研究,"Russian, Central Asian & East European Studies  아라사중아동구구",E Luo Si Zhong Ya Dong Ou Yan Jiu
山东警察学院学报,Journal of Shandong Police College  산동경찰학원학보,Shan Dong Jing Cha Xue Yuan Xue Bao
党的文献,Literature of Chinese Communist Party  당적문헌,Dang De Wen Xian
求是学刊,Seeking Truth  구시학간,Qiu Shi Xue Kan
统一战线学研究,Journal of Chongqing Institute of Socialism  중경사회주의학원학보,Chong Qing She Hui Zhu Yi Xue Yuan Xue Bao
社会主义核心价值观研究,She Hui Zhu Yi He Xin Jia Zhi Guan Yan Jiu
应用心理学,Chinese Journal of Applied Psychology  응용심리학,Ying Yong Xin Li Xue
和平与发展,Peace and Development  화평여발전,He Ping Yu Fa Zhan
理论导刊,Journal of Socialist Theory Guide  리론도간,Li Lun Dao Kan
科学社会主义,Scientific Socialism  과학사회주의,Ke Xue She Hui Zhu Yi
国际论坛,International Forum,Guo Ji Lun Tan
当代青年研究,Contemporary Young Research  당대년구,Dang Dai Qing Nian Yan Jiu
中国司法鉴定,Chinese Journal of Forensic Sciences  중국사법감정,Zhong Guo Si Fa Jian Ding
国外理论动态,Foreign Theoretical Trends  국외리론동태,Guo Wai Li Lun Dong Tai
北京青年研究,Beijing Youth Research  북경년정치학원학보,Bei Jing Qing Nian Zheng Zhi Xue Yuan Xue Bao
苏州大学学报（法学版）,Journal of Soochow University（Law Edition）,Su Zhou Da Xue Xue Bao （ Fa Xue Ban ）
云南行政学院学报,The Journal of Yunnan Administration College  운남행정학원학보,Yun Nan Xing Zheng Xue Yuan Xue Bao
南亚研究季刊,South Asian Studies Quarterly  남아구계간,Nan Ya Yan Jiu Ji Kan
证据科学,Evidence Science  증거과학,Zheng Ju Ke Xue
中共天津市委党校学报,Journal of the Party School of Tianjin Committee of the CPC  중공천진시위당교학보,Zhong Gong Tian Jin Shi Wei Dang Xiao Xue Bao
福建警察学院学报,Journal of Fujian Police Academy  복건경찰학원학보,Fu Jian Jing Cha Xue Yuan Xue Bao
上海政法学院学报,Journal of Shanghai University of Political Science & Law  상해정법학원학보,Shang Hai Zheng Fa Xue Yuan Xue Bao
党建,DANGJIAN,Dang Jian
浙江工业大学学报（社会科学版）,Journal of Zhejiang University of Technology(Social Science),Zhe Jiang Gong Ye Da Xue Xue Bao （She Hui Ke Xue Ban）
毛泽东思想研究,Mao Zedong Thought Study  모택동사상구,Mao Ze Dong Si Xiang Yan Jiu
德国研究,Deutschland-Studien  덕국구,De Guo Yan Jiu
中国刑警学院学报,Journal of China Criminal Police University,Zhong Guo Xing Jing Xue Yuan Xue Bao
中国社会科学院研究生院学报,Journal of Graduate School of Chinese Academy of Social Sciences,Zhong Guo She Hui Ke Xue Yuan Yan Jiu Sheng Yuan Xue Bao
西南政法大学学报,Journal of SWUPL  서남정법대학학보,Xi Nan Zheng Fa Da Xue Xue Bao
心理研究,Psychological research  심리구,Xin Li Yan Jiu
心理技术与应用,Psychology:Techniques and Applications,Xin Li Ji Shu Yu Ying Yong
俄罗斯研究,Russian Studies  아라사구,E Luo Si Yan Jiu
高校马克思主义理论研究,Gao Xiao Ma Ke Si Zhu Yi Li Lun Yan Jiu
拉丁美洲研究,Journal of Latin American Studies  랍정미주구,La Ding Mei Zhou Yan Jiu
犯罪研究,Criminal Research  범죄구,Fan Zui Yan Jiu
心理学探新,Psychological Exploration  심리학탐신,Xin Li Xue Tan Xin
当代世界,Contemporary World  당대세계,Dang Dai Shi Jie
中国版权,China Copyright,Zhong Guo Ban Quan
中国党政干部论坛,Chinese Cadres Tribune  중국당정간부론단,Zhong Guo Dang Zheng Gan Bu Lun Tan
时代法学,Present Day Law Science  시대법학,Shi Dai Fa Xue
预防青少年犯罪研究,Juvenile Delinquency Prevention Research,Yu Fang Qing Shao Nian Fan Zui Yan Jiu
青年发展论坛,Youth Development Forum  강서년직업학원학보,Jiang Xi Qing Nian Zhi Ye Xue Yuan Xue Bao
中国司法,Justice of China  중국사법,Zhong Guo Si Fa
贵州省党校学报,Journal of the Party School of Guizhou Provincial Committee of the C.P.C  중공귀주성위당교학보,Zhong Gong Gui Zhou Sheng Wei Dang Xiao Xue Bao
中国井冈山干部学院学报,Journal of China Executive Leadership Academy Jinggangshan  중국정강산간부학원학보,Zhong Guo Jing Gang Shan Gan Bu Xue Yuan Xue Bao
自然辩证法研究,Studies in Dialectics of Nature  자연변증법구,Zi Ran Bian Zheng Fa Yan Jiu
理论视野,Theoretical Horizon  리론시야,Li Lun Shi Ye
湖北警官学院学报,Journal of Hubei Universityof Police,Hu Bei Jing Guan Xue Yuan Xue Bao
青少年研究与实践,Youth & Children Research and Practice  절강년전수학원학보,Zhe Jiang Qing Nian Zhuan Xiu Xue Yuan Xue Bao
日本问题研究,Japan Problem Studies  일본문제구,Ri Ben Wen Ti Yan Jiu
中共山西省委党校学报,Academic Journal of Shanxi Provincial Committee Party School of C.P.C  중공산서성위당교학보,Zhong Gong Shan Xi Sheng Wei Dang Xiao Xue Bao
行政与法,Public Administration & Law  행정여법,Xing Zheng Yu Fa
俄罗斯学刊,Academic Journal of Russian Studies  아라사학간,E Luo Si Xue Kan
刑事技术,Forensic Science and Technology  형사기술,Xing Shi Ji Shu
广东行政学院学报,Journal of Guangdong Institute of Public Administration  광동행정학원학보,Guang Dong Xing Zheng Xue Yuan Xue Bao
中共杭州市委党校学报,Journal of the Party School of CPC Hangzhou  중공항주시위당교학보,Zhong Gong Hang Zhou Shi Wei Dang Xiao Xue Bao
中共云南省委党校学报,Journal of CPC Yunnan Provincial Committee School  중공운남성위당교학보,Zhong Gong Yun Nan Sheng Wei Dang Xiao Xue Bao
警察技术,Police Technology  경찰기술,Jing Cha Ji Shu
伦理学研究,Studies in Ethics  륜리학구,Lun Li Xue Yan Jiu
北京警察学院学报,Journal of Beijing Police College  북경인민경찰학원학보,Bei Jing Ren Min Jing Cha Xue Yuan Xue Bao
日本研究,Japan Studies  일본구,Ri Ben Yan Jiu
北京市工会干部学院学报,Journal of Beijing Federation of Trade Unions Cadre College  북경시공회간부학원학보,Bei Jing Shi Gong Hui Gan Bu Xue Yuan Xue Bao
江西警察学院学报,Journal of Jiangxi Public Security College  강서경찰학원학보,Jiang Xi Gong An Zhuan Ke Xue Xiao Xue Bao
人民论坛,People's Tribune,Ren Min Lun Tan
青少年学刊,Youth & Juvenile Research  소년구산동성단교학보,Qing Shao Nian Yan Jiu － Shan Dong Sheng Tuan Xiao Xue Bao
湖北行政学院学报,Journal of Hubei Administration Institute  호북행정학원학보,Hu Bei Xing Zheng Xue Yuan Xue Bao
西部法学评论,Western Law Review  서부법학평론,Xi Bu Fa Xue Ping Lun
中国延安干部学院学报,Journal of China Executive Leadership Academy Yan'an  중국연안간부학원학보,Zhong Guo Yan An Gan Bu Xue Yuan Xue Bao
思想政治课教学,Ideology and Politics Teaching,Si Xiang Zheng Zhi Ke Jiao Xue
中国法医学杂志,Chinese Journal of Forensic Medicine  중국법의학잡지,Zhong Guo Fa Yi Xue Za Zhi
台湾研究集刊,Taiwan Research Quarterly  대만구집간,Tai Wan Yan Jiu Ji Kan
法医学杂志,Journal of Forensic Medicine  법의학잡지,Fa Yi Xue Za Zhi
山东女子学院学报,Journal of Shandong Women's University  산동녀자학원학보,Zhong Hua Nu Zi Xue Yuan Shan Dong Fen Yuan Xue Bao
公安学刊-浙江警察学院学报,Journal of Zhejiang Police College  공안학간-절강경찰학원학보,Gong An Xue Kan - Zhe Jiang Gong An Gao Deng Zhuan Ke Xue Xiao Xue Bao
理论导报,LILUN DAOBAO  리론도보,Li Lun Dao Bao
道德与文明,Morality and Civilization  도덕여문명,Dao De Yu Wen Ming
青年学报,Youth Research  상해년관리간부학원학보,Shang Hai Qing Nian Guan Li Gan Bu Xue Yuan Xue Bao
党史博采（纪实版）,DANGSHI BOCAI（JISHI BAN）  당사박채（기실판）,Dang Shi Bo Cai （ Ji Shi Ban ）
河北公安警察职业学院学报,Journal of Hebei Vocational College of Public Security Police  하북공안경찰직업학원학보,He Bei Gong An Jing Cha Zhi Ye Xue Yuan Xue Bao
贵州社会主义学院学报,Journal of Guizhou Institute of Socialism  귀주사회주의학원학보,Gui Zhou Sheng She Hui Zhu Yi Xue Yuan Xue Bao
北京石油管理干部学院学报,Journal of Beijing Petroleum Managers Training Institute  북경석유관리간부학원학보,Bei Jing Shi You Guan Li Gan Bu Xue Yuan Xue Bao
天津法学,Tianjin Legal Science  천진법학,Tian Jin Shi Zheng Fa Guan Li Gan Bu Xue Yuan Xue Bao
廉政文化研究,Anti-corruption and Integrity Culture Studies  렴정문화구,Lian Zheng Wen Hua Yan Jiu
自然辩证法通讯,Journal of Dialectics of Nature  자연변증법통신,Zi Ran Bian Zheng Fa Tong Xun
山东青年政治学院学报,Journal of Shandong Youth University of Political Science  산동년정치학원학보,Shan Dong Sheng Qing Nian Guan Li Gan Bu Xue Yuan Xue Bao
世界宗教研究,Studies in World Religions  세계종구,Shi Jie Zong Jiao Yan Jiu
哲学动态,Philosophical Trends  철학동태,Zhe Xue Dong Tai
天津市工会管理干部学院学报,Journal of Tianjing Trade Union Administrators' College  천진시공회관리간부학원학보,Tian Jin Shi Gong Hui Guan Li Gan Bu Xue Yuan Xue Bao
政法学刊,Journal of Political Science and Law  정법학간,Zheng Fa Xue Kan
工会理论研究－上海工会管理干部学院学报,GONGHUI LILUN YANJIU,Gong Hui Li Lun Yan Jiu － Shang Hai Gong Hui Guan Li Gan Bu Xue Yuan Xue Bao
前线,QIANXIAN  전선,Qian Xian
山东工会论坛,Shan Dong Trade Unions Tribune  공회론단산동성공회관리간부학원학보,Gong Hui Lun Tan — — Shan Dong Sheng Gong Hui Guan Li Gan Bu Xue Yuan Xue Bao
云南警官学院学报,Journal of Yunnan Police Officer Academy  운남경관학원학보,Yun Nan Jing Guan Xue Yuan Xue Bao
山西警察学院学报,Journal of Shanxi Police College  산서경관고등전과학교학보,Shan Xi Jing Guan Gao Deng Zhuan Ke Xue Xiao Xue Bao
安徽行政学院学报,Journal of Anhui Administration Institute  안휘행정학원학보,Xiang Zhen Jing Ji
中国哲学史,History of Chinese Philosophy  중국철학사,Zhong Guo Zhe Xue Shi
四川警察学院学报,Journal of Sichuan Police College  사천경찰학원학보,Si Chuan Jing Cha Xue Yuan Xue Bao
人民检察,People's Procuratorial Semimonthly,Ren Min Jian Cha
中华女子学院学报,Journal of China Women's University  중화녀자학원학보,Zhong Hua Nu Zi Xue Yuan Xue Bao
江苏省社会主义学院学报,Journal of Jiangsu Institute of Socialism  강소성사회주의학원학보,Jiang Su Sheng She Hui Zhu Yi Xue Yuan Xue Bao
东南亚纵横,Around Southeast Asia  동남아종횡,Dong Nan Ya Zong Heng
探求,Academic Search for Truth and Reality  탐구,Tan Qiu
实事求是,Seek Truth from Facts  실사구시,Shi Shi Qiu Shi
辽宁行政学院学报,Journal of Liaoning Administration College  료녕행정학원학보,Liao Ning Xing Zheng Xue Yuan Xue Bao
山西社会主义学院学报,Journal of Shanxi Institute of Socialism  산서사회주의학원학보,Shan Xi She Hui Zhu Yi Xue Yuan Xue Bao
辽宁警察学院学报,Journal of Liaoning Police Academy  료녕경전학보,Liao Ning Jing Zhuan Xue Bao
四川行政学院学报,Journal of Sichuan Administration College  사천행정학원학보,Si Chuan Xing Zheng Xue Yuan Xue Bao
广西青年干部学院学报,Journal of Guangxi Youth Leaders College  광서년간부학원학보,Guang Xi Qing Nian Gan Bu Xue Yuan Xue Bao
中共山西省直机关党校学报,Journal of the Party School for the Departments Directly under Shanxi Provincial Committee of the CPC  중공산서성직기관당교학보,Zhong Gong Shan Xi Sheng Zhi Ji Guan Dang Xiao Xue Bao
贵州警察学院学报,Journal of GuiZhou Police College  귀주경관직업학원학보,Gui Zhou Jing Guan Zhi Ye Xue Yuan Xue Bao
知与行,Cognition and Practice,Zhi Yu Xing
当代世界社会主义问题,Issues of Contemporary World Socialism  당대세계사회주의문제,Dang Dai Shi Jie She Hui Zhu Yi Wen Ti
广东青年职业学院学报,Jorunal Of Guangdong Youth Vocational College  광동년간부학원학보,Guang Dong Qing Nian Gan Bu Xue Yuan Xue Bao
天津市社会主义学院学报,TIANJINSHI SHEHUI ZHUYI XUEYUAN XUEBAO  천진시사회주의학원학보,Tian Jin Shi She Hui Zhu Yi Xue Yuan Xue Bao
河南警察学院学报,Journal of Henan Police College,He Nan Gong An Gao Deng Zhuan Ke Xue Xiao Xue Bao
湖南行政学院学报,Journal of Hunan Administration Institute  호남행정학원학보,Hu Nan Xing Zheng Xue Yuan Xue Bao
甘肃理论学刊,Gansu Theory Research  감숙리론학간,Gan Su Li Lun Xue Kan
广西警察学院学报,Journal of Guangxi Police College,Guang Xi Jing Guan Gao Deng Zhuan Ke Xue Xiao Xue Bao
武警学院学报,Journal of Chinese People's Armed Police Force Academy  무경학원학보,Wu Jing Xue Yuan Xue Bao
长沙民政职业技术学院学报,Journal of Changsha Social Work College  장사민정직업기술학원학보,Chang Sha Min Zheng Zhi Ye Ji Shu Xue Yuan Xue Bao
逻辑学研究,Studies in Logic  라집학구,Luo Ji Xue Yan Jiu
宁夏党校学报,Journal of Ningxia Communist Party Institute  녕하당교학보,Ning Xia Dang Xiao Xue Bao
上海市社会主义学院学报,Journal of Shanghai Institute of Socialism  상해시사회주의학원학보,Shang Hai Shi She Hui Zhu Yi Xue Yuan Xue Bao
党史博采（理论版）,DANGSHI BOCAI（LILUN BAN）  당사박채（리론판）,Dang Shi Bo Cai （ Li Lun Ban ）
当代韩国,Contemporary Korea  당대한국,Dang Dai Han Guo
陕西行政学院学报,Journal of Shaanxi Administration School  섬서행정학원학보,Shan Xi Xing Zheng Xue Yuan Xue Bao
邓小平研究,Dengxiaoping Research
科学技术哲学研究,Studies in Philosophy of Science and Technology  과학기술철학구,Ke Xue Ji Shu Yu Bian Zheng Fa
世界哲学,World Philosophy  ,Shi Jie Zhe Xue
世界宗教文化,The World Religious Cultures  세계종문화,Shi Jie Zong Jiao Wen Hua
上海人大月刊,SHANGHAI RENDA YUEKAN,Shang Hai Ren Da Yue Kan
江苏警官学院学报,Journal of Jiangsu Police Officer College  강소경관학원학보,Jiang Su Jing Guan Xue Yuan Xue Bao
广西政法管理干部学院学报,Journal of Guangxi Administrative Cadre Institute of Politics and Law  광서정법관리간부학원학보,Guang Xi Zheng Fa Guan Li Gan Bu Xue Yuan Xue Bao
中国机构改革与管理,China institutional Reform and Management  중국기구개혁여관리,Zhong Guo Ji Gou Gai Ge Yu Guan Li
长春市委党校学报,Journal of the Party School of CPC of Changchun Municipal Committee  장춘시위당교학보,Chang Chun Shi Wei Dang Xiao Xue Bao
中共南京市委党校学报,Journal of Nanjing Party Institute of CPC  중공남경시위당교학보,Zhong Gong Nan Jing Shi Wei Dang Xiao Xue Bao
中共郑州市委党校学报,Journal of the Party School of CPC Zhengzhou Municipal Committee  중공정주시위당교학보,Zhong Gong Zheng Zhou Shi Wei Dang Xiao Xue Bao
党的建设,Dang De Jianshe  적건설,Dang De Jian She
中共宁波市委党校学报,Journal of the Party School of CPC Ningbo Municipal Committee  중공녕파시위당교학보,Zhong Gong Ning Bo Shi Wei Dang Xiao Xue Bao
党史研究与教学,DANGSHI YANJIU YU JIAOXUE  당사구여학,Dang Shi Yan Jiu Yu Jiao Xue
南亚东南亚研究,South Asian and Southeast Asian Studies  동남아남아구,Dong Nan Ya
党政干部学刊,Journal for Party and Administrative Cadres  당정간부학간,Dang Zheng Gan Bu Xue Kan
北京政法职业学院学报,Beijing College of Political Science and Law  북경정법직업학원학보,Bei Jing Zheng Fa Zhi Ye Xue Yuan Xue Bao
山东法官培训学院学报,Shandong Judges Training Institute Journal  산동심판,Shan Dong Shen Pan
海峡法学,Cross-Strait Legal Science  해협법학,Hai Xia Fa Xue
贵阳市委党校学报,Journal OF Party School OF Guiyang Committee OF C.P.C  귀양시위당교학보,Gui Yang Shi Wei Dang Xiao Xue Bao
理论学习与探索,Theory Studying and Exploration  리론학습여탐색,Li Lun Xue Xi Yu Tan Suo
铁道警察学院学报,Journal of Railway Police College  철도경관고등전과학교학보,Tie Dao Jing Guan Gao Deng Zhuan Ke Xue Xiao Xue Bao
胜利油田党校学报,Journal of The Party School of Shengli Oilfield  승리유전당교학보,Sheng Li You Tian Dang Xiao Xue Bao
中共石家庄市委党校学报,Journal of the Party University of Shijiazhuang City Committee of CPC  중공석가장시위당교학보,Zhong Gong Shi Jia Zhuang Shi Wei Dang Xiao Xue Bao
南洋资料译丛,Southeast Asian Studies  남양자료역총,Nan Yang Zi Liao Yi Cong
兵团党校学报,Journal of the Party School of XPCC of C.P.C  병단당교학보,Bing Tuan Dang Xiao Xue Bao
美与时代（上旬刊）,Beauty & Times  미여시대（상순간）,Mei Yu Shi Dai （ Shang Ban Yue ）
福州党校学报,Journal of the Party School of Fuzhou  복주당교학보,Fu Zhou Dang Xiao Xue Bao
哈尔滨市委党校学报,The Journal of Harbin Committee School of The CCP  합이빈시위당교학보,Ha Er Bin Shi Wei Dang Xiao Xue Bao
福建省社会主义学院学报,Journal of Fujian Institute of Socialism  복건성사회주의학원학보,Fu Jian Sheng She Hui Zhu Yi Xue Yuan Xue Bao
湖南警察学院学报,Journal of Hunan Public Academy  호남경찰학원학보,Hu Nan Gong An Gao Deng Zhuan Ke Xue Xiao Xue Bao
上海公安高等专科学校学报（公安理论与实践）,Journal of Shanghai Public College  상해공안고등전과학교학보（공안리론여실천）,Shang Hai Gong An Gao Deng Zhuan Ke Xue Xiao Xue Bao （ Gong An Li Lun Yu Shi Jian ）
武汉公安干部学院学报,Journal of Wuhan Public Security Cadre's College  무한공안간부학원학보,Wu Han Gong An Gan Bu Xue Yuan Xue Bao
桂海论丛,Guihai Tribune  계해론총,Gui Hai Lun Cong
哲学分析,Zhexue Fenxi  철학분석,Zhe Xue Fen Xi
河北青年管理干部学院学报,Journal of Hebei Youth Administrative Cadres College  하북년관리간부학원학보,He Bei Qing Nian Guan Li Gan Bu Xue Yuan Xue Bao
校园心理,Campus Life & Mental Health  교원심리,Xiao Yuan Xin Li
广东省社会主义学院学报,Journal of Guangdong Institute of Socialism  광동성사회주의학원학보,Guang Dong Sheng She Hui Zhu Yi Xue Yuan Xue Bao
河北省社会主义学院学报,Journal of Hebei Socialist College  하북성사회주의학원학보,He Bei Sheng She Hui Zhu Yi Xue Yuan Xue Bao
中共南宁市委党校学报,Journal of The Nanning Municipal Party College of C.P.C  중공남녕시위당교학보,Zhong Gong Nan Ning Shi Wei Dang Xiao Xue Bao
大连干部学刊,Journal of Dalian Official  대련간부학간,Da Lian Gan Bu Xue Kan
广东公安科技,Guangdong Gongan Keji  광동공안과기,Guang Dong Gong An Ke Ji
陕西社会主义学院学报,Journal of Shaanxi Institute of Socialism  섬서사회주의학원학보,Shan Xi She Hui Zhu Yi Xue Yuan Xue Bao
山西省政法管理干部学院学报,Journal of Shanxi Politics and Law Institute for Administrators  산서성정법관리간부학원학보,Shan Xi Sheng Zheng Fa Guan Li Gan Bu Xue Yuan Xue Bao
现代哲学,Modern Philosophy  현대철학,Xian Dai Zhe Xue
唯实,Truths and Facts  유실,Wei Shi
山西青年职业学院学报,Journal of Shanxi Youth Vocational College  산서년관리간부학원학보,Shan Xi Qing Nian Guan Li Gan Bu Xue Yuan Xue Bao
党政论坛,Party & Government Forum  당정론단,Dang Zheng Lun Tan
陕西青年职业学院学报,Journal of Shaanxi Institute of Junior Managerial Personnel  섬서년직업학원학보,Shan Xi Qing Nian Zhi Ye Xue Yuan Xue Bao
上海党史与党建,Shanghai Studies on CCP history and Construction  상해당사여당건,Shang Hai Dang Shi Yu Dang Jian
前进,Advance  전진,Qian Jin
孔子研究,Confucius Studies,Kong Zi Yan Jiu
辽宁省社会主义学院学报,Journal of Liaoning Institute of Socialism,Liao Ning Sheng She Hui Zhu Yi Xue Yuan Xue Bao
广西社会主义学院学报,Journal of  Guangxi Institute of Socialism  광서사회주의학원학보,Guang Xi She Hui Zhu Yi Xue Yuan Xue Bao
中共成都市委党校学报,Journal of the Chengdu Municipal Party College of C.P.C  중공성도시위당교학보,Zhong Gong Cheng Du Shi Wei Dang Xiao Xue Bao
中国民政,China Civil Affairs  중국민정,Zhong Guo Min Zheng
天水行政学院学报,Journal of Tianshui College of Administration  천수행정학원학보,Tian Shui Xing Zheng Xue Yuan Xue Bao
美与时代·城市,Beauty & Times,Mei Yu Shi Dai · Cheng Shi
中共乌鲁木齐市委党校学报,Journal of the party school of CPC  Urumqi municipal  committee  중공오로목제시위당교학보,Zhong Gong Wu Lu Mu Qi Shi Wei Dang Xiao Xue Bao
国际研究参考,International Study Reference  국제자료신식,Guo Ji Zi Liao Xin Xi
山东省社会主义学院学报,Journal of Shandong Institute of Socialism
中共济南市委党校学报,Journal of the Party School of CPC Jinan Municipal Committee  중공제남시위당교학보,Zhong Gong Ji Nan Shi Wei Dang Xiao Xue Bao
法制与社会,Legal System and Society  법제여사회,Fa Zhi Yu She Hui
中国机关后勤,ZHONGGUO JIGUAN HOUQIN  중국기관후근,Zhong Guo Ji Guan Hou Qin
党建研究,C P C Construction Studies,Dang Jian Yan Jiu
黑龙江省政法管理干部学院学报,Journal of Heilongjiang Administrative Cadre Institute of Politics and Law  흑룡강성정법관리간부학원학보,Hei Long Jiang Sheng Zheng Fa Guan Li Gan Bu Xue Yuan Xue Bao
中共乐山市委党校学报,Journal of the Party School of Leshan Municipal Committee of C.P.C  중공악산시위당교학보,Zhong Gong Le Shan Shi Wei Dang Xiao Xue Bao
中共南昌市委党校学报,Journal of the Party School of Nanchang CPC Committee,Zhong Gong Nan Chang Shi Wei Dang Xiao Xue Bao
中国检察官,ZHONGGUO JIANCHAGUAN  중국검찰관,Zhong Guo Jian Cha Guan
黑龙江省社会主义学院学报,HEILONGJIANGSHENG SHEHUIZHUYI XUEYUAN XUEBAO  흑룡강성사회주의학원학보,Hei Long Jiang Sheng She Hui Zhu Yi Xue Yuan Xue Bao
安徽警官职业学院学报,Journal of Anhui Vocational College of Police Officers  안휘경관직업학원학보,An Hui Jing Guan Zhi Ye Xue Yuan Xue Bao
中共合肥市委党校学报,Journal of The Party College of C.P.C Hefei Municipal Committee,Zhong Gong He Fei Shi Wei Dang Xiao Xue Bao
党史文汇,Materials from CPC History  당사문회,Dang Shi Wen Hui
学理论,Theory Research  학리론,Xue Li Lun
宗教学研究,Religious Studies  종학구,Zong Jiao Xue Yan Jiu
成都行政学院学报,Journal of Chengdu Institute of Public Administration  성도행정학원학보,Cheng Du Xing Zheng Xue Yuan Xue Bao
广州社会主义学院学报,Journal of Guangzhou Institute of Socialism  광주사회주의학원학보,Guang Zhou She Hui Zhu Yi Xue Yuan Xue Bao
中共伊犁州委党校学报,Journal of Yili Prefecture Communist Party Institute  중공이리주위당교학보,Zhong Gong Yi Li Zhou Wei Dang Xiao Xue Bao
周易研究,Studies of Zhouyi  주역구,Zhou Yi Yan Jiu
法国研究,Etudes Francaises  법국구,Fa Guo Yan Jiu
云南社会主义学院学报,Journal of the Socialism Institute of Yunnan  운남사회주의학원학보,Yun Nan She Hui Zhu Yi Xue Yuan Xue Bao
管子学刊,Guanzi Journal  관자학간,Guan Zi Xue Kan
辽宁公安司法管理干部学院学报,Journal of Liaoning Administrators College of Police and Justice  료녕공안사법관리간부학원학보,Liao Ning Gong An Si Fa Guan Li Gan Bu Xue Yuan Xue Bao
中共珠海市委党校珠海市行政学院学报,ZhongGong ZhuHai ShiWei DangXiao ZhuHaiShi XingZheng XueYuan XueBao  중공주해시위당교주해시행정학원학보,Zhong Gong Zhu Hai Shi Wei Dang Xiao Zhu Hai Shi Xing Zheng Xue Yuan Xue Bao
外国问题研究,Japanese Studies Forum  외국문제구,Ri Ben Xue Lun Tan
政策瞭望,ZHENGCE LIAOWANG  정책료망,Zheng Ce 瞭 Wang
攀登（汉文版）,Ascent  반등,Pan Deng
四川劳动保障,Sichuan Labour and Social Security  사천로동보장,Si Chuan Lao Dong Bao Zhang
重庆行政(公共论坛),Chongqing  Administration  중경행정(공공론단),Chong Qing Xing Zheng （ Gong Gong Lun Tan ）
中小学心理健康教育,ZHONGXIAOXUE XINLI JIANKANG JIAOYU  ,Zhong Xiao Xue Xin Li Jian Kang Jiao Yu
美与时代（中旬刊）·美术学刊,Beauty & Times  미여시대·미술학간,Mei Yu Shi Dai · Mei Shu Xue Kan
中共桂林市委党校学报,Journal of The Party School of C.P.C Guilin Municipal Committee  중공계림시위당교학보,Zhong Gong Gui Lin Shi Wei Dang Xiao Xue Bao
石油政工研究,ShiYou ZhengGong YanJiu  석유정공구,Shi You Zheng Gong Yan Jiu
法制博览,legality Vision,Fa Zhi Bo Lan
世纪桥,BRIDGE OF CENTURY  세기교,Shi Ji Qiao
政治思想史,Teaching and Learning in Secondary School  정치사상사,Zhong Xue Jiao Yu Xue
广州市公安管理干部学院学报,Journal of Guangzhou Police College  광주시공안관리간부학원학보,Guang Zhou Shi Gong An Guan Li Gan Bu Xue Yuan Xue Bao
四川省社会主义学院学报,Journal of Shichuan Institute of Socialism,Si Chuan Sheng She Hui Zhu Yi Xue Yuan Xue Bao
团结,Unity  단결,Tuan Jie
人大研究,People's Congress Studying  인대구,Ren Da Yan Jiu
八桂侨刊,Overseas Chinese Journal of Bagui,Ba Gui Qiao Kan
湖北省社会主义学院学报,Journal of Hubei Institute of Socialism  호북성사회주의학원학보,Hu Bei Sheng She Hui Zhu Yi Xue Yuan Xue Bao
中国宗教,China Religion,Zhong Guo Zong Jiao
河南司法警官职业学院学报,Journal of Henan Judicial Police Vocational College  하남사법경관직업학원학보,He Nan Si Fa Jing Guan Zhi Ye Xue Yuan Xue Bao
创造,Creation  창조,Chuang Zao
各界,All Circles  각계,Ge Jie
四川党的建设,SICHUAN DANG DE JIANSHE(CHENGSHI BAN)  사천적건설（성시판）,Si Chuan Dang De Jian She （ Cheng Shi Ban ）
福建党史月刊,Fujian Dangshi Yuekan  복건당사월간,Fu Jian Dang Shi Yue Kan
美与时代（下旬刊）,Beauty & Times  미여시대（하순간）,Mei Yu Shi Dai （ Xia Ban Yue ）
机构与行政,JIGOU YU XINGZHENG,Ji Gou Yu Xing Zheng
内蒙古统战理论研究,Inner Mongolia Theory Research of United Front  내몽고통전리론구,Nei Meng Gu Tong Zhan Li Lun Yan Jiu
重庆与世界(学术版),The World & Chongqing  중경여세계(학술판),Chong Qing Yu Shi Jie （ Xue Shu Ban ）
实践(党的教育版),ShiJian(Dangde Jiaoyuban)  실천(당적육판),Shi Jian （ Dang De Jiao Yu Ban ）
党的生活（黑龙江）,DANG DE SHENGHUO(HEILONGJIANG)  당적생활（흑룡강）,Dang De Sheng Huo （ Hei Long Jiang ）
公安研究,Policing Studies,Gong An Yan Jiu
党政干部论坛,Cadres Tribune  당정간부론단,Dang Zheng Gan Bu Lun Tan
五台山研究,MT Wutai Researches  오대산구,Wu Tai Shan Yan Jiu
当代工人（C版）,Contemporary Worker  당대공인정품간,Dang Dai Gong Ren Jing Pin Kan
秘书工作,Office Administration  비서공작,Mi Shu Gong Zuo
山西青年,Shanxi Youth,Shan Xi Qing Nian
中国国际问题研究,China International Studies
科学与无神论,Science and Atheism  과학여무신론,Ke Xue Yu Wu Shen Lun
中国道教,China Taoism  중국도,Zhong Guo Dao Jiao
北京观察,Beijing Observation  북경관찰,Bei Jing Guan Cha
森林公安,Forestry Public Security  삼림공안,Sen Lin Gong An
法律与生活,Law and Life  법률여생활,Fa Lu Yu Sheng Huo
中国法学前沿,Frontiers of Law in China,Zhong Guo Fa Xue Qian Yan
中国穆斯林,China Muslim,Zhong Guo Mu Si Lin
职工法律天地,ZHIGONG FALV TIANDI,Zhi Gong Fa Lu Tian Di
湖北政协,Country Review  세기행,Shi Ji Xing
社会主义论坛,Socialist Forum  사회주의론단,She Hui Zhu Yi Lun Tan
天津人大,TIANJIN RENDA  천진인대,Tian Jin Ren Da
中国工作犬业,ZHONGGUO GONGZUO QUANYE  중국공작견업,Zhong Guo Gong Zuo Quan Ye
红广角,HongGuangJiao  홍광각,Guang Dong Dang Shi
法音,The Voice of Dharma,Fa Yin
现代国际关系（英文版）,Contemporary International Relations  현대국제관계（영문판）,Xian Dai Guo Ji Guan Xi （ Ying Wen Ban ）
中国哲学前沿,Frontiers of Philosophy in China,Zhong Guo Zhe Xue Qian Yan
天风,Heavenly Wind  천풍,Tian Feng
检察纵横,JIANCHA ZONGHENG,Jian Cha Zong Heng
经济法学家,Jjfxj
基督教学术,Ji Du Jiao Xue Shu
山东行政学院学报,Journal of Shandong Administration Institute and Shandong Economic Management Personnel Institute  산동행정학원학보,Shan Dong Xing Zheng Xue Yuan Shan Dong Sheng Jing Ji Guan Li Gan Bu Xue Yuan Xue Bao
紫光阁,Purple Light Pavilion,Zi Guang Ge
党支部工作指导,DANGZHIBU GONGZUO ZHIDAO,Dang Zhi Bu Gong Zuo Zhi Dao
中华人民共和国最高人民法院公报,ZHONGHUA RENMIN GONGHEGUO ZUIGAO RENMIN FAYUAN GONGBAO,Zhong Hua Ren Min Gong He Guo Zui Gao Ren Min Fa Yuan Gong Bao
福建理论学习,FUJIAN LILUN XUEXI,Fu Jian Li Lun Xue Xi
邓小平理论研究,DENGXIAOPING LILUN YANJIU,Deng Xiao Ping Li Lun Yan Jiu
北京党史,BEIJINGDANGSHI,Bei Jing Dang Shi
统一论坛,Reunification Forum,Tong Yi Lun Tan
中国防伪报道,China Anti-Counterfeiting Report  중국방보도,Zhong Guo Fang Wei Bao Dao
中国海洋法学评论（英文版）,China Oceans Law Review
思维与智慧,Thinking and Wisdom,Si Wei Yu Zhi Hui
台湾法研究,Journal of Research on Laws in Taiwan,Tai Wan Fa Yan Jiu
时代青年·悦读,Youth of the Times,Shi Dai Qing Nian Yue Du
藏外佛教文献,ZANG WAI FU JIAO WEN XIAN,Zang Wai Fo Jiao Wen Xian
北大国际法与比较法评论,Bdgjfybjfpl
政府法制,Government Legality  정부법제,Zheng Fu Fa Zhi
共产党员（辽）,GONGCHANDONGYUAN,Gong Chan Dang Yuan （ Liao ）
中共四川省委党校学报,Journal of Party College of Sichuan Province Committee of CCP  중공사천성위당교학보,Zhong Gong Si Chuan Sheng Wei Dang Xiao Xue Bao
政工学刊,Political Work Journal,Zheng Gong Xue Kan
重庆与世界,The World & Chongqing  중경여세계,Chong Qing Yu Shi Jie
中国国际私法与比较法年刊,Zggjsfybjfnk
国际交流,International Understanding,Guo Ji Jiao Liu
美国问题研究,Fudan American Review,Mei Guo Wen Ti Yan Jiu
亚太研究论丛,Ytyjlc
人天科学研究,Human-Nature Science Studies  인천과학구,Ren Tian Ke Xue Yan Jiu
当代宗教研究,DANGDAI ZONGJIAO YANJIU,Dang Dai Zong Jiao Yan Jiu
复旦政治学评论,FuDan ZhengZhiXue PingLun,Fu Dan Zheng Zhi Xue Ping Lun
青年博览,Readings for Youth,Qing Nian Bo Lan
方圆,FANGYUAN,Fang Yuan
实践（蒙文版）,SHIJIAN(MENGWEN BAN),Shi Jian （ Meng Wen Ban ）
当代国外马克思主义评论,CONTEMPORARY MARXISM REVIEW,Dang Dai Guo Wai Ma Ke Si Zhu Yi Ping Lun
金卡工程,Cards World  김공정,Jin Ka Gong Cheng
理论与实践,LILUN YU SHIJIAN,Li Lun Yu Shi Jian
教学月刊（中学版）,Jiaoxue Yuekan(Zhongxueban)  학월간（중학판）,Jiao Xue Yue Kan （ Zhong Xue Ban ）
外国哲学,Guowai Zhexue,Wai Guo Zhe Xue
时代青年·视点,Youth of the Times,Shi Dai Qing Nian Shi Dian
理论前沿,Theory Front  리론전연,Li Lun Qian Yan
闽西通讯,MINXI TONGXUN,Min Xi Tong Xun
女子世界,women's World,Nu Zi Shi Jie
人民政坛,People's Political Scene,Ren Min Zheng Tan
军队政工理论研究,Theoretical Studies on PLA Political Work  군대정공리론구,Jun Dui Zheng Gong Li Lun Yan Jiu
西安外事学院学报,Journal of Xi'an International University,Xi An Wai Shi Xue Yuan Xue Bao
私法研究,Private Law Review,Si Fa Yan Jiu
心理世界,Mental World,Xin Li Shi Jie
中国妇运,Chinese Women's Movement,Zhong Guo Fu Yun
军队党的生活,JUNDUI DANGDESHENGHUO
地方政府管理,Local Government Management,Di Fang Zheng Fu Guan Li
山西青年（上半月）,Shanxi Youth,Shan Xi Qing Nian （ Shang Ban Yue ）
吉林省社会主义学院学报,JILINSHENG SHEHUIZHUYI XUEYUAN XUEBAO,Ji Lin Sheng She Hui Zhu Yi Xue Yuan Xue Bao
畅谈,Talk Up  창담,Chang Tan
法学教育研究,Legal Education Research
著作权,Copyright,Zhu Zuo Quan
沈阳干部学刊,SHENYANG GANBU XUEKAN,Shen Yang Gan Bu Xue Kan
钢铁文化,GANG TIE WEN HUA  강철문화,Wu Gang Zheng Gong
金融法苑,Financial Law Form
中德私法研究,Zdsfyj
民主与法制,Democracy and Legal System,Min Zhu Yu Fa Zhi
马克思主义哲学研究,Marxist Philosophical Research,Ma Ke Si Zhu Yi Zhe Xue Yan Jiu
现代妇女,Modern Women  현대부녀,Xian Dai Fu Nu
中国政协,ZHONGGUO ZHENGXIE,Zhong Guo Zheng Xie
行政法论丛,ADMINISTRATIVE LAW,Xing Zheng Fa Lun Cong
伦理学与公共事务,Llxyggsw
百年潮,Hundred Year Tide  백년조,Bai Nian Chao
上海公安学院学报,Journal of Shanghai Police College
人民与权力,People and Power,Ren Min Yu Quan Li
中央农业管理干部学院学报,Journal of central agricultural management institute  ,Zhong Yang Nong Ye Guan Li Gan Bu Xue Yuan Xue Bao
证券法苑,ZHENG QUAN FA YUAN,Zheng Quan Fa Yuan
中国诠释学,Zhongguo Quanshixue,Zgqsx
复旦国际关系评论,Fudan International Studies Review,Fu Dan Guo Ji Guan Xi Ping Lun
浙江人大,zhejiang renda  절강인대,Zhe Jiang Ren Da
党史博览,General Review of the Communist Party of China  당사박람,Dang Shi Bo Lan
人民公安,People's Police,Ren Min Gong An
西南民兵,Southwest Chnia Militiaman,Xi Nan Min Bing
复印报刊资料-外国哲学分册,FUYIN BAOKAN ZILIAO-WAIGUO ZHEXUE FENCE,Fu Yin Bao Kan Zi Liao - Wai Guo Zhe Xue Fen Ce
清华法治论衡,Qing Hua Fa Zhi Lun Heng  화법치론형,Qing Hua Fa Zhi Lun Heng
中共银川市委党校学报,Journal of the Yinchuan Municipal Party College of C.P.C.  중공은천시위당교학보,Zhong Gong Yin Chuan Shi Wei Dang Xiao Xue Bao
传承,Chuancheng  전승,Chuan Cheng
厦门特区党校学报,XIAMEN TEQU DANGXIAO XUEBAO,Xia Men Te Qu Dang Xiao Xue Bao
毛泽东研究,Mao Zedong Research
现代世界警察,Modern World Police,Xian Dai Shi Jie Jing Cha
真理的追求,Search for Truth,Zhen Li De Zhui Qiu
中国公证,China Notary  중국공증,Zhong Guo Gong Zheng
社会心理科学,Science of Social Psychology,She Hui Xin Li Ke Xue
侨园,Overseas Chinese  교원,Qiao Yuan
中国宗教研究（英文版）,Study in Chinese Religions
中国监察,Supervision in China,Zhong Guo Jian Cha
延边党校学报,Journal of YanBian Party School,Yan Bian Dang Xiao Xue Bao
当代青年,Modern Youth,Dang Dai Qing Nian
南大法学,Nanjing University Law Journal,Nan Jing Da Xue Fa Lv Ping Lun
世界古典文明杂志（英文版）,Journal of Ancient Civilizations,Shi Jie Gu Dian Wen Ming Za Zhi （ Ying Wen Ban ）
新法规,XIN FAGUI,Xin Fa Gui
刑事法评论,Xsfpl
保密工作,Keeping Secret,Bao Mi Gong Zuo
人权,Human Reghts,Ren Quan
广东党史与文献研究,History and Literature Studies on CPC
楚天法治,Chutian Fazhi,Chu Tian Fa Zhi
人权（英文版）,The Journal of Human Rights
五台山,WUTAISHAN  오대산,Wu Tai Shan
传承（中旬刊）,Inheritance & Innovation  전승（중순간）,Chuan Cheng （ Zhong Xun Kan ）
检察风云,Procuratorial View  검찰풍운,Jian Cha Feng Yun
新疆警察学院学报,Journal of Xinjiang Police Officers' Academy  신강경관고등전과학교학보,Xin Jiang Jing Guan Gao Deng Zhuan Ke Xue Xiao Xue Bao
人民司法,People's Judicature,Ren Min Si Fa
四川省政法管理干部学院学报,SICHUANSHENG ZHENGFA GUANLI GANBU  XUEYUAN XUEBAO,Si Chuan Sheng Zheng Fa Guan Li Gan Bu Xue Yuan Xue Bao
时事资料手册,SHISHI ZILIAO SHOUCE,Shi Shi Zi Liao Shou Ce
中国青年,China Youth,Zhong Guo Qing Nian
人大建设,RENDA JIANSHE  인대건설,Ren Da Jian She
实践(思想理论版),SHIJIAN（SIXIANG LILUN BAN）  실천(사상리론판),Shi Jian （ Si Xiang Li Lun Ban ）
党建研究内参,DANGJIAN YANJIU NEICAN,Dang Jian Yan Jiu Nei Can
城市党报研究,CHENGSHI DANGBAO YANJIU,Cheng Shi Dang Bao Yan Jiu
网络法律评论,Wlflpl
金陵法律评论,Jinling Law Review  김릉법률평론,Jin Ling Fa Lu Ping Lun
瞭望,Outlook Weekly,Liao Wang
中国青运史辑刊,ZHONGGUO QINGYUNSHI JIKAN,Zhong Guo Qing Yun Shi Ji Kan
吉林公安高等专科学校学报8,Gournal of Jilin Public Security Academy,Ji Lin Gong An Gao Deng Zhuan Ke Xue Xiao Xue Bao
哲学门,ZHE XUE MEN,Zhxm
中国现象学与哲学评论,The Phenomenological and Philosophical Research in China,Zhong Guo Xian Xiang Xue Yu Zhe Xue Ping Lun
现代中国,Xdzg
国际援助,International Development Cooperation
复旦公共行政评论,Fudan Public Administration Review,Fu Dan Gong Gong Xing Zheng Ping Lun
江淮法治,JIANG HUAI FA ZHI,Jiang Hui Fa Zhi
党政论坛（干部文摘）,Party &Government Forum  당정론단（간부문적）,Dang Zheng Lun Tan （ Gan Bu Wen Zhai ）
党员特刊,DANGYUAN TEKAN,Dang Yuan Te Kan
哲学评论,Wuda Philosophical Review,Zhe Xue Ping Lun
党的生活（河南）,DANG DE SHENGHUO(HENAN),Dang De Sheng Huo （ He Nan ）
中国人民防空,Chinese Civil Air Defence,Zhong Guo Ren Min Fang Kong
法商论坛,fashang luntan  법상론단,Fa Shang Lun Tan
中国环境法治,Environmental Law in China  중국환경법치,Zhong Guo Huan Jing Fa Zhi
求实论坛,QIUSHI LUNTAN,Qiu Shi Lun Tan
佛学研究,Foxue Yanjiu,Fo Xue Yan Jiu
思想政治工作研究,Ideological and Political Work Research,Si Xiang Zheng Zhi Gong Zuo Yan Jiu
经济法论丛,Economic Law Review,Jing Ji Fa Lun Cong
政工研究动态,ZHENGGONG YANJIU DONGTAI,Zheng Gong Yan Jiu Dong Tai
公法研究,Gongfa Yanjiu,Gong Fa Yan Jiu
三晋基层治理,Grassroots Governance In Sanjin
先锋队,XIANFENG DUI,Xian Feng Dui
南京政治学院学报,Journal of PLA Nanjing Institute of Politics  남경정치학원학보,Nan Jing Zheng Zhi Xue Yuan Xue Bao
两岸关系,Relations Across Taiwan Straits  량안관계,Liang An Guan Xi
民主与科学,Democracy & Science  민주여과학,Min Zhu Yu Ke Xue
公法评论,Gfpl
中共青岛市委党校青岛行政学院学报,Journal of the Party School of C.P.C Qingdao Municipal Committee Qingdao Administration Institute,Zhong Gong Qing Dao Shi Wei Dang Xiao Qing Dao Xing Zheng Xue Yuan Xue Bao
检察风云—社会治理理论专刊,INNOVATION ORIENTED SOCIAL MANAGEMET THEORY,Jian Cha Feng Yun - Chuang Xin She Hui Guan Li Li Lun Zhuan Kan
四川心理科学,SICHUAN XINLI KEXUE,Si Chuan Xin Li Ke Xue
中国工运,Chinese Workers’Movement,Zhong Guo Gong Yun
贵州省政法管理干部学院学报,Journal of Guizhou Political-Legal Cadre College,Gui Zhou Sheng Zheng Fa Guan Li Gan Bu Xue Yuan Xue Bao
刑警与科技,Criminal Police & Technology
西安政治学院学报,Journal of Xi'an Politics Institute  서안정치학원학보,Xi An Zheng Zhi Xue Yuan Xue Bao
知识产权年刊,Zscqnk
法制与经济（下半月）,FaZhi Yu JingJi  법제여경제（하순간）,Fa Zhi Yu Jing Ji （ Xia Xun Kan ）
中国工人,China Worker,Zhong Guo Gong Ren
法人,Faren Magazine,Fa Ren
宗教与美国社会,Zong Jiao Yu Mei Guo She Hui
山西青年（下半月）,Shanxi Youth,Shan Xi Qing Nian （ Xia Ban Yue ）
经济法论坛,Asymposium on Economic Law,Jing Ji Fa Lun Tan
支部建设,ZHIBU JIANSHE,Zhi Bu Jian She
福建统一战线,FUJIAN TONGYI ZHANXIAN,Fu Jian Tong Yi Zhan Xian
党史文苑（学术版）,Literature on Party Building  당사문원（학술판）,Dang Shi Wen Yuan （ Xue Shu Ban ）
英美文学研究论丛,ENGLISH AND AMERICAN LITERARY STUDIES,Ying Mei Wen Xue Yan Jiu Lun Cong
检察风云—预防职务犯罪专刊,JIAN CHA FENG YUN,Jian Cha Feng Yun - Yu Fang Zhi Wu Fan Zui Zhuan Kan
党课,DANG-KE,Dang Ke
协商论坛,xieshang luntan  협상론단,Xie Shang Lun Tan
中国监狱学刊,China Prison Journal,Zhong Guo Jian Yu Xue Kan
人权研究,Renquan Yanjiu,Rqyj
厦门大学法律评论,Xiamen University Law Review,Xia Men Da Xue Fa Lv Ping Lun
中国边防警察,ZHONGGUO BIANFANG JINGCHA,Zhong Guo Bian Fang Jing Cha
公安海警学院学报,Journal of Public Security Marine Police Academy,Gong An Hai Jing Gao Deng Zhuan Ke Xue Xiao Xue Bao
法律方法,Legal method,Fa Lv Fang Fa
青年文摘,Youth Abstract,Qing Nian Wen Zhai
中国刑事警察,China Criminal Police,Zhong Guo Xing Shi Jing Cha
现代妇女(理论版),Modern Women  현대부녀(리론판),Xian Dai Fu Nv （ Li Lun Ban ）
现代领导,Modern Leading,Xian Dai Ling Dao
时事报告,SHISHI BAOGAO,Shi Shi Bao Gao
中国应用法学,China Review of Administration of Justice
中西法律传统,Zxflct
犯罪与改造研究,Crime and correction,Fan Zui Yu Gai Zao Yan Jiu
新青年,New Youth  신년,Xin Qing Nian
文明指南,WENMING ZHINAN  문명지남,Wen Ming Zhi Nan
理论与当代,LILUN YU DANGDAI,Li Lun Yu Dang Dai
外交（英文版）,Foreign Affalrs Journal
兵团工运,BINGTUAN GONGYUN  병단공운,Bing Tuan Gong Yun
党史纵横,Over the Party History  당사종횡,Dang Shi Zong Heng
党史天地·解密,Stories from CPC History,Dang Shi Tian Di
法治与社会,Rule By Law and the Society  법치여사회,Fa Zhi Yu She Hui
法制与经济（中旬刊）,FaZhi Yu JingJi  법제여경제（중순간）,Fa Zhi Yu Jing Ji （ Zhong Xun Kan ）
当代工人,Contemporary Worker  당대공인,Dang Dai Gong Ren
版权公报,Copyright Bulletin,Ban Quan Gong Bao
中国律师,Chinese Lawyer,Zhong Guo Lu Shi
复印报刊资料-法理学·法史学分册,FUYIN BAOKAN ZILIAO-FALIXUE FASHIXUE FENCE,Fu Yin Bao Kan Zi Liao - Fa Li Xue · Fa Shi Xue Fen Ce
交大法学,Sjtu Law Review
北大法律评论,Bdflpl
青年与社会·中外教育研究,Chinese and Foreign Education Research  년여사회·중외육구,Qing Nian Yu She Hui
刑法论丛,Criminal Law Review,Xflc
佛教文化,Buddhist Culture,Fu Jiao Wen Hua
社会福利,China Social Welfare  사회복리,She Hui Fu Li
解放军理论学习,DENGXIAOPING LILUN XUEXI YU YANJIU,Jie Fang Jun Li Lun Xue Xi
民间法,MIN JIAN FA,Min Jian Fa
中国公务员,Chinese Public Servant,Zhong Guo Gong Wu Yuan
今日中国论坛,China-Today Forum,Dang Dai Si Chao
公安教育,Public Security Education,Gong An Jiao Yu
四川党的建设（农村版）,SICHUAN DANG DE JIANSHE(NONGCUN BAN)  사천적건설（농촌판）,Si Chuan Dang De Jian She （ Nong Cun Ban ）
基督教文化学刊,Journal for the Study of Christian Cultrue,Ji Du Jiao Wen Hua Xue Kan
福建政法管理干部学院学报,The Journal of Fujian Institute of Political Science & Law  복건정법관리간부학원학보,Fu Jian Zheng Fa Guan Li Gan Bu Xue Yuan Xue Bao
中国天主教,Catholic Church in China,Zhong Guo Tian Zhu Jiao
韩国研究论丛,HAN GUO YAN JIU LUN CONG
人大法律评论,Renmin University Law Review,Ren Da Fa Lv Ping Lun
法制与经济,FaZhi Yu JingJi  법제여경제（상순간）,Fa Zhi Yu Jing Ji
台声,Voice of Taiwan,Tai Sheng
国际经济法学刊,Gjjjfxk
法庭科学研究（英文）,Forensic Sciences Research
经济法学评论,Economic Law Review,Jing Ji Fa Xue Ping Lun
经济法研究,Jjfyj
领导决策信息,Information for Deciders,Ling Dao Jue Ce Xin Xi
半月谈,China Comment,Ban Yue Tan
世界知识,World Affairs  세계지식,Shi Jie Zhi Shi
四川统一战线,Sichuan United Front,Si Chuan Tong Yi Zhan Xian
工会博览,A View of Labour Unions  공회박람·리론구,Gong Hui Bo Lan · Li Lun Yan Jiu
中国保安,China Security Service  중국보안,Zhong Guo Bao An
党史纵览,Dangshi Zonglan  당사종람,Dang Shi Zong Lan
云南大学学报（法学版）,Law Edition Jorunal of Yunnan University  운남대학학보（법학판）,Yun Nan Da Xue Xue Bao （ Fa Xue Ban ）
第欧根尼,Diogenes  제구근니,Di Ou Gen Ni
时代青年,Youth of the Times,Shi Dai Qing Nian
中共太原市委党校学报,Journal of the Party School of the Taiyuan's Committee of the C.P.C  중공태원시위당교학보,Zhong Gong Tai Yuan Shi Wei Dang Xiao Xue Bao
社会福利（理论版）,Social Welfare,She Hui Fu Li （ Li Lun Ban ）
中国武警,China's Armed Police,Zhong Guo Wu Jing
国际公关,GUOJI GONGGUAN,Guo Ji Gong Guan
探索与争鸣,Exploration and Free Views  탐색여쟁명,Tan Suo Yu Zheng Ming
中共党史资料,ZHONGGONG DANGSHI ZILIAO
理论建设,Theory Construction
中国人大,ZHONGGUO RENDA,Zhong Guo Ren Da
党建与人才,DANGJIAN YU RENCAI,Dang Jian Yu Ren Cai
传承（学术理论版）,Inheritance & Innovation  전승（학술리론판）,Chuan Cheng （Xue Shu Li Lun Ban ）
青年学研究,QINGNIANXUE YANJIU,Qing Nian Xue Yan Jiu
中国统一战线,The United Front Work Department of CPC Central Committee  중국통일전선,Zhong Guo Tong Yi Zhan Xian
学校党建与思想教育（普教版）,XUEXIAO DANGJIAN YU SIXIANG JIAOYU（PUJIAO BAN）,Xue Xiao Dang Jian Yu Si Xiang Jiao Yu （ Pu Jiao Ban ）
