电力系统及其自动化学报,基于数学优化的电力网规划模型的理论研究,http://d.wanfangdata.com.cn/periodical/ChlQZXJpb2RpY2FsQ0hJTmV3UzIwMjEwMzAyEhRkbHh0anF6ZGh4YjIwMDAwNjAwNBoIODZ1Z2Jua3E%3D,['许跃进'],"年，卷(期)：2000, 12(6)","本文指出了电力网规划模型固有的非线性特性,以及对其实施线性化的数学方法和过程.并且,应用数学优化中的库恩-塔克理论,论证了线性化后的规划模型与原始的非线性规划模型具有完全相同的最优解.从而为建立及求解电力网的线性规划模型提供了数学依据.","电力网规划,最优化,线性化"
电力系统及其自动化学报,电力系统厂站主接线图形的自动生成,http://d.wanfangdata.com.cn/periodical/ChlQZXJpb2RpY2FsQ0hJTmV3UzIwMjEwMzAyEhRkbHh0anF6ZGh4YjIwMDAwMTAxMBoIODZ1Z2Jua3E%3D,"朱永利,栗然,刘艳,O.P.Malik","年，卷(期)：2000, 12(1)",由于实际电力系统中的厂站数量大，所以用常规的图形编辑方法生成厂站主接线计算机图形是一项非常费时的工作.本文提出了一种基于人工智能技术的厂站主接线图形自动生成新方法，该方法用框架技术表示电网和厂站拓扑结构，用基于规则的方法进行各种母线的支路分析，并总结出屏幕上下两部分图形布置与画法的对称转换关系，本文所述方法已在电力系统分析软件中得到实际应用。,['图形的自动生成图形化界面人工智能基于规则的系统']
电力系统及其自动化学报,电力系统继电保护原理CAI软件的实现,http://d.wanfangdata.com.cn/periodical/ChlQZXJpb2RpY2FsQ0hJTmV3UzIwMjEwMzAyEhRkbHh0anF6ZGh4YjIwMDAwNDAxMxoIODZ1Z2Jua3E%3D,"范春菊,郁惟镛,顾洁","年，卷(期)：2000, 12(4)","本文主要论述了如何通过AUTHORWARE实现电力系统继电保护CAI教学软件的过程,并着重阐述了该软件的基本结构以及典型部分的实现方法.文章中还讨论了有关库的使用技巧.通过使用该软件,可以实现交互式学习的功能,便于学生课后复习和自学,可以使学生提高学习效率和学习效果.","电力系统继电保护,CAI,AUTHORWARE,库(LIBRARY)"
电力系统及其自动化学报,原对偶内点法与定界法在无功优化中的应用,http://d.wanfangdata.com.cn/periodical/ChlQZXJpb2RpY2FsQ0hJTmV3UzIwMjEwMzAyEhRkbHh0anF6ZGh4YjIwMDAwMzAwNxoIODZ1Z2Jua3E%3D,"许诺,黄民翔","年，卷(期)：2000, 12(3)","本文将原对偶内点法与分枝定界法综合应用于无功优化过程中,采用原对偶内点法进行全局寻优,运用分枝定界法进行离散变量(变压器分接头与电容/电抗器投切组数)的归整.针对实际情况,本文建立了一个新的综合目标函数.对实际电网的优化计算表明,本文算法具有良好的特性.","无功优化,原对偶内点法,分枝定界法"
电力系统及其自动化学报,中性点经中电阻接地方式的研究,http://d.wanfangdata.com.cn/periodical/ChlQZXJpb2RpY2FsQ0hJTmV3UzIwMjEwMzAyEhRkbHh0anF6ZGh4YjIwMDAwNDAwNxoIODZ1Z2Jua3E%3D,"雷绍兰,王官洁,周林","年，卷(期)：2000, 12(4)","在电网中性点的不同接地方式中,经中性电阻接地方式是一种新型且有生命力的接地方式,并在一些电力部门得到应用.本文将对中性电阻接地方式的选择和保护进行研究","中性点,接地电网,中电阻"
电力系统及其自动化学报,一科基于模糊规则和神经网络的负荷预测方法,http://d.wanfangdata.com.cn/periodical/ChlQZXJpb2RpY2FsQ0hJTmV3UzIwMjEwMzAyEhRkbHh0anF6ZGh4YjIwMDAwNTAxMBoIODZ1Z2Jua3E%3D,"陶小虎,黄民翔","年，卷(期)：2000, 12(5)","考虑到每个小时发电成本各异,因此本文在训练用于负荷预测神经网络时采用了带动态的模糊化加权因子的加权完全平方法的训练方法.与传统的用于负荷预测的神经网络的训练相比,本文提出的方法更加符合实际而且经济效益更好.同时文中分别采用完全平方法(NNLS),固定加权因子的加权完全平方法(NNWLS)和带动态的模糊化加权因子的加权完全平方法(NNFWLS)进行网络训练并进行比较.仿真结果显示在整个预测周期中采用加权完全平方法的经济效益明显好于直接完全平方法,而模糊化加权因子完全平方法的结果又好于加权完全平方法.但NNFWLS并不是在每个预测点都好于NNLS,因此在文中提出综合运用NNLS和NNFWLS来进行负荷预测以取得最佳的经济效益.有关参数的选择还有待于进一步的探讨.","负荷预测,循环神经网络,模糊因子,微增率曲线,加权完全平方法"
电力系统及其自动化学报,华东电网黑起动方案研究之一,http://d.wanfangdata.com.cn/periodical/ChlQZXJpb2RpY2FsQ0hJTmV3UzIwMjEwMzAyEhRkbHh0anF6ZGh4YjIwMDAwMjAwMRoIODZ1Z2Jua3E%3D,"郁维镛,房鑫炎,熊惠敏","年，卷(期)：2000, 12(2)",电力系统全停后的恢复计划即黑起动，是保证现代电力系统安全运行的重要课题。本文围绕华东电网的实际情况，研究华东电网的恢复方案并对其进行仿真；对仿真过程中遇到的一些关键问题进行分析，提出了解决对策。,['电力系统仿真计算黑起动']
电力系统及其自动化学报,电压稳定研究中的负荷模型及其建模方法,http://d.wanfangdata.com.cn/periodical/ChlQZXJpb2RpY2FsQ0hJTmV3UzIwMjEwMzAyEhRkbHh0anF6ZGh4YjIwMDAwNjAwMxoIODZ1Z2Jua3E%3D,"李欣然,陈元新,蒋铁铮,唐忠","年，卷(期)：2000, 12(6)","综合负荷模型及其建模是电压稳定研究中最基本和最关键的问题之一.本文全面地论述了电压稳定研究中综合负荷模型的应用现状,系统地阐述了当前电压稳定分析中常用负荷模型的特点及其存在的主要问题,提出了电压稳定分析中综合负荷建模的基本要求和建模方法,对电压稳定分析及其负荷建模具有普遍的指导意义.","电力系统,电压稳定,负荷模型"
电力系统及其自动化学报,电力系统多端直流(MTDC)潮流算法改进,http://d.wanfangdata.com.cn/periodical/ChlQZXJpb2RpY2FsQ0hJTmV3UzIwMjEwMzAyEhRkbHh0anF6ZGh4YjIwMDAwNTAwMhoIODZ1Z2Jua3E%3D,"陆进军,黄家裕","年，卷(期)：2000, 12(5)","本文总结了现有的各种电力系统多端直流(MTDC)潮流算法的优缺点,并在此基础上提出了一种新型快速的潮流算法.该方法计算速度快,收敛性好,可以方便地处理多种特定的直流潮流约束问题,例如,变压器分接头的离散调节、上下分接头限值、电压裕度设置、变流器电流限值等.","MTDC,潮流,多端直流计算"
电力系统及其自动化学报,短路实用计算中电源计算电抗的计算机算法研究,http://d.wanfangdata.com.cn/periodical/ChlQZXJpb2RpY2FsQ0hJTmV3UzIwMjEwMzAyEhRkbHh0anF6ZGh4YjIwMDAwMzAxMBoIODZ1Z2Jua3E%3D,['许跃进'],"年，卷(期)：2000, 12(3)","本文通过对短路网络中各种电源情况的详细分析,并经过严密的理论推导,给出了复杂网络中,有限及无限大功率电源对短路点转移电抗的系列通用计算公式及方法.从而为实用计算中,应用运算曲线求解短路电流的计算机方法提供了模型和算法.","计算电抗,故障电流,运算曲线"
电力系统及其自动化学报,同步相量测量技术在潮流计算中的应用,http://d.wanfangdata.com.cn/periodical/ChlQZXJpb2RpY2FsQ0hJTmV3UzIwMjEwMzAyEhRkbHh0anF6ZGh4YjIwMDAwNDAwMRoIODZ1Z2Jua3E%3D,"王克英,穆钢,陈学允","年，卷(期)：2000, 12(4)","基于GPS的同步相量测量单元(PMU)能够测量节点的电压相量.本文从节点电压初值选择,多平衡节点潮流计算,潮流方程直接可解等三个方面初步分析了应用PMU后电力系统的潮流计算问题,并讨论了这三种方法的应用条件和特点.算例表明,PMU测量值的三种不同用法可以在不同程度上使潮流计算得到改善.","GPS,相量测量单元,潮流计算"
电力系统及其自动化学报,综合措施提高远距离大容量交流输电系统稳定性水平,http://d.wanfangdata.com.cn/periodical/ChlQZXJpb2RpY2FsQ0hJTmV3UzIwMjEwMzAyEhRkbHh0anF6ZGh4YjIwMDAwMjAwMhoIODZ1Z2Jua3E%3D,"周群,张益,黄家裕,武寒,郭佳田,卞蓓蕾","年，卷(期)：2000, 12(2)",本文对高电压、远距离、大容量、跨区间交流输电系统的暂态稳定、动态稳定性问题，提出了强行励磁控制、电力系统稳定器、静止无功补偿器、串联补偿、快速切除故障及它们协调作用等多种措施。并以2000年华东系统为研究对象，重点针对阳城送电江苏输电系统所存在的突出的暂态稳定、动态稳定问题，提出切实有效的整体解决方案。,['电力系统稳定器静止无功补偿器串联补偿系统稳定性']
电力系统及其自动化学报,电力系统电压稳定与同步稳定分析,http://d.wanfangdata.com.cn/periodical/ChlQZXJpb2RpY2FsQ0hJTmV3UzIwMjEwMzAyEhRkbHh0anF6ZGh4YjIwMDAwMTAwMRoIODZ1Z2Jua3E%3D,"彭志炜,胡国根,韩祯祥","年，卷(期)：2000, 12(1)",本文利用分叉理论对电力系统中电压静分叉失稳与同步静分叉失稳的条件进行了探讨，并根据所得出的条件，相对电力系统的不同运行状况，分析了电力系统电压稳定的关联性，同时也提出了一些新观点。,['电压稳定同步稳定分叉理论']
电力系统及其自动化学报,神经网络的同伦算法与电力系统状态估计,http://d.wanfangdata.com.cn/periodical/ChlQZXJpb2RpY2FsQ0hJTmV3UzIwMjEwMzAyEhRkbHh0anF6ZGh4YjIwMDAwMTAwMxoIODZ1Z2Jua3E%3D,"祝滨,刘耀年,祝洪博","年，卷(期)：2000, 12(1)",本文将同伦算法引入到神经网络的学习训练中，提高了神经网络的学习效率；该方法具有稳定性强，收敛性好的优点；用这种神经网络进行了电力系统的状态估计，算例表明了该方法的有效性.,['BP神经网络同伦算法电力系统状态估计']
电力系统及其自动化学报,组合电力系统稳定器GPSS的设计,http://d.wanfangdata.com.cn/periodical/ChlQZXJpb2RpY2FsQ0hJTmV3UzIwMjEwMzAyEhRkbHh0anF6ZGh4YjIwMDAwMjAwNBoIODZ1Z2Jua3E%3D,['窦春霞'],"年，卷(期)：2000, 12(2)",为了抑制电力系统因负阻尼而产生的低频振荡，提高电力系统稳定性，设计了一种组合电力系统稳定器GPSS。理论分析和仿真结果都表明该方案对抑制电力系统低频振荡有显著效果。能提高电网运行质量，保持电网供电的可靠性和优质性。,['电力系统稳定器低频振荡']
电力系统及其自动化学报,异地线路纵差保护暂态试验的一种新方法,http://d.wanfangdata.com.cn/periodical/ChlQZXJpb2RpY2FsQ0hJTmV3UzIwMjEwMzAyEhRkbHh0anF6ZGh4YjIwMDAwNjAwOBoIODZ1Z2Jua3E%3D,"肖仕武,刘万顺,秦立军,赵自刚","年，卷(期)：2000, 12(6)","本文介绍了一种基于GPS全球定位系统的异地双端继电保护暂态试验系统,该系统在一条线路的异地两侧就可以同时同步地模拟线路上的区内和区外各种故障,可以更准确地对线路两侧的高频保护进行测试.文中也对该套试验系统在实际现场的测试情况作了介绍.","继电保护,仿真,GPS,同步测试"
电力系统及其自动化学报,基于面向对象编程的电力系统潮流计算软件,http://d.wanfangdata.com.cn/periodical/ChlQZXJpb2RpY2FsQ0hJTmV3UzIwMjEwMzAyEhRkbHh0anF6ZGh4YjIwMDAwMTAwOBoIODZ1Z2Jua3E%3D,"陆进军,黄家裕","年，卷(期)：2000, 12(1)",本文首先介绍了面向对象程序设计(简称OOP)的基本特征、概念和方法，然后，从电力系统模型、稀疏矩阵处理、通用潮流类的构造等几个方面具体描述如何运用OOP方法进行电力系统应用软件设计。,['面向对象稀疏矩阵潮流电力系统']
电力系统及其自动化学报,电机学课程中的磁路及相关内容,http://d.wanfangdata.com.cn/periodical/ChlQZXJpb2RpY2FsQ0hJTmV3UzIwMjEwMzAyEhRkbHh0anF6ZGh4YjIwMDAwMjAxMhoIODZ1Z2Jua3E%3D,['林宪枢'],"年，卷(期)：2000, 12(2)",本文从电机学要求出发，介绍磁路及相关内容，它主要包括铁磁物质、磁路定律、电磁感应定律和电感的电抗等问题。本文着重介绍在电路与电机学教科书中介绍甚少或没有提及而又是电机学十分需要的、以及结合电机与变压器特点的这方面的内容。此外，本文还对磁路及相关内容中的一些问题给予严格的定义或说明。,['电机学铁磁物质磁路定律电磁感应定律电感的电抗']
电力系统及其自动化学报,无损耗电阻器的实现及其在电力系统中的应用,http://d.wanfangdata.com.cn/periodical/ChlQZXJpb2RpY2FsQ0hJTmV3UzIwMjEwMzAyEhRkbHh0anF6ZGh4YjIwMDAwNDAxMBoIODZ1Z2Jua3E%3D,"陈寄炎,葛芦生,潘惠勇,陈仲铭","年，卷(期)：2000, 12(4)","本文介绍无损耗电阻器的实现原、类别及其在电力系统中的重要用途.它可以组成:(1)新型短路电流限制器,该设备能迅速将短路电流的冲击值等限制下来,将短路故障消灭于其萌发阶段,以确保系统电器设备的安全运行,并可提高系统的稳定性;(2)它可组成新型交流断路器;(3)它更可制成新型直流高压断路器.这种直流断路器使直流输电可以形成闭式电网来运行.特别值得指出的是:该断路器竟可直接利用同级电压的交流断路器来制造2因此其工艺简易,造价低廉,易于实现;(4)它可以制成时变变压器(一种变比可随意瞬时调节的变压器Time-variable transformer).总之,无损耗电阻器及由它开发出来的新型设备是组成柔性输电系统(FACTS)的有力手段.","无损耗电阻器,短路电流限制器,时变变压器,柔性输电系统(FACTS)"
电力系统及其自动化学报,一种实用的配网重构方法,http://d.wanfangdata.com.cn/periodical/ChlQZXJpb2RpY2FsQ0hJTmV3UzIwMjEwMzAyEhRkbHh0anF6ZGh4YjIwMDAwNTAwNxoIODZ1Z2Jua3E%3D,"尤如华,王康元,钱源平","年，卷(期)：2000, 12(5)","本文提出了一种基于虚拟流法的实用配网重构方法,将重构问题划分为离线的季度性全网重构和在线的实时局部网络重构,实时网络重构不仅考虑平衡馈线负荷,减少过载,而且考虑平衡三相负荷,相应的提出了一种实时平衡三相负荷的实用算法.","配网重构,虚拟流法,三相负荷,负荷平衡"
电力系统及其自动化学报,基于关联矩阵的变电所电气主接线可靠性分析,http://d.wanfangdata.com.cn/periodical/ChlQZXJpb2RpY2FsQ0hJTmV3UzIwMjEwMzAyEhRkbHh0anF6ZGh4YjIwMDAwNDAwNRoIODZ1Z2Jua3E%3D,"李晓明,刘世琦,张翌晖,靳剑峰","年，卷(期)：2000, 12(4)","本文通过设备与断路器的关联矩阵计算变电所电气主接线的可靠性指标,并介绍了该方法在两种典型电气主接线即""双母带旁路接线""和""一个半断路器接线""可靠性计算中的运用.","关联矩阵,可靠性,电气主接线"
电力系统及其自动化学报,电力系统虚拟现实场景开发研究,http://d.wanfangdata.com.cn/periodical/ChlQZXJpb2RpY2FsQ0hJTmV3UzIwMjEwMzAyEhRkbHh0anF6ZGh4YjIwMDAwNTAwMxoIODZ1Z2Jua3E%3D,"陈天翼,邱家驹,邱淘西","年，卷(期)：2000, 12(5)","电力系统仿真培训是提高操作人员素质,保证电力系统安全、有效运行的重要手段之一.将虚拟现实技术引入电力系统的培训系统,能给培训系统增添真实感和沉浸感.虚拟现实技术结合了计算机图形学、多媒体技术、人机交互技术等,是仿真技术的高级发展和突破.本文主要叙述了在微机上初步实现电力系统虚拟环境三维场景显示和三维声音回放的方法,以及OpenGL、OpenInventor、3DStudioMAX等关键技术和软件.","电力系统培训,虚拟现实,三维图形,OpenGL"
电力系统及其自动化学报,电力系统自动化设备的电磁兼容技术,http://d.wanfangdata.com.cn/periodical/ChlQZXJpb2RpY2FsQ0hJTmV3UzIwMjEwMzAyEhRkbHh0anF6ZGh4YjIwMDAwNDAxMhoIODZ1Z2Jua3E%3D,"姚刚,贺家李,王钢,李继平","年，卷(期)：2000, 12(4)","本文结合电力系统电磁兼容的特点,阐述了电力系统自动化设备的电磁兼容的特殊性,着重提出了几种实用的电磁兼容技术和电磁兼容试验,并对电磁兼容的新问题作出预测.","电磁兼容,电磁干扰,电力系统自动化"
电力系统及其自动化学报,基于遗传算法的电力市场投标竞价模型,http://d.wanfangdata.com.cn/periodical/ChlQZXJpb2RpY2FsQ0hJTmV3UzIwMjEwMzAyEhRkbHh0anF6ZGh4YjIwMDAwNjAxMhoIODZ1Z2Jua3E%3D,"李运灵,侯云鹤,熊信艮,吴耀武","年，卷(期)：2000, 12(6)","我国电力工业正处在网厂分开、竞价上网、开放电力市场的前夕,在电力市场中如何确定电价和实施管理成为牵动全局,事关发电、用户、输电各方利益的重大问题.本文将投标竞价原则引入电力市场,建立了一种改进的投标竞价数学模型,用遗传算法和网络流法进行优化.对12节点系统作仿真,其结果与文献[3]完全一致,且收敛性能好,并提供多个方案供选用.","电力市场,投标竞价模型,遗传算法,网络流法"
电力系统及其自动化学报,用逐步线性化网络流算法进行配电网络规划,http://d.wanfangdata.com.cn/periodical/ChlQZXJpb2RpY2FsQ0hJTmV3UzIwMjEwMzAyEhRkbHh0anF6ZGh4YjIwMDAwMzAwOBoIODZ1Z2Jua3E%3D,"倪秋龙,黄民翔","年，卷(期)：2000, 12(3)","本文提出了一种配电网多阶段优化规划方法,该方法是以配电网的在规划期内年平均综合费用为目标函数,多阶段处理方法采用一种准多阶段策略,基本优化方法则采用最小费用流法.由于最小费用流法要求支路费用为线性费用,本文提出了一种逐步线性化迭代求解法,使算法具有高效率的同时又具有较高的精确度.","配电网,优化规划,多阶段,网络流,线性化"
电力系统及其自动化学报,电能自动计量及数据远传系统的研究,http://d.wanfangdata.com.cn/periodical/ChlQZXJpb2RpY2FsQ0hJTmV3UzIwMjEwMzAyEhRkbHh0anF6ZGh4YjIwMDAwNjAwNRoIODZ1Z2Jua3E%3D,"刘涤尘,杜江,向农,史进","年，卷(期)：2000, 12(6)","本文对新型电能计量系统进行了论述,系统中采用了功能强大的80C196KC单片计算机以及失电不失信息的闪速存储器和数据通信等新技术,能对电能表所输出的脉冲信号计数,以达到计量电能的目的,同时,该系统还具有长时间存储电能数据和远方传输数据等功能.该系统的研制是基于电力系统的发展而提出的,其意义在于适应电力市场,推动电力系统的用电商业化的发展,提高电力系统的工作效率.","电能自动计量,脉冲计数,数据传输"
电力系统及其自动化学报,利用模糊算法对电力市场下纯火电系统多目标综合经济负荷进行分配,http://d.wanfangdata.com.cn/periodical/ChlQZXJpb2RpY2FsQ0hJTmV3UzIwMjEwMzAyEhRkbHh0anF6ZGh4YjIwMDAwNjAwNhoIODZ1Z2Jua3E%3D,"毛弋,刘文春,张鹏飞","年，卷(期)：2000, 12(6)","电力市场是市场经济体系中的一个市场,它与电力生产者和消费者密切相关.本文重点讨论了在安全可靠供电的情况下,利用最大隶属度原理,对纯火电系统建立节约能源并兼顾电网运行经济效益的双目标优化模型,实现有功负荷经济分配.","电力市场,隶属度,有功负荷经济分配"
电力系统及其自动化学报,有功、无功功率分摊及网损分摊的研究(二)有功、无功联合贡献因子及其应用,http://d.wanfangdata.com.cn/periodical/ChlQZXJpb2RpY2FsQ0hJTmV3UzIwMjEwMzAyEhRkbHh0anF6ZGh4YjIwMDAwNDAwMxoIODZ1Z2Jua3E%3D,['吴政球'],"年，卷(期)：2000, 12(4)","根据文献[8]的理论基础,导出了非合同交易情况下有功、无功发电功率,有功无功负荷功率在输电线路传输功率中的贡献因子,有功、无功负荷功率在有功、无功发电功率中的份额因子,有功、无功发电功率在有功、无功负荷功率中的贡献因子;以及有功、无功发电功率,负荷功率在输电线路损耗中的贡献因子,给出了详细计算的结果,指出了本文理论的应用前景.","市场,有功、无功功率分摊,有功、无功网损分摊过网费"
电力系统及其自动化学报,通过计算谐波比确定母线保护中电流互感器的饱和,http://d.wanfangdata.com.cn/periodical/ChlQZXJpb2RpY2FsQ0hJTmV3UzIwMjEwMzAyEhRkbHh0anF6ZGh4YjIwMDAwNTAwNhoIODZ1Z2Jua3E%3D,"王志鸿,郑玉平,贺家李","年，卷(期)：2000, 12(5)","本文为解决母线区外故障时电流互感器可能饱和导致比例差动误动的问题提供一种解决思路.根据饱和电流互感器二次电流中含有谐波分量的特点,具体分析各种饱和类型和程度下,谐波比的大小,以判别电流互感器是否发生饱和.同时为分布式母线保护的电流互感器判饱和提出一种实用的方法.","谐波比,电流互感器饱和,区外故障,支路电流,分布式母线保护"
电力系统及其自动化学报,基于工控机的楼宇变电站综合自动化,http://d.wanfangdata.com.cn/periodical/ChlQZXJpb2RpY2FsQ0hJTmV3UzIwMjEwMzAyEhRkbHh0anF6ZGh4YjIwMDAwMjAwORoIODZ1Z2Jua3E%3D,"门英君,段玉倩,贺家李","年，卷(期)：2000, 12(2)",文中分析了楼宇变电站的特点及对综合自动化的要求和利用工控机作为综合自动化装置的优越性，拟定了装置的功能、硬件组成及软件设计，这种装置在我国的配电系统领域具有广阔的应用前景。,['工控机楼宇变电站自动化']
电力系统及其自动化学报,地理信息系统在配网自动化中的应用,http://d.wanfangdata.com.cn/periodical/ChlQZXJpb2RpY2FsQ0hJTmV3UzIwMjEwMzAyEhRkbHh0anF6ZGh4YjIwMDAwNjAxMRoIODZ1Z2Jua3E%3D,"张伏生,赵登福,袁魏,马林国","年，卷(期)：2000, 12(6)","地理信息系统GIS(geographicinformationsystem)在配电系统自动化中的应用越来越广泛.本文阐述了GIS的基本应用,并结合配电系统的特点介绍了GIS在配电网络综合信息系统、变压器负荷管理和在事故负荷转移中的应用,以及GIS与SCADA系统的集成.","配电管理系统,地理信息系统,配电自动化"
电力系统及其自动化学报,基于GPS的线路参数带电测量研究与实现,http://d.wanfangdata.com.cn/periodical/ChlQZXJpb2RpY2FsQ0hJTmV3UzIwMjEwMzAyEhRkbHh0anF6ZGh4YjIwMDAwMTAwORoIODZ1Z2Jua3E%3D,"胡志坚,张承学,陈允平,丁书文","年，卷(期)：2000, 12(1)",本文首先介绍了互阻抗线路参数带电测量的原理及数学模型、参数测量问题的参数估计方法，通过利用GPS作为异地测量的同步信号和获得各条线路公共的电压参考这两个技术关键的实现，给出了按上述原理进行测量的接线图、带电测量系统的硬件结构图和软件算法，最后给出了模拟试验结果。理论分析和实验结果均表明本方法的正确性和可行性。,['输电线路互感参数带电测量']
电力系统及其自动化学报,可控串联补偿神经网络广义逆系统控制方法的数字仿真研究,http://d.wanfangdata.com.cn/periodical/ChlQZXJpb2RpY2FsQ0hJTmV3UzIwMjEwMzAyEhRkbHh0anF6ZGh4YjIwMDAwNjAwMhoIODZ1Z2Jua3E%3D,"曹路,李海峰,陈珩,曹然","年，卷(期)：2000, 12(6)","本文介绍了提高电力系统暂态稳定性的可控串联补偿(TCSC)神经网络广义逆系统控制方法,以及该方法在数字仿真软件NETOMAC中的实现过程,并对含有TCSC的实际多机电力系统进行了数字仿真.结果表明,这种方法具有良好的暂态稳定控制效果,而NETOMAC可以实现这类复杂的控制策略.","电力系统,暂态稳定,可控串联补偿(TCSC),数字仿真,神经网络,逆系统"
电力系统及其自动化学报,自适应神经元方法实现输电线路反时限过电流保护的研究,http://d.wanfangdata.com.cn/periodical/ChlQZXJpb2RpY2FsQ0hJTmV3UzIwMjEwMzAyEhRkbHh0anF6ZGh4YjIwMDAwMTAxMhoIODZ1Z2Jua3E%3D,"刘一江,周有庆,易理刚","年，卷(期)：2000, 12(1)",本文论述了一种基于自适应神经元方法实现输电线路的单片机反时特性曲线的新技术。该技术在对故障电流量进行测量、分析和判断的基础上，采用三种典型的反时限特性方程，基于自适应神经元的方法，综合考虑线路故障状态的特征，使用三个自适应神经元，并根据单个神经元的智能控制算法，推导出自适应神经元的反时限保护特性算法，从而解决了单片机不能实现的反时限指数运算，减小或消除了采用查表法的相对误差和时延。该方案具有很强的实用性。,['反时限保护神经元']
电力系统及其自动化学报,基于加速进化规则的模糊神经网络理论在汽门控制器中的应用,http://d.wanfangdata.com.cn/periodical/ChlQZXJpb2RpY2FsQ0hJTmV3UzIwMjEwMzAyEhRkbHh0anF6ZGh4YjIwMDAwMzAwNBoIODZ1Z2Jua3E%3D,"于浩,杨振强,李生,赵铁军","年，卷(期)：2000, 12(3)","本文提出了一种训练模糊神经网络的加速进化规则算法.该算法是进化规划算法的一种改进,适合于多维高精度的数值优化问题.并用该算法优化模糊神经网络汽门控制器.经仿真验证,其寻优速度有了明显的改善,得到了较好的控制效果,提高了电力系统的稳定性.","进化规划,模糊神经网络,代价函数,快速汽门控制"
电力系统及其自动化学报,配电网三相潮流算法比较研究,http://d.wanfangdata.com.cn/periodical/ChlQZXJpb2RpY2FsQ0hJTmV3UzIwMjEwMzAyEhRkbHh0anF6ZGh4YjIwMDAwMjAwOBoIODZ1Z2Jua3E%3D,"王守相,李继平,王成山,孙琪","年，卷(期)：2000, 12(2)",本文归纳了配电网三相潮流计算的各种方法，并对它们在收敛性能、计算速度和处理网孔能力等方面进行了详细地比较研究。,['配电网三相潮流方法比较']
电力系统及其自动化学报,基于支路交换的模拟退火算法在配电网规划中的应用,http://d.wanfangdata.com.cn/periodical/ChlQZXJpb2RpY2FsQ0hJTmV3UzIwMjEwMzAyEhRkbHh0anF6ZGh4YjIwMDAwNDAwOBoIODZ1Z2Jua3E%3D,"倪秋龙,黄民翔","年，卷(期)：2000, 12(4)","本文提出的配电网优化规则方法是以配电网的年综合费用为目标函数,以模拟退火法为寻优策略,其中新解产生器则以支路交换为基本思想.这样既可以利用模拟退火法能较大可能地找到全局最优解、最终解不依赖于初始解的特点,又可以利用支路交换法减小模拟退火过程的计算量,提高算法的效率.","辐射形配电网,优化规则,支路交换法,模拟退火法"
电力系统及其自动化学报,一起联变掉闸伴随失灵保护误动作的原因分析及防范措施,http://d.wanfangdata.com.cn/periodical/ChlQZXJpb2RpY2FsQ0hJTmV3UzIwMjEwMzAyEhRkbHh0anF6ZGh4YjIwMDAwMzAxMRoIODZ1Z2Jua3E%3D,['张巨瑞'],"年，卷(期)：2000, 12(3)","大同第二发电厂500/220千伏联络变检修后,投入运行时发生了由于联变零差保护极性接反而造成联络变掉闸及500kV失灵保护误动作.事后经过了认真分析研究,做了大量工作,查出了掉闸原因并制定了防范措施.",
电力系统及其自动化学报,求解电压稳定分歧点的一种实用方法,http://d.wanfangdata.com.cn/periodical/ChlQZXJpb2RpY2FsQ0hJTmV3UzIwMjEwMzAyEhRkbHh0anF6ZGh4YjIwMDAwNTAxMxoIODZ1Z2Jua3E%3D,"王志刚,宋文南,陈浩河,张尧","年，卷(期)：2000, 12(5)","求取电压稳定分歧点的步长选取恰当,是快速求得分歧点的重要因素.它是目前各种求解方法中存在的一个困扰问题.本文利用高斯消元的方法,把一个复杂的电力网络简化成一个简单的网络.通过确定简单网络的功率极限,作为原来的复杂网络的负荷增长步长,求解原网络此时的潮流,重复以上过程,得到原网络在趋近系统静态电压稳定分歧点过程中的两三个状态,通过二次插值快速接近系统电压稳定分歧点.分析与研究算例表明,此方法能快速、准确地获得系统静态电压稳定分歧点,适合于电力系统的在线应用.","电压稳定分歧点,简化网络,插值,高斯消元,功率极根"
电力系统及其自动化学报,MATLAB在电力系统分析中的应用,http://d.wanfangdata.com.cn/periodical/ChlQZXJpb2RpY2FsQ0hJTmV3UzIwMjEwMzAyEhRkbHh0anF6ZGh4YjIwMDAwMjAwNxoIODZ1Z2Jua3E%3D,"刘军,刘学军","年，卷(期)：2000, 12(2)",本文在简单地介绍了MATLAB语言和潮流计算的基本知识后，着重阐述了MATLAB语言在电力系统潮流计算中的应用，通过分析DAPA算法的程序结构总结出了MATLAB语言在处理矩阵运算方面的无可比拟的优越性。,"潮流计算,DAPA算法,MATLAB语言"
电力系统及其自动化学报,有功、无功功率分摊及网损分摊的研究(一)MVA损耗功率、充电功率的分解及MVA潮流分析基础,http://d.wanfangdata.com.cn/periodical/ChlQZXJpb2RpY2FsQ0hJTmV3UzIwMjEwMzAyEhRkbHh0anF6ZGh4YjIwMDAwMzAwMxoIODZ1Z2Jua3E%3D,['吴政球'],"年，卷(期)：2000, 12(3)","本文指出了有功、无功解耦网损分摊,功率追踪的不合理.提出了有功、无功联合网损分摊和支路潮流分解的理论基础.导出了非合同交易电力市场环境下潮流分析的理论基础.推导出了各种联合贡献因子,指出了联合贡献因子理论的应用前景.","电力市场,有功、无功功率分摊,有功、无功网损分摊,过网费"
电力系统及其自动化学报,联合电力网中最短路径的小偏差量δ算法,http://d.wanfangdata.com.cn/periodical/ChlQZXJpb2RpY2FsQ0hJTmV3UzIwMjEwMzAyEhRkbHh0anF6ZGh4YjIwMDAwNjAwNxoIODZ1Z2Jua3E%3D,"左郑敏,吴耀武,熊信艮,张正陵","年，卷(期)：2000, 12(6)","本文基于图论中的最短路径算法,提出了一种求解前n条最短路径的小偏差量δ算法.该方法有效地解决了含有多条相同长度路径的联合电力网的前n条最短路径的求解问题.与图论中常用最短路径算法相比,本文提出的小偏差量δ算法具有计算工作量小、实用性强的特点.","图论,最短路径算法,小偏差量6算法,联合电力网"
电力系统及其自动化学报,蓄能电站电动-发电机的起动与制动,http://d.wanfangdata.com.cn/periodical/ChlQZXJpb2RpY2FsQ0hJTmV3UzIwMjEwMzAyEhRkbHh0anF6ZGh4YjIwMDAwMzAwORoIODZ1Z2Jua3E%3D,"刘浩,顾一中,任化芝","年，卷(期)：2000, 12(3)","本文结合国内外情况,对蓄能电站电动-发电机不同的启动、制动方式,优缺点等作了比较和阐述.","蓄能电站,启动,制动"
电力系统及其自动化学报,静态电压稳定灵敏度判据及对dQL/dVL和dPL/dVL判据的评析,http://d.wanfangdata.com.cn/periodical/ChlQZXJpb2RpY2FsQ0hJTmV3UzIwMjEwMzAyEhRkbHh0anF6ZGh4YjIwMDAwMzAwMRoIODZ1Z2Jua3E%3D,"余贻鑫,曾沅,贾宏杰","年，卷(期)：2000, 12(3)","本文证明了严格的静态电压不稳定灵敏度判据,并对dQL/dyL和dPL/dVL电压稳定判据进行评析.","静态电压稳定判据,dQL/dVL,dPL/dVL"
电力系统及其自动化学报,网络最大流法在配电网线损计算中的应用,http://d.wanfangdata.com.cn/periodical/ChlQZXJpb2RpY2FsQ0hJTmV3UzIwMjEwMzAyEhRkbHh0anF6ZGh4YjIwMDAwNTAwNBoIODZ1Z2Jua3E%3D,"周建英,宋奕冰,刘宪林,娄和恭,娄北","年，卷(期)：2000, 12(5)","本文将""网络最大流""概念引入到带无功补偿的配电网理论计算之中,提出了一种简便、实用的计算方法,并通过算例加以验证.","配电网,理论线损计算,网络最大流"
电力系统及其自动化学报,基于信度的不确定性推理--证据理论及其在电力系统规划中的应用,http://d.wanfangdata.com.cn/periodical/ChlQZXJpb2RpY2FsQ0hJTmV3UzIwMjEwMzAyEhRkbHh0anF6ZGh4YjIwMDAwMzAwMhoIODZ1Z2Jua3E%3D,"叶在福,单渊达","年，卷(期)：2000, 12(3)","文章针对电力系统规划中客观存在的难以定量表达的不确定性问题,应用证据理论从不确定推理的角度探讨计及电力系统规划中的非定量不确定因素的方法,给出了证据理论求解不确定性问题的一般过程,并详细讨论了证据理论在电网规划、厂址选择中的应用.","不确定性推理,证据理论,电力系统规划,电网扩展规划,厂址选择"
电力系统及其自动化学报,Bergeron法在电力系统过电压计算中的应用,http://d.wanfangdata.com.cn/periodical/ChlQZXJpb2RpY2FsQ0hJTmV3UzIwMjEwMzAyEhRkbHh0anF6ZGh4YjIwMDAwMjAxMRoIODZ1Z2Jua3E%3D,"丁美新,苏中义,侯志俭","年，卷(期)：2000, 12(2)",本文介绍Bergeron法在电力系统过电压计算中的应用技术，Bergeron法的原理简单，但初学者一般不能自如地将它应用于实际的过电压计算中。这里从Bergeron法原理入手，结合实际电路计算，使大家很快掌握并能实际应用。,"Bergeron,过电压模型"
电力系统及其自动化学报,配电网距离保护的自适应跳闸方案,http://d.wanfangdata.com.cn/periodical/ChlQZXJpb2RpY2FsQ0hJTmV3UzIwMjEwMzAyEhRkbHh0anF6ZGh4YjIwMDAwNjAwORoIODZ1Z2Jua3E%3D,"范春菊,郁惟镛,顾洁","年，卷(期)：2000, 12(6)","本文通过对输电线路的正方向区内、区外故障的分析,总结出区内故障的特点,并且利用这些特点,配合于距离保护Ⅱ段,实现加速跳闸.该方案克服了传统保护Ⅱ段的较长时限,在不采用通讯通道的情况下,保证保护的选择性,实现加速跳闸.本方案充分利用了微机的记忆功能和判别功能,保护记录下故障前的负荷电流,故障后的故障电流的存在及消失情况,利用逻辑判断回路,正确区分区内、区外故障,实现加速跳闸.","相继跳闸,继电保护,微机保护"
电力系统及其自动化学报,基于 PSS/E 软件包的故障计算程序开发,http://d.wanfangdata.com.cn/periodical/ChlQZXJpb2RpY2FsQ0hJTmV3UzIwMjEwMzAyEhRkbHh0anF6ZGh4YjIwMDAwNjAwMRoIODZ1Z2Jua3E%3D,"郁惟镛,李翔,张沛超,高翔,陈建民,茅济春","年，卷(期)：2000, 12(6)","电力系统中的故障形式复杂多变,为了正确地对继保设备进行整定工作,正确和快速地计算出短路电流和线路的分支系数显得十分重要.文章介绍了一个将基于PSS/E(PowersystemsimulatorforEngineering)软件包的开发方法应用于分支系数和短路电流的新方式,它充分利用了PSS/E的计算引擎,可以根据电网结构自动地进行计算并通过比较不同的故障类型产生的数据得到最大、最小的分支系数和短路电流.","短路计算,PSS/E软件,分支系数"
电力系统及其自动化学报,晶闸管串联调压电容无功补偿装置的研究,http://d.wanfangdata.com.cn/periodical/ChlQZXJpb2RpY2FsQ0hJTmV3UzIwMjEwMzAyEhRkbHh0anF6ZGh4YjIwMDAwNTAxMhoIODZ1Z2Jua3E%3D,"李民族,李秦伟,吴晓男,熊洁","年，卷(期)：2000, 12(5)","本文提出了一种用晶闸管开关装置-串联变压器改变电容端电压调节无功的补偿方法.阐明了这种补偿装置原理,分析了装置功率特性;估计了晶闸管开关换接过程的断态过电压和过电流大小,指出了降低这种过电压和过电流技术实现完全可能.并以实例和TSC进行了比较,指出了这种装置成本要比TSC低得多,宜于在高压电网中使用.","串联调压,无功补偿,晶闸管开关装置,晶闸管,开关换接过程,过电压过电流"
电力系统及其自动化学报,矿用低压电缆绝缘参数在线检测仪的研究,http://d.wanfangdata.com.cn/periodical/ChlQZXJpb2RpY2FsQ0hJTmV3UzIwMjEwMzAyEhRkbHh0anF6ZGh4YjIwMDAwNDAxMRoIZHhjMnp6dTU%3D,"王福忠,付子义,段俊东,杨凌霄","年，卷(期)：2000, 12(4)","矿用低压电缆绝缘参数在线检测仪,实现了对电缆的绝缘电阻、对地电容的在线检测.硬件采用了8098单片机和霍尔传感器等元件,软件采用了二次微分算法和数字带通滤波器.使用效果良好.","低压电缆,绝缘电阻,单片计算机,对地电容,霍尔传感器"
电力系统及其自动化学报,一种新的微机保护交流采样快速算法,http://d.wanfangdata.com.cn/periodical/ChlQZXJpb2RpY2FsQ0hJTmV3UzIwMjEwMzAyEhRkbHh0anF6ZGh4YjIwMDAwMTAwNhoIZHhjMnp6dTU%3D,"张承学,丁书文","年，卷(期)：2000, 12(1)",本文提出一种利用半波富氏算法消除衰减非周期分量对基波分量影响的快速算法，新算法的数据窗是半个周期的采样值加两个采样点，而其滤波效果远远优于半波富氏算法。该算法理论上可以完全消除任意衰减时间常数r的非周期分量对基波分量的影响。通过大量的仿真试验表明，新算法具有滤除衰减非周期分量能力强、计算简单、速度快等优点。具有实际应用价值。,['微机保护衰减非周期分量半波富氏算法快速算法']
电力系统及其自动化学报,配网SCADA和GIS功能的集成,http://d.wanfangdata.com.cn/periodical/ChlQZXJpb2RpY2FsQ0hJTmV3UzIwMjEwMzAyEhRkbHh0anF6ZGh4YjIwMDAwNDAwORoIZHhjMnp6dTU%3D,"黄志龙,邱家驹","年，卷(期)：2000, 12(4)","配电网SCADA系统和配电网地理信息系统(DGIS)是配网管理系统DMS的两个重要的子系统.两者的集成、互相支持以及数据共享在很大程度上决定着DMS系统的整体性能.本文从保障集成系统性能的角度出发,分析了现有配网SCADA系统与GIS应用集成方式的局限,提出了一种采用ActiveX控件技术的新的集成模式,并论证了其可行性和先进性.同时指出,该模式的DMS系统中其它应用于模块与GIS的集成提供了一种潜在可行方式.","SCADA,地理信息系统GIS,ActiveX技术,DMS,集成"
电力系统及其自动化学报,同步电机瞬变参数的测量,http://d.wanfangdata.com.cn/periodical/ChlQZXJpb2RpY2FsQ0hJTmV3UzIwMjEwMzAyEhRkbHh0anF6ZGh4YjIwMDAwMjAwMxoIZHhjMnp6dTU%3D,"马宏忠,胡虔生,方瑞明","年，卷(期)：2000, 12(2)",本文对基于数据采集卡的同步电机瞬变参数测试系统进行研究，分析同步电机三相突然短路中电机的暂态过程，建立相应的数学模型；并研制同步电机三相突然短路瞬变参数测试系统，对系统的构成、测试方法、数据处理(辨识)均进行了介绍，最后给出测试实例。,['同步电机参数测试']
电力系统及其自动化学报,配电网可靠性自动分析软件的探讨与应用,http://d.wanfangdata.com.cn/periodical/ChlQZXJpb2RpY2FsQ0hJTmV3UzIwMjEwMzAyEhRkbHh0anF6ZGh4YjIwMDAwMjAwNhoIZHhjMnp6dTU%3D,"白树忠,董春阳,田岚","年，卷(期)：2000, 12(2)",本文介绍了配电网可靠性自动分析软件。该软件建立了综合考虑线路元件、气候变化、计划检修、负荷转移和操作方式等因素的数学模型，实现了可靠性短期预测、可靠性在线统计分析、对影响可靠性的各种因素进行分析等功能。文章最后对故障自动隔离与恢复功能模块的实现进行了探讨和研究。,['配电网自动化可靠性故障自动诊断隔离与恢复']
电力系统及其自动化学报,SCADA系统通信规约的标准化及建议,http://d.wanfangdata.com.cn/periodical/ChlQZXJpb2RpY2FsQ0hJTmV3UzIwMjEwMzAyEhRkbHh0anF6ZGh4YjIwMDAwNTAxMRoIZHhjMnp6dTU%3D,"张岳匀,何志伟","年，卷(期)：2000, 12(5)","文章介绍了SCADA行业两个国际标准规约的基本框架和现场总线国际标准化工作的概况,并从我国使用及实现标准规约的实际情况出发提出了一些建议.","SCADA,电网自动化,现场总线,通信规约"
电力系统及其自动化学报,基于面向对象方法的电力系统潮流计算程序,http://d.wanfangdata.com.cn/periodical/ChlQZXJpb2RpY2FsQ0hJTmV3UzIwMjEwMzAyEhRkbHh0anF6ZGh4YjIwMDAwNjAxNBoIZHhjMnp6dTU%3D,"陆进军,黄家裕","年，卷(期)：2000, 12(6)","本文首先介绍了面向对象程序设计方法(简称OOP)的基本特征、概念和方法,然后,从电力系统模型、稀疏矩阵处理、通用潮流类的构造等几个方面具体描述如何运用OOP方法进行电力系统应用软件设计.","面向对象,稀疏矩阵,潮流,电力系统"
电力系统及其自动化学报,基于可编程控制器的变电站防误操作专家系统,http://d.wanfangdata.com.cn/periodical/ChlQZXJpb2RpY2FsQ0hJTmV3UzIwMjEwMzAyEhRkbHh0anF6ZGh4YjIwMDAwNTAwOBoIZHhjMnp6dTU%3D,"姚刚,贺家李,李继平","年，卷(期)：2000, 12(5)","本文针对电力系统误操作事故频发的问题,设计了一套基于可编程控制器的防误操作和防误培训的专家系统.首先将PLC成功地用于防误操作系统,并简要介绍了该系统的原理、功能.","PLC,防误操作,电磁锁,电脑钥匙"
电力系统及其自动化学报,基于模糊算法的水火系统双目标经济负荷分配的研究,http://d.wanfangdata.com.cn/periodical/ChlQZXJpb2RpY2FsQ0hJTmV3UzIwMjEwMzAyEhRkbHh0anF6ZGh4YjIwMDAwNTAwNRoIZHhjMnp6dTU%3D,"江辉,彭建春,杨期余","年，卷(期)：2000, 12(5)","本文建立了电力市场下以全网煤耗最小并成本节约最大为双目标的水火电力系统有功经济负荷分配模型.将模糊优化理论、大系统分解理论及线性规划方法有机结合,提出了求解双目标、大规模、非线性经济负荷分配问题的有效方法,得到了最佳满意度,协调了各目标间的冲突.仿真算例的结果验证了本文模型和算法的正碗性和有效性.","电力市场,双目标,有功负荷经济分配,模糊优化"
电力系统及其自动化学报,变压器分接头对电压稳定的影响及动作限域的构成,http://d.wanfangdata.com.cn/periodical/ChlQZXJpb2RpY2FsQ0hJTmV3UzIwMjEwMzAyEhRkbHh0anF6ZGh4YjIwMDAwMTAwNRoIZHhjMnp6dTU%3D,"提兆旭,龚昱,徐剑,周继馨","年，卷(期)：2000, 12(1)",本文运用带负载变压器分接头转换器(OLTC)的非线性动态关系，用阻抗性负载及退耦的无功－电压关系，对M重OLTC网络模型的电压稳定域作了分析，通过合并多维矩形域的方法形成分接头的动作范围。最后对2OLTC系统的稳定域的形成作了较详细地分析。,"电压稳定域,OLTC,非线性动态模型"
电力系统及其自动化学报,水轮机参数在线辨识及调节器参数自整定,http://d.wanfangdata.com.cn/periodical/ChlQZXJpb2RpY2FsQ0hJTmV3UzIwMjEwMzAyEhRkbHh0anF6ZGh4YjIwMDAwMjAwNRoIZHhjMnp6dTU%3D,"张霄元,郑玉森,刘长胜,徐志恒,蒋诚志,陈林才","年，卷(期)：2000, 12(2)",本文以一般混流式水轮机的六参数模型为基础，推导了参数在线辨识的算法，研究了PID调节器参数在线整定的方法，利用仿真技术对整套方案的实现进行了仿真，并对此自适应控制方案的性能进行了分析。,['水轮机在线辨识自适应控制']
电力系统及其自动化学报,提高家用电网功率因数的若干措施,http://d.wanfangdata.com.cn/periodical/ChlQZXJpb2RpY2FsQ0hJTmV3UzIwMjEwMzAyEhRkbHh0anF6ZGh4YjIwMDAwMzAxMhoIZHhjMnp6dTU%3D,"刘原,陈爱萍","年，卷(期)：2000, 12(3)","随着家用电器中感性负载容量的增大,提高家用电网的功率因数已具有重要的意义.本文介绍了几种提高家用电网功率因数的方法.","家用电网,感性负载,功率因数"
电力系统及其自动化学报,ANN及FFT技术用于电力系统预想事故分析,http://d.wanfangdata.com.cn/periodical/ChlQZXJpb2RpY2FsQ0hJTmV3UzIwMjEwMzAyEhRkbHh0anF6ZGh4YjIwMDAwMTAwNxoIZHhjMnp6dTU%3D,"崔岚,栾兆文","年，卷(期)：2000, 12(1)",本文开发了一种基于人工神经元网络(ANN)和快速付里叶变换(FFT)技术进行预想事故快速筛选的方法。利用快速解耦潮流计算的迭代一次法(1P－1Q)分别构造了反映预想事故严重程度的有功性能指标PIp和无功性能指标PIv，同时还构造了一个多层感知型神经元网络并用BP算法加以训练.神经元网络的输入经过快速付氏变换可以大大提高网络的训练速度.算例表明，本算法具有较高的性能指标计算精度，且性能指标的构造避免了遮蔽现象的发生，同时ANN的特点也使得预想事故的筛选速度大为提高。,"预想事故自动选择人工神经元网络,BP算法快速付氏变换"
电力系统及其自动化学报,大型输电系统运行可靠性分析的实用技术,http://d.wanfangdata.com.cn/periodical/ChlQZXJpb2RpY2FsQ0hJTmV3UzIwMjEwMzAyEhRkbHh0anF6ZGh4YjIwMDAwNDAwNhoIZHhjMnp6dTU%3D,"杨京燕,解芳,马昕,周波","年，卷(期)：2000, 12(4)","为使输电系统运行的可靠性分析进入实用阶段,本文采用时序模拟法模拟系统实际运行状态,采用下次事件推进法调整模拟时钟.采用交流潮流对系统进行分析,其结果作为线路过负荷和节点电压越限的判据.用灵敏度法调整发电机出力和削减负荷量.采用简化搜索法进行网络结构辩识,并提出了适用于工程实际的解列处理措施.在系统不同的调度运行方式下考虑了多重故障、母线及变压器的相关故障等.依据算法编制的软件可计算系统及各节点的可靠性指标和网损,文末给出的应用实例证明了几个实用性技术解决方法的合理性和可行性.","输电系统,运行可靠性分析,实用性技术"
电力系统及其自动化学报,快速工频量高频方向保护的新方案,http://d.wanfangdata.com.cn/periodical/ChlQZXJpb2RpY2FsQ0hJTmV3UzIwMjEwMzAyEhRkbHh0anF6ZGh4YjIwMDAwNjAxMBoIZHhjMnp6dTU%3D,"苏斌,贺家李,董新洲,张言苍","年，卷(期)：2000, 12(6)","本文针对相电压补偿式方向元件的不足,提出了两种新型的方向元件--负序电压补偿式方向元件--负序电压故障分量补偿式方向元件,通过大量的EMTP仿真验证了其优良性能,并在此基础上,提出了实现快速工频量高频方向保护的新方案,即:对于各种不对称故障采用负序电压补偿式方向元件,对于三相故障采用相电压故障分量补偿式方向元件,对于非全相状态下的故障采用相电压补偿式方向元件.","方向高频保护,相电压补偿式方向元件,负序电,压补偿式方向元件,相电压故障分量补偿式方向元件"
电力系统及其自动化学报,一种新的电力系统多端直流(MTDC)潮流算法,http://d.wanfangdata.com.cn/periodical/ChlQZXJpb2RpY2FsQ0hJTmV3UzIwMjEwMzAyEhRkbHh0anF6ZGh4YjIwMDAwMzAwNRoIZHhjMnp6dTU%3D,"陆进军,黄家裕","年，卷(期)：2000, 12(3)","本文总结了现有的各种电力系统多端直流(MTDC)潮流算法的优缺点,并在此基础上提出了一种新型快速的潮流算法.该方法计算速度快,收敛性好,可以方便地处理多种特定的直流潮流约束问题,例如,变压器分接头的离散调节、上下分接头限值、电压裕度设置、变流器电流限值等.","MTDC,潮流,多端直流计算"
电力系统及其自动化学报,应用UPFC控制电力网络潮流的研究,http://d.wanfangdata.com.cn/periodical/ChlQZXJpb2RpY2FsQ0hJTmV3UzIwMjEwMzAyEhRkbHh0anF6ZGh4YjIwMDAwNDAwMhoIZHhjMnp6dTU%3D,"李岩松,郭家骥,刘君","年，卷(期)：2000, 12(4)","本文在分析UPFC的电路原理后,导出了UPFC的动态数学模型,提出了基于网络阻抗法的UPFC机网接口算法,设计了UPFC控制系统.应用接口算法、UPFC的动态数学模型以及UPFC控制系统对含UPFC的电力网络进行了仿真计算.计算结果表明接口算法和UPFC控制系统有效性.","灵活交流输电系统,统一潮流控制器,潮流,控制"
电力系统及其自动化学报,具有FACTS控制的EEAC法暂态稳定分析,http://d.wanfangdata.com.cn/periodical/ChlQZXJpb2RpY2FsQ0hJTmV3UzIwMjEwMzAyEhRkbHh0anF6ZGh4YjIwMDAwMTAxMRoIZHhjMnp6dTU%3D,"蔡泽祥,申洪,王荔","年，卷(期)：2000, 12(1)",具有FACTS控制的EEAC法暂稳分析的关键是如何在EEAC的等值系统中计及FACTS控制的影响。本文将FACTS对暂态稳定的作用通过对电力系统的串联和关联控制来描述，适合于EEAC各种方法和各类FACTS控制器。本文基于EEAC法研究了三种典型的FACTS控制器(TCSC、STATCON、UPFC)对系统暂态稳定的影响，并应用电科院电力系统综合仿真程序进行了校核，得到了满意的结果。,['电力系统灵活交流输电(FACTS) 扩展等面积法(EEAC)']
电力系统及其自动化学报,用优化排序法进行日发电计划的计算,http://d.wanfangdata.com.cn/periodical/ChlQZXJpb2RpY2FsQ0hJTmV3UzIwMjEwMzAyEhRkbHh0anF6ZGh4YjIwMDAwNTAwORoIZHhjMnp6dTU%3D,"王雁凌,张粒子,鲍海,王鹏,董蕾","年，卷(期)：2000, 12(5)","本文针对目前我国电厂实行""按月报价""的实际情况,提出了一种切实可行的日发电计划的计算方法-优化排序法,并对日发电计划计算过程中的负荷平衡的动态调整,旋转备用的动态调整,日发电量权值的动态调整等几个主要方面的优化处理进行了详细的论述.本文以我国某省电力系统的具体数据为算例进行了分析,验证了该方法的实用性和有效性.","优化排序法,按月报价,上网电量,旋转备用"
电力系统及其自动化学报,基于合作对策论的电力交易计划,http://d.wanfangdata.com.cn/periodical/ChlQZXJpb2RpY2FsQ0hJTmV3UzIwMjEwMzAyEhRkbHh0anF6ZGh4YjIwMDAwNjAxMxoIZHhjMnp6dTU%3D,"赵学顺,黄民翔","年，卷(期)：2000, 12(6)","本文介绍了一种基于对策论进行电力交易计划分析的方法.该方法能够实现在满足交易参与者各自利益的同时,使整个系统的运行达到最优.本文首先介绍了对策论方法和基于这种方法的电力交易模型,然后用一个简单的算例说明了该方法在电力交易计划中的应用,并分析了其特点.","电力市场,交易计划,对策论"
电力系统及其自动化学报,人工智能与模糊控制在电力系统继电保护应用的研究现状及前景,http://d.wanfangdata.com.cn/periodical/ChlQZXJpb2RpY2FsQ0hJTmV3UzIwMjEwMzAyEhRkbHh0anF6ZGh4YjIwMDAwMjAxMBoIZHhjMnp6dTU%3D,"聂一雄,尹项根","年，卷(期)：2000, 12(2)",对人工智能及模糊控制在电力系统继电保护中应用的国内外研究现状进行了综述，指出了需要进一步研究的方向和主要内容。,['继电保护人工智能模糊控制']
电力系统及其自动化学报,配电网无功优化调度中调节次数的优化,http://d.wanfangdata.com.cn/periodical/ChlQZXJpb2RpY2FsQ0hJTmV3UzIwMjEwMzAyEhRkbHh0anF6ZGh4YjIwMDAwNTAwMRoIZHhjMnp6dTU%3D,"谢驰坤,陈陈","年，卷(期)：2000, 12(5)","在配电网调度运行中,由于频繁地投切可投切电容器和调节可调节变压器分头会影响可投切电容器装置和可调节变压器寿命,因此在实际中需要减少调节次数.本文中结合一种快速的配电网无功优化算法,考虑电压约束和调节次数的要求,在充分优化目标函数的前提下,尽量地减少调节次数.","无功,优化,配电网,调节次数"
电力系统及其自动化学报,毕业实习教学的探索与思考,http://d.wanfangdata.com.cn/periodical/ChlQZXJpb2RpY2FsQ0hJTmV3UzIwMjEwMzAyEhRkbHh0anF6ZGh4YjIwMDAwMzAxMxoIZHhjMnp6dTU%3D,"刘觉民,姚建刚,龙笑平","年，卷(期)：2000, 12(3)","本文分析了当前毕业实习教学的特点,阐述了进行改革的具体措施和做法,可供指导实习参考.","毕业实习,教学改革"
电力系统及其自动化学报,电压稳定中的Hopf分歧分析,http://d.wanfangdata.com.cn/periodical/ChlQZXJpb2RpY2FsQ0hJTmV3UzIwMjEwMzAyEhRkbHh0anF6ZGh4YjIwMDAwMTAwMhoIZHhjMnp6dTU%3D,"王洪哲,邓集祥","年，卷(期)：2000, 12(1)",本文采用Hopf分歧理论结合相关因子法研究探讨电压稳定性问题，Hopf分歧理论比较全面地考虑系统的非线性性态，能够比传统的分析方法更深刻地探讨电力系统在临界点附近的稳定问题，并且能够在一定程度上将功角稳定问题和电压稳定问题联系起来提供统一的数学分析基础。,"电力系统电压稳定,Hopf分歧相关因子法"
电力系统及其自动化学报,IGBT动态电力电子开关的研制,http://d.wanfangdata.com.cn/periodical/ChlQZXJpb2RpY2FsQ0hJTmV3UzIwMjEwMzAyEhRkbHh0anF6ZGh4YjIwMDAwMzAwNhoIZHhjMnp6dTU%3D,"刘福斌,唐勇,陈珩,李扬","年，卷(期)：2000, 12(3)","针对动模实验室传统电磁式接触器的缺点,设计出一种能够由计算机或单片机控制的新型IGBT动态电力电子开关,分析了该开关的结构、原理、驱动电路、保护措施等,并进行了动模实验,最后报道了该开关的前景.","IGBT,电力电子开关,动态,保护"
电力系统及其自动化学报,有功、无功功率分摊与网损分摊的研究(三)拓扑潮流分析,http://d.wanfangdata.com.cn/periodical/ChlQZXJpb2RpY2FsQ0hJTmV3UzIwMjEwMzAyEhRkbHh0anF6ZGh4YjIwMDAwNDAwNBoIZHhjMnp6dTU%3D,"吴政球,姚建刚","年，卷(期)：2000, 12(4)","根据文[1][2]的网络损耗分摊理论以及线路充电无功分摊方法,在常规潮流解算的基础上,利用网络拓朴和比例共享原则,得出了线路有功潮流与有功负荷和有功损耗,或者有功发电和网络有功损耗之间的关系;线路无功潮流与负荷无功和网络无功损耗的关系;进而得出有功、无功联合输电设备的利用份额,联合网损分摊的数学模型.开发了简捷实用的复杂电力系统分析程序.本文分析方法能够回答电力市场参与者所关心的各种问题,能增加电力市场的透明度.","电力市场,有功、无功功率分摊,有功、无功网损分摊,过网费,拓扑"
电力系统及其自动化学报,一种基于混和遗传算法的电力系统优化无功问题研究,http://d.wanfangdata.com.cn/periodical/ChlQZXJpb2RpY2FsQ0hJTmV3UzIwMjEwMzAyEhRkbHh0anF6ZGh4YjIwMDAwMTAwNBoIZHhjMnp6dTU%3D,"张金奎,林荫宇,甘兴国,杨传忠,谢长科","年，卷(期)：2000, 12(1)",为了解决电力系统的无功规划问题，本文在分析简单遗传算法(SGA)缺陷的基础上，在SGA中引入Boltzmann生存机制，提出了一种新型的退火选择遗传算法(AGA)。对IEEE30节点系统的仿真表明，该算法收敛速度快，逃脱局部极值的能力强，对电力系统优化问题提供了一种新颖的方法。,['遗传算法无功优化模拟退火']
电力系统及其自动化学报,MATLAB在有源滤波器仿真设计中的应用,http://d.wanfangdata.com.cn/periodical/ChlQZXJpb2RpY2FsQ0hJTmV3UzIwMjEwMzAyEhRkbHh0anF6ZGh4YjIwMDEwNDAxMhoIYWU1bmFoMXI%3D,"王金星,王庆平,贾长朱,杨刚,陈超英","年，卷(期)：2001, 13(4)","本文在分析抑制谐波常用方法的基础上,利用瞬时无功功率理论进行有源滤波器的仿真设计.该方法可以实现快速的高次谐波检测与滤波,并进行无功功率补偿.本设计用先进的仿真软件工具MATLAB中的电力系统仿真工具箱对基于这种方法的有源滤波器进行仿真,仿真结果表明基于瞬时无功功率理论设计的有源滤波器装置能够有效检测出高次谐波分量,并可以消除谐波分量和进行无功补偿.",['谐波有源滤波器仿真瞬时无功功率MATLAR']
电力系统及其自动化学报,采用小波分解和同步检波的电压闪变信号检测新方法,http://d.wanfangdata.com.cn/periodical/ChlQZXJpb2RpY2FsQ0hJTmV3UzIwMjEwMzAyEhRkbHh0anF6ZGh4YjIwMDEwNjAwNhoIYWU1bmFoMXI%3D,"周兆经,周文晖,李青","年，卷(期)：2001, 13(6)","本文提出了一种新型同步检波器,用子带滤波器取代了传统同步检波器中的低通滤波器.在此基础上,提出了采用小波多分辨率信号分解和同步检波的电压闪变信号检测新方法.该方法不仅能够对电压闪变信号进行不失真地包络检波,而且能够精确地检测电压闪变信号的时间和包络信号的频率分量及其幅度.仿真实验结果表明,该方法具有良好的检测和时频分析性能,适用于突变的、非平稳的电压波动与闪变信号的检测.
","电压闪变,多分辨率信号分解,同步检波"
电力系统及其自动化学报,基于蚁群最优的配电网络重构算法,http://d.wanfangdata.com.cn/periodical/ChlQZXJpb2RpY2FsQ0hJTmV3UzIwMjEwMzAyEhRkbHh0anF6ZGh4YjIwMDEwMjAxNBoIYWU1bmFoMXI%3D,"陈根军,王磊,唐国庆","年，卷(期)：2001, 13(2)",配电网络重构是一个非常复杂的大规模组合优化问题。本文提出了一种新颖的基于蚁群最优的算法来求解正常运行条件下的配电网络重构问题，以达到损失最小。蚁群最优算法(Ant Colony Optimization，简称ACO算法)是一种新型通用内启发式算法。在求解组合最优问题上，ACO算法已被证明是非常有效的。ACO算法本质上是一个多代理系统，在这个系统中单个代理之间的交互导致了整个蚁群的复杂行为。这种方法的主要特征是正反馈、分布式计算以及富有建设性的贪婪启发式搜索的运用。为了证明本文提出的算法的可行性和有效性，我们研究了两个算例系统，并给出了计算结果。结论表明，本文提出的算法是相当有希望的。,"电网络重构,损失最小,蚁群最优(ACO)"
电力系统及其自动化学报,蓄能电站电动一发电机的结构特点,http://d.wanfangdata.com.cn/periodical/ChlQZXJpb2RpY2FsQ0hJTmV3UzIwMjEwMzAyEhRkbHh0anF6ZGh4YjIwMDEwMzAxNhoIYWU1bmFoMXI%3D,"刘浩,任化芝,董从银","年，卷(期)：2001, 13(3)","结合国内外情况,对蓄能电动一发电机的结构、特点,优缺点等作了比较和阐述.","蓄能电站,电动一发电机,定子,转子"
电力系统及其自动化学报,一种基于48脉波电压源逆变器的静止同步串联补偿器及其控制系统的设计与建模(上),http://d.wanfangdata.com.cn/periodical/ChlQZXJpb2RpY2FsQ0hJTmV3UzIwMjEwMzAyEhRkbHh0anF6ZGh4YjIwMDEwMjAxNRoIYWU1bmFoMXI%3D,"王庆红,胡国根","年，卷(期)：2001, 13(2)",本文详细阐述了基于48脉波电压源逆变器的静止同步串联补偿器(SSSC)的实现、控制系统设计及建模，在8个三相逆变器的输出电压回路中增加了一个电磁回路，该回路由18个单相三绕组变压器和6个单相双绕组变压器组成，基于这个电路设计，提出了对应的等值回路模型及相应的比例积分(PI)控制方案，比例积分控制器的增益是通过对IEEE第一个次同步谐振分析模型(FBM)进行特征根分析而确定的，仿真结果表明控制器的增益选择至关重要，不当的增益会引起轴系扭矩增大而发生振荡。,"静止同步串联补偿器,FBM模型,特征根分析"
电力系统及其自动化学报,基于门限小波包的负荷预测方法的研究(三)长期负荷预测,http://d.wanfangdata.com.cn/periodical/ChlQZXJpb2RpY2FsQ0hJTmV3UzIwMjEwMzAyEhRkbHh0anF6ZGh4YjIwMDEwNjAxMBoIYWU1bmFoMXI%3D,['唐忠'],"年，卷(期)：2001, 13(6)","通过对长期负荷曲线的研究,得到其负荷曲线的特性:惯性、饱和性和波动性,依此建立了符合负荷曲线特性的非线性加权型长期负荷预测模型,引入了受环境因素影响的加权系数,并基于门限小波包来描述具有周期性和波动性的加权系数,使模型更合理更准确.
","长期负荷预测,惯性,饱和性,加权系数,系数,门限小波包"
电力系统及其自动化学报,DSM项目的风险及其决策探讨,http://d.wanfangdata.com.cn/periodical/ChlQZXJpb2RpY2FsQ0hJTmV3UzIwMjEwMzAyEhRkbHh0anF6ZGh4YjIwMDEwNTAwNRoIYWU1bmFoMXI%3D,"王治华,李扬,卢毅","年，卷(期)：2001, 13(5)","文章主要对DSM项目实施中可能遇到的风险问题做一些初步的探讨,探讨了风险的主要来源并进行分析,从而实现风险的管理,并进行风险决策.从而为DSM项目的规划、决策、实施及评估提供一定的依据,使之更加成本有效.","DSM,风险,决策,管理"
电力系统及其自动化学报,直接测量δ和S的同步发电机低励磁保护与控制研究,http://d.wanfangdata.com.cn/periodical/ChlQZXJpb2RpY2FsQ0hJTmV3UzIwMjEwMzAyEhRkbHh0anF6ZGh4YjIwMDEwNjAwNRoIYWU1bmFoMXI%3D,"林莉,牟道槐","年，卷(期)：2001, 13(6)","在分析现有励磁保护所存在的缺点的基础上,提出了直接测量功率角(δ)的励磁保护,增加了稳定性控制功能,提出了自动减出力的方案,并进行了动态数值仿真计算,证明有很好的保护与控制功能.
","发电机,励磁,功率角,保护"
电力系统及其自动化学报,使用Agent技术的能量管理系统的研究,http://d.wanfangdata.com.cn/periodical/ChlQZXJpb2RpY2FsQ0hJTmV3UzIwMjEwMzAyEhRkbHh0anF6ZGh4YjIwMDEwNTAwMxoIYWU1bmFoMXI%3D,"楚丰,游大海","年，卷(期)：2001, 13(5)","本文介绍了Agent的定义,个体Agent的组成,Agent地""社群""以及Agent系统实现等Agent技术的基本问题,分析了能量管理系统(EMS)的特点,指出Agent技术在EMS中的应用符合EMS系统模块化,分布式,面向电力市场的发展方向.最后还说明了传统系统向Agent化系统过渡的可能.","Agent技术,能量管理系统,电力系统"
电力系统及其自动化学报,电容器并补大功率晶闸管阀的研究,http://d.wanfangdata.com.cn/periodical/ChlQZXJpb2RpY2FsQ0hJTmV3UzIwMjEwMzAyEhRkbHh0anF6ZGh4YjIwMDEwMTAwORoIYWU1bmFoMXI%3D,"刘会金,彭疆南,陈孜孜,陈允平","年，卷(期)：2001, 13(1)",大功率无触头电容器投切开关是实现中压配电网无功补偿的技术关键。本文对高电压、大电流、无电弧、无触头高压电容开关研制中应解决的晶闸管串联均压、光电触发系统、脉冲放大回路的取能和晶闸管“工况”的在线监测问题进行了讨论，提出了具体的实施方案和实用电路。,"电容器,无功补偿,晶闸管,光纤传输"
电力系统及其自动化学报,模拟电力市场调度运营技术支持系统,http://d.wanfangdata.com.cn/periodical/ChlQZXJpb2RpY2FsQ0hJTmV3UzIwMjEwMzAyEhRkbHh0anF6ZGh4YjIwMDEwNDAwORoIYWU1bmFoMXI%3D,"陆达,李秋丹,魏巍,董绍彤","年，卷(期)：2001, 13(4)","模拟电力市场调度运营技术支持系统是为适应电力市场的发展需要而开发的一套自动化管理系统,该系统的采用全面实现了调度工作的全自动化,另一方面也为地区供电公司准确上报购电计划提供了有力的保障,取得了很好的经济与技术效益,本文结合辽阳供电公司的开发实践,介绍了系统的实现,包括硬件配置,主要应用软件,及其在实际中的应用.",['电力市场调度运营技术支持']
电力系统及其自动化学报,电流互感器暂态过程的仿真与分析,http://d.wanfangdata.com.cn/periodical/ChlQZXJpb2RpY2FsQ0hJTmV3UzIwMjEwMzAyEhRkbHh0anF6ZGh4YjIwMDEwNDAwNBoIYWU1bmFoMXI%3D,"胡晓光,王哲,于文斌","年，卷(期)：2001, 13(4)","本文在用多项式拟合电流互感器(CT)铁心磁化曲线的基础上,利用状态模型对CT暂态过程进行了仿真,较好地刻画了CT的暂态过程.为了准确地检测CT铁心进入饱和的时刻,本文提出了将小波变换运用到对CT二次电流波形畸变的检测中来的思想,利用波形的突变点来检测CT铁心进入饱和的时刻,有一定的理论价值.",['电流互感器(CT)暂态过程铁心饱和多项式拟合小波变换']
电力系统及其自动化学报,导纳型与阻抗型节点电压方程,http://d.wanfangdata.com.cn/periodical/ChlQZXJpb2RpY2FsQ0hJTmV3UzIwMjEwMzAyEhRkbHh0anF6ZGh4YjIwMDEwMTAxMxoIYWU1bmFoMXI%3D,['孙春顺'],"年，卷(期)：2001, 13(1)",在电力系统潮流计算中，通常用节点导纳矩阵形式的节点电压方程描述网络的数学模型，而在电力系统短路电流故障分量(基频交流分量初始有效值)计算中，为什么要使用网络的节点阻抗矩阵?本文对这个问题作了比较深入的分析，并据此阐述了《电路原理》与《电力系统分析》课程在理论性与实际性方面存在的差异。,"电路原理,电力系统分析,节点电压方程"
电力系统及其自动化学报,基于Matlab工具箱的电力系统小干扰稳定性分析,http://d.wanfangdata.com.cn/periodical/ChlQZXJpb2RpY2FsQ0hJTmV3UzIwMjEwMzAyEhRkbHh0anF6ZGh4YjIwMDEwNjAwMRoIYWU1bmFoMXI%3D,"范广军,郁惟镛","年，卷(期)：2001, 13(6)","本文简单介绍了如何利用Matlab工具箱对电力系统小于扰稳定进行研究.在对系统进行建模、仿真和分析的基础上,得出了系统振荡模式的阻尼和频率,并通过实际算例的计算,得出利用本文所采用的Matlab工具箱进行小干扰分析的可行性结论.
","小干扰稳定,Matlab"
电力系统及其自动化学报,电压型高压变频器的实现研究,http://d.wanfangdata.com.cn/periodical/ChlQZXJpb2RpY2FsQ0hJTmV3UzIwMjEwMzAyEhRkbHh0anF6ZGh4YjIwMDEwNjAxMRoIczhycmptcGg%3D,"尹项根,程汉湘,射勤岚","年，卷(期)：2001, 13(6)","高压变频器的实现技术不能是低压三相交流逆变器的简单组合和运用.从安全性和可靠性来讲,它必须考虑功率元、器件的电压承受能力,而且,di/dt、dvdr等也不能超过它的极限值.此外,在高压变频器中,还要考虑共模电压的存在.从电源污染的角度看,变频器对电力系统所产生的谐波污染不能超过IEEE 51 9号文本的推荐指标要求.本文拟从抑制电源污染、降低dv/dt和di/dt的角度出发,提出了电压型高压变频器的实现原理和控制策略.
","高压变频器,谐波污染,交流调速"
电力系统及其自动化学报,可视化配网线损理论计算程序开发,http://d.wanfangdata.com.cn/periodical/ChlQZXJpb2RpY2FsQ0hJTmV3UzIwMjEwMzAyEhRkbHh0anF6ZGh4YjIwMDEwNTAxMRoIczhycmptcGg%3D,"许诺,黄民翔,徐瑞德","年，卷(期)：2001, 13(5)","本文介绍了配网电能损耗理论计算方法,并针对实际情况提出了一些改进措施,使计算结果更符合实际情况.采用优秀的软件技术,编制用户图形界面,实现输入、输出的可视化,达到使用方便,结果可靠的要求.","配网电能损耗,理论计算,用户图形界面"
电力系统及其自动化学报,面向对象的实时数据库管理系统的研究与开发,http://d.wanfangdata.com.cn/periodical/ChlQZXJpb2RpY2FsQ0hJTmV3UzIwMjEwMzAyEhRkbHh0anF6ZGh4YjIwMDEwNTAxNxoIczhycmptcGg%3D,"仝庆贻,颜钢锋","年，卷(期)：2001, 13(5)","本文基于对适合配网自动化的变电站综合自动化系统的功能和数据信息的分析,对数据库的数据进行了分类,并制定了数据库的数据结构,把实时数据库管理系统分化为实时库、历史库、设备库高级应用库等.在文中把实时数据库和传统关系库进行了比较,说明传统关系数据库不能直接应用在配电网中,对实时数据库进行了定义,应用面向对象技术对实时数据库进行建模,并在Windows NT平台上用Visual C++开发了一种新的实时数据库管理系统.对实时数据库管理系统的功能、结构及设计方法进行了阐述.此系统能够达到配电网对实时性、安全性的要求,并能方便操作.此系统已经应用于实际配网自动化系统.","面向对象技术,实时数据库,变电站综合自动化"
电力系统及其自动化学报,应用灰色理论预测变压器等充油设备内的油中气体浓度,http://d.wanfangdata.com.cn/periodical/ChlQZXJpb2RpY2FsQ0hJTmV3UzIwMjEwMzAyEhRkbHh0anF6ZGh4YjIwMDEwMzAxMhoIczhycmptcGg%3D,"袁保奎,郭基伟,唐国庆","年，卷(期)：2001, 13(3)","用变压器等充油设备的油中气体浓度可以判断设备的统缘状况.按照国家标准,充油变压器的油中气体浓度至少是3个月测量一次,另外,测量过程十分复杂.在在线气相色谱没有完全实现的情况下,不可能随时获知油中气体浓度.为了弥补这一缺陷,本文基于灰色理论提出了一个预测油中气体浓度的新方法.这一方法可以预测将来任一时刻的油中气体浓度,从而诊断变压器的绝缘状况.经实例验证,这一方法用于变压器等充油设备的油中气体浓度简单、精确、实用.","['变压器绝缘 油中气体浓度 灰色理论 GM (1,1)预测模型 诊断']"
电力系统及其自动化学报,进化规划(EP)法在大型水电站自动电压控制(AVC)中的应用研究,http://d.wanfangdata.com.cn/periodical/ChlQZXJpb2RpY2FsQ0hJTmV3UzIwMjEwMzAyEhRkbHh0anF6ZGh4YjIwMDEwMzAxNxoIczhycmptcGg%3D,"娄信明,涂光瑜","年，卷(期)：2001, 13(3)","本文运用进化规划法研究大型水电站自动电压控制(Automatic Voltage Control,AVC)中的无功优化问题,采用灵敏度法进行自动电压控制,用进化规划(Evolutionary Programming,EP)法进行无功优化分配,仿真结果表明,与常规无功优化方法相比,EP法适应性好,可以达到全局最优化,并且能最大限度地降低网损.","进化规划法,自动电压控制,无功优化分配"
电力系统及其自动化学报,应用灰色理论预测变压器等充油设备内的油中气体浓度,http://d.wanfangdata.com.cn/periodical/ChlQZXJpb2RpY2FsQ0hJTmV3UzIwMjEwMzAyEhRkbHh0anF6ZGh4YjIwMDEwNDAwMhoIczhycmptcGg%3D,"袁保奎,郭基伟,唐国庆","年，卷(期)：2001, 13(4)","用变压器等充油设备的油中气体浓度可以判断设备的绝缘状况.按照国家标准,充油变压器的油中气体浓度至少是3个月测量一次,另外,测量过程十分复杂.在在线气相色谱没有完全实现的情况下,不可能随时获知油中气体浓度.为了弥补这一缺陷,本文基于灰色理论提出了一个预测油中气体浓度的新方法.这一方法可以预测将来任一时刻的油中气体浓度,从而诊断变压器的绝缘状况.经实例验证.这一方法用于变压器等充油设备的油中气体浓度简单、精确、实用.","['变压器绝缘油中气体浓度灰色理论GM(1,1)预测模型诊断']"
电力系统及其自动化学报,电力系统可视化短路电流计算,http://d.wanfangdata.com.cn/periodical/ChlQZXJpb2RpY2FsQ0hJTmV3UzIwMjEwMzAyEhRkbHh0anF6ZGh4YjIwMDEwNTAxORoIczhycmptcGg%3D,"张树华,方富淇","年，卷(期)：2001, 13(5)","本文介绍了一种可视化电力系统短路电流计算软件,它将数字信息转换为图形信息,软件的功能包括了结线图绘制、设备参数输入、网络图形操作与短路电流计算,程序采用Visual Basic 6语言编制,在Window 98/2000平台上操作,该软件已在广东、山西省、汕头、顺德等电力工业局使用.","电力系统,短路电流,可视化"
电力系统及其自动化学报,参数化动态链接的电力系统绘图软件的设计与实现,http://d.wanfangdata.com.cn/periodical/ChlQZXJpb2RpY2FsQ0hJTmV3UzIwMjEwMzAyEhRkbHh0anF6ZGh4YjIwMDEwNjAxMhoIczhycmptcGg%3D,"苏卫华,李晓明,董丽娟","年，卷(期)：2001, 13(6)","本文介绍了在C/S环境下采用面向对象设计思想和数据库技术进行参数化动态链接的电力系统绘图软件的设计和实现方法,列出了符号组件类的层次关系和图形数据表的结构.该软件用Delpai语言和SQL语言实现编程和查询工作.并应用于襄樊供电局电能量远程采集与分析系统.
","客户/服务器,面向对象,主接线图,组件"
电力系统及其自动化学报,RN检测与状态预估相结合的不良数据检测辨识法,http://d.wanfangdata.com.cn/periodical/ChlQZXJpb2RpY2FsQ0hJTmV3UzIwMjEwMzAyEhRkbHh0anF6ZGh4YjIwMDEwMjAxMhoIczhycmptcGg%3D,"刘浩,崔巍","年，卷(期)：2001, 13(2)",本文将RN检测法与状态预估检测辨识法相结合，提出了一种新的不良数据的检测辨识方法。该法先用RN检测法来判断是否有不良数据测点存在，若有，再用状态预估辨识哪些测点存在不良数据，将不良数据测点的量测值换成其状态预估值再进行一次状态估计。该法既克服了RN检测法存在的残差污染、残差淹没现象，又解决了状态预估检测辨识法不能区分不良数据与突变量的问题。用FOR-TRAN77语言编写程序，对18节点系统进行了数字仿真实验，得到了在无不良数据、有不良数据、有突变量等情况下的检测辨识结果。验证了本文介绍的检测辨识方法的有效性。,['状态估计不良数据检测与辨识']
电力系统及其自动化学报,变电站轮询式通信网络的MATLAB仿真研究,http://d.wanfangdata.com.cn/periodical/ChlQZXJpb2RpY2FsQ0hJTmV3UzIwMjEwMzAyEhRkbHh0anF6ZGh4YjIwMDEwNTAwNBoIczhycmptcGg%3D,"王峥,胡敏强,郑建勇,杜炎森","年，卷(期)：2001, 13(5)","本文根据变电站通信网络的特点,提出了使用离散事件仿真的方法研究网络性能的新思路.以此为指导,本文以变电站内部轮询网络为例,采用队列表示方法对该通信网络进行抽象以便明确研究目标,然后使用MATLAB的SIMULINK软件包对通信网络完成了图形化的仿真建模工作,针对所得的仿真结果进行分析比较,得出了一些较有意义的结论.最后,本文将软件仿真结果和排队论推导结果作了对比,证明了本仿真模型和实际系统是相吻合的.",['变电站通信网络仿真模型平均延时']
电力系统及其自动化学报,谐波滤波器及其微机监控与保护成套设备的研制,http://d.wanfangdata.com.cn/periodical/ChlQZXJpb2RpY2FsQ0hJTmV3UzIwMjEwMzAyEhRkbHh0anF6ZGh4YjIwMDEwNTAxOBoIczhycmptcGg%3D,"黄纯,江亚群,苏泽光,彭建春","年，卷(期)：2001, 13(5)","本文介绍一种由谐波滤波器及其微机监控与保护装置集成的谐波滤波成套设备,论述了该设备软、硬件结构,以及谐波测量、滤波器投切控制、微机保护的设计思想和实现方法.应用实践表明,该设备性能优良,实用性强,运行稳定可靠,能有效抑制谐波,改善电能质量.","谐波,滤波器,微型计算机,监控,继电保护"
电力系统及其自动化学报,绕组变形超声检测原理及装置的研究,http://d.wanfangdata.com.cn/periodical/ChlQZXJpb2RpY2FsQ0hJTmV3UzIwMjEwMzAyEhRkbHh0anF6ZGh4YjIwMDEwMTAwNxoIczhycmptcGg%3D,"舒乃秋,毛慧和,章述汉,刘敏","年，卷(期)：2001, 13(1)",根据超声波反射的原理，提出了变压器绕组变形检测的新方法。文中论述了绕组变形超声检测的基本原理和检测装置的工作原理，并讨论了油温变化和油道宽度等因素对检测结果的影响。借助所研制的样机对变压器模型及变形进行了测试，测试结果表明，这种检测方法是可行的。该方法克服了现有测试方法的不足，具有直观可靠，能直接绘出绕组变形及变形部位的图形，并且显示变形量大小等一系列优点，为电力变压器绕组变形检测开辟了一条新的途径。,"绕组变形,超声波,检测,原理,装置"
电力系统及其自动化学报,电力公害及其对策,http://d.wanfangdata.com.cn/periodical/ChlQZXJpb2RpY2FsQ0hJTmV3UzIwMjEwMzAyEhRkbHh0anF6ZGh4YjIwMDEwMTAxMRoIczhycmptcGg%3D,"王艳华,宋玉秋","年，卷(期)：2001, 13(1)",本文着重讨论了电力公害的两大问题，即交流装置造成的网侧功率因数低以及投网运行时向电网注入谐波电流，并提出了改善功率因数的措施及网侧电流谐波的抑制技术。,"交流装置,电力公害,功率因数,谐波"
电力系统及其自动化学报,分岔方法及其在电力系统中的应用,http://d.wanfangdata.com.cn/periodical/ChlQZXJpb2RpY2FsQ0hJTmV3UzIwMjEwMzAyEhRkbHh0anF6ZGh4YjIwMDEwMTAwMhoIczhycmptcGg%3D,"王建,刘永强,吴捷","年，卷(期)：2001, 13(1)",本文给出了可用来分析电力系统电压稳定和周期振荡的分岔理论中的有关转折分岔和Hopf分岔的概念、定理，并根据两类描述电力系统方程：微分方程和代数方程，结合降维方法如LS约化方法、中心流形方法介绍了求解分岔点的方法以及分岔理论在电力系统中的应用。,"分岔,稳定性,电压失稳"
电力系统及其自动化学报,新型谐振电力滤波器研究,http://d.wanfangdata.com.cn/periodical/ChlQZXJpb2RpY2FsQ0hJTmV3UzIwMjEwMzAyEhRkbHh0anF6ZGh4YjIwMDEwMzAwMRoIczhycmptcGg%3D,"朱革兰,任震","年，卷(期)：2001, 13(3)","本文提出了一种新型的电力滤波器一串并联谐振型滤波器.通过对其电路原理及其特性分析,发现它是一种性能较理想的电力滤波器,在基频时能很好地阻隔基波泄漏,对于高次谐波,不仅与单调谐滤波器一样,在调谐处阻抗趋近零,而且又具有高通滤波器的优点,其等效阻抗在较宽的一段范围内很低,对特征、非特征谐波都有很好的滤波效果.文中还讨论了参数变化、等效频偏等因素的影响,最后通过与单调谐滤波器仿真比较,证明了该滤波器的滤波效果.","谐振,电力滤波器,谐波"
电力系统及其自动化学报,基于门限小波包的负荷预测方法的研究(一)门限小波包理论,http://d.wanfangdata.com.cn/periodical/ChlQZXJpb2RpY2FsQ0hJTmV3UzIwMjEwMzAyEhRkbHh0anF6ZGh4YjIwMDEwNDAwNhoIczhycmptcGg%3D,['唐忠'],"年，卷(期)：2001, 13(4)","基于电力负荷曲线自身的周期性、规律性,提出一种自定义自变量域的门限函数,然后基于小波分析中小波包的概念,建立门限小波包.这种门限小波包对分段信号和非平稳性信号的描述将更方便、更准确.为信号分析,也为电力负荷预测提供了一种新的简便实用的数学理论和方法.",['门限函数小波分析门限小波包']
电力系统及其自动化学报,谐波抑制和无功功率补偿技术的研究与应用,http://d.wanfangdata.com.cn/periodical/ChlQZXJpb2RpY2FsQ0hJTmV3UzIwMjEwMzAyEhRkbHh0anF6ZGh4YjIwMDEwNTAwNxoIczhycmptcGg%3D,"李凤祥,赵不贿","年，卷(期)：2001, 13(5)","为了解决电力系统的谐波污染问题,专家们进行了大量的研究,尝试了各种谐波抑制和无功功率补偿措施,从传统的LC滤波到有源电力滤波,各种各样的谐波抑制技术层出不断.文中针对某一电力系统的实情,就抑制谐波、补偿无功功率、消除谐波引起的谐振等问题进行了研究和探讨,对LC无源滤技术的优劣作了分析,在此基础上对混合型有源滤波器的系统构成及工作原理作了简单介绍.实际运行结果表明,这套混合型有源滤波系统具有良好的滤波和补偿特性,基本上解决了谐振这一特殊问题.","谐波,谐振,无功功率补偿,有源滤波"
电力系统及其自动化学报,调度员培训仿真器中计及水力系统的动态全过程仿真,http://d.wanfangdata.com.cn/periodical/ChlQZXJpb2RpY2FsQ0hJTmV3UzIwMjEwMzAyEhRkbHh0anF6ZGh4YjIwMDEwNDAxMBoIczhycmptcGg%3D,"潘学萍,鞠平,卫志农","年，卷(期)：2001, 13(4)","本文首先给出了五种水力系统模型,在原华东电网DTS仿真软件的基础上,对原华东电网DTS动态仿真软件的模型部分进行了改进,推导了新模型下的发电机差分方程,对发电机的雅可比矩阵进行了修改,仿真并分析了不同水力系统模型对多机系统稳定运行的影响,得出有意义的结论.",['调度员培训仿真器(DTS)电力系统仿真功角曲线']
电力系统及其自动化学报,相同机组调度与竞标问题研究,http://d.wanfangdata.com.cn/periodical/ChlQZXJpb2RpY2FsQ0hJTmV3UzIwMjEwMzAyEhRkbHh0anF6ZGh4YjIwMDEwMTAwNBoIczhycmptcGg%3D,"赖菲,周佃民,王庆","年，卷(期)：2001, 13(1)",本文对在利用拉格朗日松弛法解决大型电力市场综合资源的调度与竞标时所碰到的相同机组问题进行了讨论，认为改进电力市场竞标模式并不是解决相同机组调度与竞标问题的根本方法．,"电力市场,拉格朗日松弛法,机组组合"
电力系统及其自动化学报,一种先进的电网谐波检测方法,http://d.wanfangdata.com.cn/periodical/ChlQZXJpb2RpY2FsQ0hJTmV3UzIwMjEwMzAyEhRkbHh0anF6ZGh4YjIwMDEwMzAwNxoIczhycmptcGg%3D,"蒋平,邓俊雄,高亮","年，卷(期)：2001, 13(3)","本文在传统自适应检测方法[1]的基础上,提出了一种新型的电网谐波检测方法.此法克服其它方法的局限性,不仅能够检测电压谐波,而且能够有效地检测电压的不对称等其它畸变量.仿真和试验结果表明了本文所述方法的有效性,可满足电力系统对电压畸变量检测的要求.同时,这种方法对于谐波电流检测也同样适用.",['自适应检测 电网谐波 用户电力技术 综合电能质量补偿装置(UPQC)']
电力系统及其自动化学报,在IBM-SP2上实现电力系统暂态稳定计算的一种并行算法,http://d.wanfangdata.com.cn/periodical/ChlQZXJpb2RpY2FsQ0hJTmV3UzIwMjEwMzAyEhRkbHh0anF6ZGh4YjIwMDEwMTAwNhoIczhycmptcGg%3D,"洪潮,单巍","年，卷(期)：2001, 13(1)",本文提出了一种在IBM-SP2并行计算机上实现电力系统暂态稳定计算的并行算法，该算法的核心是对电力系统网络方程实现有效的并行求解。通过对大型互联电力系统算例进行试算，对所提出的算法的有效性进行了分析和评估。,"电力系统,暂态稳定,并行算法,因子表路径树"
电力系统及其自动化学报,数字系统设计与ASIC技术,http://d.wanfangdata.com.cn/periodical/ChlQZXJpb2RpY2FsQ0hJTmV3UzIwMjEwMzAyEhRkbHh0anF6ZGh4YjIwMDEwMjAxMRoIczhycmptcGg%3D,"陈爱萍,张深基","年，卷(期)：2001, 13(2)",随着数字电子技术的迅速发展，数字逻辑系统设计的传统方法已无法满足设计要求，电子设计自动化(EDA)技术在系统设计时只需输入系统级的行为和功能描述，其它大部分繁锁的工作由计算机完成，设计师能专注于整个系统的设计，从而大大提高设计效率。本文论述了数字系统自顶向下的设计方法、VHDL及其在ASIC技术中的应用。,['数字系统EDAASICVHDL自顶向下']
电力系统及其自动化学报,机组负荷最优分配的改进遗传算法,http://d.wanfangdata.com.cn/periodical/ChlQZXJpb2RpY2FsQ0hJTmV3UzIwMjEwMzAyEhRkbHh0anF6ZGh4YjIwMDEwMjAwNRoIczhycmptcGg%3D,"左浩,陈昆薇,洪潮,孔峰","年，卷(期)：2001, 13(2)",本文针对常规遗传算法缺点，根据具体问题的特征，对火电厂内机组优化组合中的遗传算法从各个环节进行了改进，实例计算表明，该方法收敛性好、适应性强、能更有效地达到或接近全局最优。,['机组优化组合遗传算法']
电力系统及其自动化学报,地区电网短期负荷预测系统的研究,http://d.wanfangdata.com.cn/periodical/ChlQZXJpb2RpY2FsQ0hJTmV3UzIwMjEwMzAyEhRkbHh0anF6ZGh4YjIwMDEwNTAxMBoIczhycmptcGg%3D,"侯凯元,穆钢,杨右虹,惠永杰","年，卷(期)：2001, 13(5)","本文根据吉林市电网的实际情况,研究开发了一个地区电网短期负荷预测系统.该系统包括多种负荷预测方法,可以使运行人员根据负荷变化的具体情况选择预测方法或采用几种方法的组合进行加权预测.文中对各种方法的预测结果进行了分析与对比,并在此基础上分析了影响负荷预测精度的主要原因.软件包具有良好的人机界面,实用性强,已在吉林市供电公司运行较长时间,为运行人员的负荷预测工作提供了有力的支持.","地区电网,短期负荷预测,预测方法"
电力系统及其自动化学报,电力系统CAI程序包(PSATSP)的实现,http://d.wanfangdata.com.cn/periodical/ChlQZXJpb2RpY2FsQ0hJTmV3UzIwMjEwMzAyEhRkbHh0anF6ZGh4YjIwMDEwNTAxNBoIczhycmptcGg%3D,"骆平,杨少兵","年，卷(期)：2001, 13(5)","本文叙述了一个新的电力系统CAI软件包的特点及其实现过程.通过算例的测试,表明此教学软件具有运行稳定、结果准确、使用方便、界面友好等优点,可用于教学、电气培训及科研工作.","电力系统,计算机辅助教学,软件包"
电力系统及其自动化学报,复杂配电网分块降阶潮流算法,http://d.wanfangdata.com.cn/periodical/ChlQZXJpb2RpY2FsQ0hJTmV3UzIwMjEwMzAyEhRkbHh0anF6ZGh4YjIwMDEwNDAwNxoIczhycmptcGg%3D,"李晓明,李汉成,向铁元","年，卷(期)：2001, 13(4)","本文提出了一种分块降阶潮流算法,该算法通过适当节点编号将辐射形网络与环网分开,降低复杂网络的阶数,充分利用辐射形网络导纳矩阵主对角占优的特点,采用追赶法求解大量的辐射形网络方程,仅用牛顿一拉夫逊法潮流算法求解阶数不高的复杂网络方程,进而达到提高计算速度和数值分析稳定性,减少占用计算机内存的目的.该算法通过典型算例进行了验证,并与牛顿一拉夫逊法和前推回代法进行了对比计算分析.",['配电网潮流计算变态潮流算法']
电力系统及其自动化学报,SF6绝缘设计中击穿电压分布函数计算方法探讨,http://d.wanfangdata.com.cn/periodical/ChlQZXJpb2RpY2FsQ0hJTmV3UzIwMjEwMzAyEhRkbHh0anF6ZGh4YjIwMDEwMjAwORoIczhycmptcGg%3D,['张乐平'],"年，卷(期)：2001, 13(2)",根据w.Mosch和w.Hanschild提出的方法，以气体放电的基本理论，简要讨论了在工程条件下，以耐电强度作为计算SF6击穿过程基础的方法，并给出算例。,['流注击穿电压耐电强度分界面']
电力系统及其自动化学报,基于人工神经网络的电力线路损耗计算,http://d.wanfangdata.com.cn/periodical/ChlQZXJpb2RpY2FsQ0hJTmV3UzIwMjEwMzAyEhRkbHh0anF6ZGh4YjIwMDEwNTAwNhoIczhycmptcGg%3D,"姚向华,刘铭,赵磊","年，卷(期)：2001, 13(5)","本文介绍了一种采用人工神经网络进行电力网线损值的计算方法,比较传统方法而言,具有计算速度快、计算精度高和适用面广的优点.","人工神经网络,BP网络,线损值"
电力系统及其自动化学报,基于遗传算法的无功优化模型研究,http://d.wanfangdata.com.cn/periodical/ChlQZXJpb2RpY2FsQ0hJTmV3UzIwMjEwMzAyEhRkbHh0anF6ZGh4YjIwMDEwMzAwNBoIczhycmptcGg%3D,"顾洁,陈章潮,张林","年，卷(期)：2001, 13(3)","遗传算法是近十年发展起来的基于自然选择规律的一种优化方法.本文阐述了遗传算法(GAs)在电力系统无功优化中的应用.实例计算表明,与常规无功优化方法相比,该算法成功地解决了无功优化中变量的离散问题,避免了常规数学优化方法的局部最优现象.",['遗传算法(GA) 电力系统 无功优化 局部优化']
电力系统及其自动化学报,面向对象的发电厂数据采集系统软件设计,http://d.wanfangdata.com.cn/periodical/ChlQZXJpb2RpY2FsQ0hJTmV3UzIwMjEwMzAyEhRkbHh0anF6ZGh4YjIwMDEwMjAwMhoIczhycmptcGg%3D,"刘炳旭,李红,张鹏翔,赵建国","年，卷(期)：2001, 13(2)",将面向对象技术应用于火力发电厂数据采集系统软件设计中，定义了一组针对发电厂的类库，实现了电厂数据采集系统的诸多功能，便于系统扩充与维护。,['发电厂数据采集面向对象技术']
电力系统及其自动化学报,接地的重要性,http://d.wanfangdata.com.cn/periodical/ChlQZXJpb2RpY2FsQ0hJTmV3UzIwMjEwMzAyEhRkbHh0anF6ZGh4YjIwMDEwMTAwOBoIczhycmptcGg%3D,"向铁元,丁坚勇,仝猛","年，卷(期)：2001, 13(1)",本文通过对发电厂、变电所实际接地及相关问题的分析，阐述了保护接地、接触电压和跨步电压等概念，说明了接地技术的重要性，并指出，伴随着高科技信息化时代的到来．接地技术将在各个领域得到更为广泛的应用，并且形成系统化的“接地学学科”,"接地,保护接地,发电厂变电所的实际接地,共用接地"
电力系统及其自动化学报,有源电力滤波器的延时特性对补偿效果影响的研究,http://d.wanfangdata.com.cn/periodical/ChlQZXJpb2RpY2FsQ0hJTmV3UzIwMjEwMzAyEhRkbHh0anF6ZGh4YjIwMDEwNDAwOBoIczhycmptcGg%3D,"高大威,孙孝瑞","年，卷(期)：2001, 13(4)","在实际应用中,由于电流检测的延时与逆变输出电路工作的滞后等因素的影响,有源电力滤波器很难对无功电流和谐波电流做到实时补偿.本文对影响有源电力滤波器实时补偿的因素做了分析,并对这些因素对有源电力滤波器补偿效果的影响程度进行了仿真研究.仿真结果表明,在一定的延时时间范围内,有源电力滤波器可以对谐波和无功电流起到很好的补偿效果;但随着延时时间的增大,补偿效果会随之变差,甚至起不到补偿作用.",['有源电力滤波器实时补偿电力电子延时时间']
电力系统及其自动化学报,考虑备用容量价格的电力市场运行模拟,http://d.wanfangdata.com.cn/periodical/ChlQZXJpb2RpY2FsQ0hJTmV3UzIwMjEwMzAyEhRkbHh0anF6ZGh4YjIwMDEwMjAxMBoIczhycmptcGg%3D,"李灿,龚乐年","年，卷(期)：2001, 13(2)",本文对电力市场的运行进行了计算机模拟，在所模拟的市场中，市场运行机构可以调整系统备用容量的购买价格，发电厂考虑备用容量价格进行报价，这一过程迭代进行，直接产生同时满足功率平衡要求和备用容量要求的发电计划。本文推导了发电厂考虑备用容量价格时提交报价曲线的策略，通过市场模拟分析了由竞价产生的发电计划的成本、机组的利润以及市场价格的波动。,['电力市场机组启停组合动态规划报价决策']
电力系统及其自动化学报,地区电力系统状态估计研究与应用,http://d.wanfangdata.com.cn/periodical/ChlQZXJpb2RpY2FsQ0hJTmV3UzIwMjEwMzAyEhRkbHh0anF6ZGh4YjIwMDEwNTAwOBoIczhycmptcGg%3D,"祝滨,魏立明,刘耀年,祝洪博","年，卷(期)：2001, 13(5)","本文介绍了哈尔滨地区电网状态估计软件的基本原理及功能,在算法上采用基于定雅可比矩阵的加权最小二乘法,并引入了正交化处理,具有较好的数值稳定性和计算速度;不良数据检测上采用状态预估与γN检测相结合的方法,保证了估计精度.","状态估计,正交变换,能量管理系统"
电力系统及其自动化学报,温室的自动控制设计及实现,http://d.wanfangdata.com.cn/periodical/ChlQZXJpb2RpY2FsQ0hJTmV3UzIwMjEwMzAyEhRkbHh0anF6ZGh4YjIwMDEwNDAxOBoIczhycmptcGg%3D,['颜全生'],"年，卷(期)：2001, 13(4)","介绍温室的自动控制系统的组成及工作原理,重点阐述温湿度的测试及控制.",['温湿度测控系统传感器变送器']
电力系统及其自动化学报,应用于动态模拟系统的继电保护测试系统的方案设计,http://d.wanfangdata.com.cn/periodical/ChlQZXJpb2RpY2FsQ0hJTmV3UzIwMjEwMzAyEhRkbHh0anF6ZGh4YjIwMDEwMzAxNBoIczhycmptcGg%3D,"焦彦军,张新国,王增平,张宏波","年，卷(期)：2001, 13(3)","本文介绍了基于以太网络的电力系统继电保护和安全自动装置测试系统的设计和应用,该系统包括动态模拟实验序列控制和事件记录两个子系统.","仿真,继电保护,动态模拟,PC104"
电力系统及其自动化学报,含UPFC的电力系统最优潮流计算,http://d.wanfangdata.com.cn/periodical/ChlQZXJpb2RpY2FsQ0hJTmV3UzIwMjEwMzAyEhRkbHh0anF6ZGh4YjIwMDEwMjAwNBoIczhycmptcGg%3D,"林声宏,刘明波,王晓村","年，卷(期)：2001, 13(2)",由于UPFC能够控制母线电压和线路潮流，包含UPFC的电力系统最优潮流模型中须引入附加的等式约束和不等式约束，增加了优化计算的复杂性。本文应用直接非线性原一对偶路径跟踪内点算法进行求解，并给出了3个试验系统的优化计算结果，验证该方法的有效性。,['最优潮流统一潮流控制器原一对偶路径跟踪内点算法']
电力系统及其自动化学报,模糊综合评价在负荷最优组合预测中的应用,http://d.wanfangdata.com.cn/periodical/ChlQZXJpb2RpY2FsQ0hJTmV3UzIwMjEwMzAyEhRkbHh0anF6ZGh4YjIwMDEwNDAwMxoIczhycmptcGg%3D,"孙海斌,周淑雄,谢敬东,唐国庆","年，卷(期)：2001, 13(4)","本文针对实际负荷预测工作的复杂性,提出了运用模糊语言评价对最优组合预测中各模型权重确定的新方法.文中考虑了预测模型的多个评价因素,利用模糊语言进行二级综合评优,并对各预测模型的评优结果进行了比较,分析了模型之间的优势关系,进而确定各模型的权重.最后,文中利用该方法对江苏盐城市2002年负荷水平进行了预测,得出了令人满意的结果.",['负荷预测组合预测模型模糊综合评价']
电力系统及其自动化学报,面向对象的继电保护整定计算专家系统的研究,http://d.wanfangdata.com.cn/periodical/ChlQZXJpb2RpY2FsQ0hJTmV3UzIwMjEwMzAyEhRkbHh0anF6ZGh4YjIwMDEwMjAwMRoIczhycmptcGg%3D,"王威,郁惟镛,张沛超","年，卷(期)：2001, 13(2)",将专家系统和传统程序设计软件Visual Ｃ++结合，利用面向对象的方法完成零序电流和距离保护的整定计算。该整定系统具有良好的开放性，利用专家系统的知识库使整定原则独立存在，使程序大大简化，并加强了程序的可读性、移植性和灵活性。,['专家系统整定计算面向对象']
电力系统及其自动化学报,一种电流型最小化潮流算法的尝试,http://d.wanfangdata.com.cn/periodical/ChlQZXJpb2RpY2FsQ0hJTmV3UzIwMjEwMzAyEhRkbHh0anF6ZGh4YjIwMDEwNDAxNRoIczhycmptcGg%3D,"程改红,韩肖清","年，卷(期)：2001, 13(4)","本文在Newton-Raphson法潮流计算的基础上,综合采用了基于注入电流和注入功率的不平衡量,使得Jacobi矩阵中大量的元素为常数,从而大大加快了每次迭代时Jacobi矩阵的形成过程;通过引进最优乘子,从算法上保证了计算过程的收敛性,有效地解决了病态潮流的计算问题.通过实例计算,证明了该方法的可行性.",['电力系统潮流计算Newton-Raphson法']
电力系统及其自动化学报,人工神经网络在电力系统中的应用与展望,http://d.wanfangdata.com.cn/periodical/ChlQZXJpb2RpY2FsQ0hJTmV3UzIwMjEwMzAyEhRkbHh0anF6ZGh4YjIwMDEwMTAxMhoIczhycmptcGg%3D,['杨勇'],"年，卷(期)：2001, 13(1)",本文简述了人工神经网络的基本特点和实现方法，对人工神经网络在电力系统中的故障诊断、智能控制、继电保护计算优化等方面的应用研究情况进行综述，对应用研究的不足及发展作了一定的分析和展望。,"人工神经网络,电力系统,应用"
电力系统及其自动化学报,多功能平衡变压器滤波装置的选型与分析,http://d.wanfangdata.com.cn/periodical/ChlQZXJpb2RpY2FsQ0hJTmV3UzIwMjEwMzAyEhRkbHh0anF6ZGh4YjIwMDEwMzAxMBoIczhycmptcGg%3D,"张志文,熊芝耀,刘福生","年，卷(期)：2001, 13(3)","本文针对多功能平衡变压器的特点,构造了相应的滤波装置,分析论证了滤波原理,设计了滤波装置的参数,并根据设计参数进行了滤波对比实验.实验表明,本文提出的原理正确,参数选择合理,谐波抑制效果十分明显.","多功能,平衡变压器,滤波装置,分析"
电力系统及其自动化学报,"重视实验教学改革,提高学生创新能力",http://d.wanfangdata.com.cn/periodical/ChlQZXJpb2RpY2FsQ0hJTmV3UzIwMjEwMzAyEhRkbHh0anF6ZGh4YjIwMDEwNTAyMBoIczhycmptcGg%3D,"林蓉,张步涵","年，卷(期)：2001, 13(5)","本论文以""电力系统分析""计算实验课的教学改革为例,阐述了实验教学改革一些基本思路和方法.",['实验教学改革']
电力系统及其自动化学报,含统一潮流控制器的电力系统新型潮流算法,http://d.wanfangdata.com.cn/periodical/ChlQZXJpb2RpY2FsQ0hJTmV3UzIwMjEwMzAyEhRkbHh0anF6ZGh4YjIwMDEwMjAwMxoIczhycmptcGg%3D,"董良英,房大中,林旭军","年，卷(期)：2001, 13(2)",本文通过对统一潮流控制器(UPFC)在电力系统中控制原理的分析，提出了一种计及UPFC的新型潮流算法。在原有潮流计算牛顿一拉夫逊法的基础上，将UPFC对系统的影响转移到对潮流方程的修正中法，选取新的状态变量，为电力系统稳态潮流控制打下了基础，算例支持了本文思想和算法的正确性。,['灵活交流输电系统统一潮流控制器潮流计算']
电力系统及其自动化学报,非接触智能卡校园管理系统的设计与实现,http://d.wanfangdata.com.cn/periodical/ChlQZXJpb2RpY2FsQ0hJTmV3UzIwMjEwMzAyEhRkbHh0anF6ZGh4YjIwMDEwMjAxNxoIczhycmptcGg%3D,['颜全生'],"年，卷(期)：2001, 13(2)",本文介绍一个非接触智能卡校园管理系统的设计与实现，阐述了系统的软硬件结构及各个模块的功能与设计思想，该系统中使用的智能卡是具有自主知识产权的非接触智能卡.具有成本低，可靠性高的特点。,"智能卡,管理系统"
电力系统及其自动化学报,基于支路电流的配电网状态估计,http://d.wanfangdata.com.cn/periodical/ChlQZXJpb2RpY2FsQ0hJTmV3UzIwMjEwMzAyEhRkbHh0anF6ZGh4YjIwMDEwNjAwNBoIczhycmptcGg%3D,"吴为麟,侯勇,方鸽飞","年，卷(期)：2001, 13(6)","提出考虑配电馈线环网和节点零注入的基于支路电流的状态估计算法.该算法较传统的基于节点电压的状态估计算法有效,考虑节点零注入约束,提高了算法的收敛性和计算结果的精确性.
","配,电系统,状态估计,实时监控"
电力系统及其自动化学报,一种基于48脉波电压源逆变器的静止同步串联补偿器及其控制系统的设计与建模(下),http://d.wanfangdata.com.cn/periodical/ChlQZXJpb2RpY2FsQ0hJTmV3UzIwMjEwMzAyEhRkbHh0anF6ZGh4YjIwMDEwNDAxMRoIczhycmptcGg%3D,"张颖,胡国根","年，卷(期)：2001, 13(4)","本文对基于48脉波电压源逆变器的静止同步串联补偿器(SSSC)进行了特征根分析,仿真结果表明控制器的增益选择至关重要,不当的增益会引起轴系扭矩增大而发生振荡.",['静止同步串联补偿器FBM模型特征根分析']
电力系统及其自动化学报,灰色负荷预测的参数修正法,http://d.wanfangdata.com.cn/periodical/ChlQZXJpb2RpY2FsQ0hJTmV3UzIwMjEwMzAyEhRkbHh0anF6ZGh4YjIwMDEwMjAwNhoIczhycmptcGg%3D,"张大海,史开泉,江世芳","年，卷(期)：2001, 13(2)","本文提出灰色预测模型GM(1,1)的a参数修正方法，实验表明本方法应用于电力系统负荷预测有较高的精度。",['电力系统灰色系统负荷预测a修正']
电力系统及其自动化学报,串联有源滤波器拓扑结构的MATLAB仿真,http://d.wanfangdata.com.cn/periodical/ChlQZXJpb2RpY2FsQ0hJTmV3UzIwMjEwMzAyEhRkbHh0anF6ZGh4YjIwMDEwMzAxMxoIczhycmptcGg%3D,"查晓明,王瑾,黄翊,伍晓峰","年，卷(期)：2001, 13(3)","简要分析了串联型电力有源滤波器的工作原理和原有的拓扑结构,提出了一种新的拓扑结构,并用MATLAB对其进行仿真,证实了此种新拓扑结构的可行性.","有源滤波,拓扑结构,MATLAB"
电力系统及其自动化学报,窃电检测在电能量计量计费系统中的应用,http://d.wanfangdata.com.cn/periodical/ChlQZXJpb2RpY2FsQ0hJTmV3UzIwMjEwMzAyEhRkbHh0anF6ZGh4YjIwMDEwNjAxNBoIczhycmptcGg%3D,"程海花,李晓明,黄军高,张莲梅","年，卷(期)：2001, 13(6)","本文介绍了三种用于电能量计量计费系统的窃电检测的方法:事件检测、单表阀值检测和多表阀值检测.事件检测是通过检测检相关的事件信息来判断是否有窃电发生;单表阀值检测是检测单个电能表上的电压、电流、功率因数或电量增值是否越限或判断是否有窃电现象发生;多表阀值检测是通过从多个电能表上获得的数据计算并检测母线不平衡率、线损、网损是否越限来检测是否有窃电现象发生.稽查工作人员可根据提示信息到有关现场去核实.
","电能量计量计费系统,窃电检测"
电力系统及其自动化学报,基于广义dk-qk旋转坐标变换的谐波电流测方法,http://d.wanfangdata.com.cn/periodical/ChlQZXJpb2RpY2FsQ0hJTmV3UzIwMjEwMzAyEhRkbHh0anF6ZGh4YjIwMDEwMzAwOBoIMmVkbWRjcW4%3D,"张波,易颂文,何晓敏","年，卷(期)：2001, 13(3)","本文提出三相电路广义dk-qk旋转坐标变换理论,发展出一种任意次谐波电流的检测方法.所谓广义dk-qk旋转坐标,系指以第k次待检测谐波电流角频率kw旋转的两相坐标系统.通过广义坐标变换,第k次谐波电流在dk-qk坐标系内成为与角频率无关的直流分量,从而可通过低通滤波及坐标反变换的方法将其检测出来.该方法具有无论三相电路电压是否畸变,理论上都能准确地检测出任意次谐波电流的优点,并可用于基波有功和无功电流的检测.因此,它可应用于电力系统故障检测、保护和电力有源滤波器谐波电流检测中.","广义坐标变换,谐波电流检测,三相电路"
电力系统及其自动化学报,电力系统暂态过程同步记录的研究,http://d.wanfangdata.com.cn/periodical/ChlQZXJpb2RpY2FsQ0hJTmV3UzIwMjEwMzAyEhRkbHh0anF6ZGh4YjIwMDEwMTAwMRoIMmVkbWRjcW4%3D,"曾祥君,尹项根,陈浩,张哲,陈德树,魏丰","年，卷(期)：2001, 13(1)",电力系统暂态保护与控制具有广阔的应用前景，但通常的微机保护及故障录波满足不了其对高速同步采集的要求。文中设计了GPS同步高速采集系统，具有大容量的存储空间，能同步记录电力系统各变电站各种扰动作用下的变化过程。并介绍了基于同步高速采集技术的输电网故障行波定位系统。该技术已通过动模试验，记录准确，性能可靠。,['全球定位系统(GPS) 故障录波 故障定位 继电保护']
电力系统及其自动化学报,电力系统继电保护通用仿真分析系统的方案设计,http://d.wanfangdata.com.cn/periodical/ChlQZXJpb2RpY2FsQ0hJTmV3UzIwMjEwMzAyEhRkbHh0anF6ZGh4YjIwMDEwMjAxMxoIMmVkbWRjcW4%3D,"焦彦军,张新国,王增平,张宏波","年，卷(期)：2001, 13(2)",本文介绍了基于以太网络的电力系统继电保护通用仿真分析系统的设计和应用。该系统采用了数字信号处理器技术、嵌入式PC104系统。可应用于动态模拟试验室进行科学研究，将极大地提高科研效率，减少人力、物力消耗。,"仿真,继电保护,动态模拟,数字信号处理器,PC104"
电力系统及其自动化学报,一种电力系统短期负荷预测的新方法,http://d.wanfangdata.com.cn/periodical/ChlQZXJpb2RpY2FsQ0hJTmV3UzIwMjEwMzAyEhRkbHh0anF6ZGh4YjIwMDEwNDAxMxoIMmVkbWRjcW4%3D,"刘耀年,张文生,张玉霞","年，卷(期)：2001, 13(4)","依据模糊聚类理论,提出一种短期负荷预测的新方法,应用相应的隶属度来描述负荷与影响负荷因素之间的关系.实践表明:该方法可以较多的考虑各种影响因素,从而较大地提高了预测的精度.",['电力系统短期负荷预测模糊聚类隶属度']
电力系统及其自动化学报,基于内点法的快速解耦最优潮流算法,http://d.wanfangdata.com.cn/periodical/ChlQZXJpb2RpY2FsQ0hJTmV3UzIwMjEwMzAyEhRkbHh0anF6ZGh4YjIwMDEwNjAwMxoIMmVkbWRjcW4%3D,"侯芳,吴政球,王良缘","年，卷(期)：2001, 13(6)","在电力市场环境下,最优潮流是计算实时电价的有力工具,因而就对最优潮流的计算速度提出了更高的要求.为适应一需求,本文在常规的内点法最优潮流的基础上提出了快速解耦内点法最优潮流,即把快速解耦的思想引入进来使其修正方程系数矩阵常数化,使每次迭代所需时间大大缩短,显著提高了计算速度.通过测试系统的计算表明该算法具有计算速度快、鲁棒性好的特点.
","内点法,最优潮流,快速解耦,拉格朗日乘子"
电力系统及其自动化学报,基于时域仿真的暂态稳定裕度及其灵敏度解析分析,http://d.wanfangdata.com.cn/periodical/ChlQZXJpb2RpY2FsQ0hJTmV3UzIwMjEwMzAyEhRkbHh0anF6ZGh4YjIwMDEwNjAwMhoIMmVkbWRjcW4%3D,"吴政球,曾少钧","年，卷(期)：2001, 13(6)","结合时域仿真,提出了多机系统中单机加速面积,减速面积计算方法,稳定判据,稳定裕度,不稳定裕度.与传统的时域方法相比,本文方法能减少计算时间,给出丰富的系统稳定信息,本文所提稳定判据与时域仿真所得临界切除时间完全一致.提出了加速面积、减速面积以及减速功率的灵敏度分析方法,能用于经济运行中系统稳定裕度约束和在线稳定监示.
","时域仿真,稳定裕度,不稳定裕度,灵敏度"
电力系统及其自动化学报,用TCSC改善阳城至淮阴输电系统送电能力的研究,http://d.wanfangdata.com.cn/periodical/ChlQZXJpb2RpY2FsQ0hJTmV3UzIwMjEwMzAyEhRkbHh0anF6ZGh4YjIwMDEwNTAxMhoIMmVkbWRjcW4%3D,"王勇,毕胜春,顾丹珍","年，卷(期)：2001, 13(5)","本文就阳城至淮阴远距离输电系统中可控串联补偿装置的应用前景作了简单的分析,提出以两端相角差为控制量的就地控制方式,简化了控制手段.仿真结果表明,可控串补能够较大幅度的提高输电能力,且本文中提出的控制策略对提高系统的暂态稳定性有明显效果.","可控串联补偿,控制策略,暂态稳定"
电力系统及其自动化学报,关于选煤厂漏电保护的研究,http://d.wanfangdata.com.cn/periodical/ChlQZXJpb2RpY2FsQ0hJTmV3UzIwMjEwMzAyEhRkbHh0anF6ZGh4YjIwMDEwNjAxNhoIMmVkbWRjcW4%3D,"樊舜尧,付金施,牛世伟","年，卷(期)：2001, 13(6)","本文在详细分析现有660V选煤厂漏电保护装置的基础上,提出了一种崭新的基于单片机(8031)的智能化两级漏电保护系统的实现原理,并且给出了相应的具体硬件电路设计和软件程序框图.
","选煤厂,智能化,漏电保护,单片机"
电力系统及其自动化学报,合同交易电力市场中固定费用的组合分摊,http://d.wanfangdata.com.cn/periodical/ChlQZXJpb2RpY2FsQ0hJTmV3UzIwMjEwMzAyEhRkbHh0anF6ZGh4YjIwMDEwNTAxNRoIMmVkbWRjcW4%3D,"吴政球,姚建刚","年，卷(期)：2001, 13(5)","本文对现有固定费用分摊方法进行了分析.根据合同交易功率分摊理论,EMS瞬时功率测量,提出了用户对输电设备的MVA积分使用程度概念及其算法.分析了各种方法的适用情况,提出了组合分摊方法,并将其用于合同交易电力市场固定费用的分摊.","电力市场,使用程度,固定费用分摊"
电力系统及其自动化学报,pq分解法中的新谐波检测方法,http://d.wanfangdata.com.cn/periodical/ChlQZXJpb2RpY2FsQ0hJTmV3UzIwMjEwMzAyEhRkbHh0anF6ZGh4YjIwMDEwMzAwMhoIMmVkbWRjcW4%3D,"朱革兰,刘前进,任震","年，卷(期)：2001, 13(3)","本文在分析瞬时无功功率理论亦即pq分解法中瞬时功率特征的基础上,提出了一种改进的谐波检测方法一数字积分滤波器.分析了该滤波器在各种供电系统中的性能,并通过对这一方法和传统的模拟低通滤波器的仿真比较,证明了该数字积分滤波器能提高谐波检测的精度,并满足实时性要求.","瞬时无功功率理论,谐波检测,滤波器"
电力系统及其自动化学报,基于相似日的神经网络短期负荷预测方法,http://d.wanfangdata.com.cn/periodical/ChlQZXJpb2RpY2FsQ0hJTmV3UzIwMjEwMzAyEhRkbHh0anF6ZGh4YjIwMDEwNjAwORoIMmVkbWRjcW4%3D,"姜勇,卢毅","年，卷(期)：2001, 13(6)","人工神经网络是模仿人脑神经元结构、特性和大脑认知功能而构成的新型信号、信息处理系统.本文针对电力负荷短期预测问题,提出了一种基于相似日的神经网络预测方法,采用反向传播算法,考虑气象因素对负荷的影响,提高了学习效能,具有较好的预测精度.本方法很适合在短期负荷预测中使用,预测结果验证了上述结论.
","短期负荷预测,人工神经网络,反向传播"
电力系统及其自动化学报,单亲遗传算法及其在火电厂机组优化组合中的应用,http://d.wanfangdata.com.cn/periodical/ChlQZXJpb2RpY2FsQ0hJTmV3UzIwMjEwMzAyEhRkbHh0anF6ZGh4YjIwMDEwNDAwNRoIMmVkbWRjcW4%3D,['李茂军'],"年，卷(期)：2001, 13(4)","本文首先简单介绍了序号编码的单亲遗传算法,然后针对火电厂发电机组优化组合问题的具体特征,提出了一种实数编码的单亲遗传算法,并构造了两种遗传算子,最后给出了一个计算实例,计算结果表明这种算法是非常有效的.",['单亲遗传算法遗传算法机组优化组合']
电力系统及其自动化学报,一种求解环状配电网潮流的有效算法一两阶段法,http://d.wanfangdata.com.cn/periodical/ChlQZXJpb2RpY2FsQ0hJTmV3UzIwMjEwMzAyEhRkbHh0anF6ZGh4YjIwMDEwNTAwMhoIMmVkbWRjcW4%3D,"陈根军,王磊,唐国庆","年，卷(期)：2001, 13(5)","本文提出了一种求解环状配电网潮流问题的有效新算法一两阶段法.首先,介绍了辐射状配电网的前代/回代潮流算法.然后,基于辐射状配电网的前代/回代潮流算法和多端口补偿理论,详细阐述了本文所提出的求解环状配电网潮流的两阶段法.在第一阶段中,通过解环,将环状配电网转化为辐射状配电网,并应用前代/回代潮流算法求出该辐射状配电网的潮流,从而得到断点电流.在第二阶段,断点的注入电流被更新,并重新应用前代/回代潮流算法来求解当前辐射状配电网的潮流,所得潮流即为原环状配电网的潮流.为了证明本文提出的方法的有效性,本文采用了两个不同规模的算例系统进行了验证,给出了结果,并与另外一种方法进行比较.","两阶段法,多端口补偿理论,前代/回代法,负荷潮流"
电力系统及其自动化学报,关于全国联网的几点想法,http://d.wanfangdata.com.cn/periodical/ChlQZXJpb2RpY2FsQ0hJTmV3UzIwMjEwMzAyEhRkbHh0anF6ZGh4YjIwMDEwMjAxNhoIMmVkbWRjcW4%3D,"张红先,熊信艮","年，卷(期)：2001, 13(2)",全国联网问题是一个系统而庞大的工程，近年来随着三峡的建成.该问题的解决就已迫在眉睫。文章存充分考虑我国电力系统现状的基础上。对我国联网进行综合分析得出了我国联网的网架和交直流的台理选择方案.本文还论述了诸如联网效益、联网方案评价、联网存在的问题等内容。,['全国联网效益电力系统网架方案']
电力系统及其自动化学报,基于门限小波包的负荷预测方法的研究(二)短期负荷预测,http://d.wanfangdata.com.cn/periodical/ChlQZXJpb2RpY2FsQ0hJTmV3UzIwMjEwMzAyEhRkbHh0anF6ZGh4YjIwMDEwNTAxMxoIMmVkbWRjcW4%3D,['唐忠'],"年，卷(期)：2001, 13(5)","根据对电力负荷曲线的分析研究得知:短期负荷曲线具有周期规律性和波动性.而门限小波包既可以自定义自变量域来对应其周期规律性,又可以因其具有良好的局部性来准确描述其波动性,依此建立了基于门限小波包的短期负荷预测模型,并提出了随机调整函数的概念,得到满意的预测结果.","短期负荷预测,门限小波包,规律函数,随机调,整函数"
电力系统及其自动化学报,电力市场条件下的实时调度支持系统,http://d.wanfangdata.com.cn/periodical/ChlQZXJpb2RpY2FsQ0hJTmV3UzIwMjEwMzAyEhRkbHh0anF6ZGh4YjIwMDEwNDAxNxoIMmVkbWRjcW4%3D,"王雁凌,谢莉,张粒子","年，卷(期)：2001, 13(4)","针对目前我国省级电网公司的调度部门在制定实时校正计划时,没有考虑电厂实时竞价的经济因素,并且无法充分有效地利用众多的系统信息的现状,提出了适应电力市场条件下的实时校正计划分短期实时校正和实时在线校正的两步走思想;并设计了友好的界面方式,既便于调度员充分利用系统信息,又能够充分利用调度员丰富的经验;采用面向对象的编程技术,利用delphi5.0编制了在电力市场条件下的实时调度支持系统软件.",['电力市场实时调度短期实时校正实时在线校正']
电力系统及其自动化学报,自励式励磁系统在系统频率偏移时的误差分析,http://d.wanfangdata.com.cn/periodical/ChlQZXJpb2RpY2FsQ0hJTmV3UzIwMjEwMzAyEhRkbHh0anF6ZGh4YjIwMDEwNTAxNhoIMmVkbWRjcW4%3D,"徐建强,姜惠兰,王玉生","年，卷(期)：2001, 13(5)","本文针对数字式同步发电机自并励静止整流器励磁控制系统,研究了电力系统频率偏移对励磁控制的影响,导出了调节励磁电压的误差随频率偏移的变化规律,并提出了对励磁调节误差进行校正的方法.通过仿真证明了该研究的正确性和校正方法的有效性.","同步发电机,励磁系统,频率偏移,傅氏滤波"
电力系统及其自动化学报,基于粗糙集理论的变压器故障分类,http://d.wanfangdata.com.cn/periodical/ChlQZXJpb2RpY2FsQ0hJTmV3UzIwMjEwMzAyEhRkbHh0anF6ZGh4YjIwMDEwNTAwMRoIMmVkbWRjcW4%3D,"袁保奎,郭基伟,唐国庆,卢毅","年，卷(期)：2001, 13(5)","变压器发生故障时会出现多种征兆信息.由于征兆项目的繁杂和变压器故障类型的多样,利用专家系统难以全面确定变压器的故障性质及可能存在故障的变压器元件,特别对复合故障,更是无法处理.本文应用粗糙集理论中的决策表简化方法,将同样的决策基于更少量的条件,提出一个变压器故障分类规则的形成方法.","变压器,故障分类,粗糙集"
电力系统及其自动化学报,模糊神经网络在区分电力系统故障和振荡中的应用,http://d.wanfangdata.com.cn/periodical/ChlQZXJpb2RpY2FsQ0hJTmV3UzIwMjEwMzAyEhRkbHh0anF6ZGh4YjIwMDEwMzAxNRoIMmVkbWRjcW4%3D,"范春菊,张兆宁,郁惟镛,邱双平","年，卷(期)：2001, 13(3)","根据电力系统发生故障和振荡时母线处获得的信号的特点,提出了用模糊神经网络来识别电力系统振荡与故障的模型和算法.经EMTP仿真表明,该方法能够很好地识别振荡与故障,而且计算和响应速度快.另外,系统正在振荡时又发生故障,本文提出的模糊神经网络的模型及算法也能正确区分出故障.缺点是需要经过大量的训练,但是由于是离线训练,不影响此方法的实时应用.","故障识别,振荡,模糊控制,神经网络"
电力系统及其自动化学报,TSP的混合遗传算法一人工神经网络模型,http://d.wanfangdata.com.cn/periodical/ChlQZXJpb2RpY2FsQ0hJTmV3UzIwMjEwMzAyEhRkbHh0anF6ZGh4YjIwMDEwMzAwNhoIMmVkbWRjcW4%3D,"顾洁,范春菊","年，卷(期)：2001, 13(3)","电网规划问题的优化模型可以经过适当的加工简化最终归结为TSP类型问题.遗传算法和人工神经网络作为对自然界生物进化和人脑思维结构进行模拟抽象的两个仿真过程,随着各种软硬件技术和计算机并行处理能力的提高,已获得广泛的重视,并取得了较好的实用效果.本文对人工神经网络和遗传算法进行了大量分析,将二者结合起来用于组合优化问题的典型代表TSP的求解,提出了基于混合ANN和GAs的TSP问题模型,该模型具有收敛快,计算过程简单,同时可提供几个较优解以供参考的特点.","遗传算法,人工神经网络,Hopfield,网络,TSP"
电力系统及其自动化学报,基于COM技术的规约插件的设计与实现,http://d.wanfangdata.com.cn/periodical/ChlQZXJpb2RpY2FsQ0hJTmV3UzIwMjEwMzAyEhRkbHh0anF6ZGh4YjIwMDEwNDAxNBoIMmVkbWRjcW4%3D,"贾春娟,张慧莉","年，卷(期)：2001, 13(4)","针对SCADA系统中远动规约标准不统一,提出基于COM技术的规约插件的设计与实现原理.采用这种设计模式,为SCADA系统中多厂家RTU的集成、多种远动规约的集成提供了方便、灵活的解决方案.",['规约插件COM技术']
电力系统及其自动化学报,可控串补自适应模糊阻尼控制策略的设计与仿真,http://d.wanfangdata.com.cn/periodical/ChlQZXJpb2RpY2FsQ0hJTmV3UzIwMjEwMzAyEhRkbHh0anF6ZGh4YjIwMDEwNjAwNxoIMmVkbWRjcW4%3D,"律方成,梁志瑞,陈志业","年，卷(期)：2001, 13(6)","通过对含可控串补(TCSC)系统阻尼特性的分析,依据运行点位置和偏差大小对清晰化过程和控制策略进行自适应调整,提出了TCSC自适应模糊阻尼控制策略的设计方法.通过对系统在不同负荷水平及不同干扰下的时域仿真,表明了所提出的自适应模糊阻尼控制策略具有良好的鲁棒性.
","可控串补,阻尼控制,自适应模糊控制,时域仿真"
电力系统及其自动化学报,电力市场中现货电价的分析,http://d.wanfangdata.com.cn/periodical/ChlQZXJpb2RpY2FsQ0hJTmV3UzIwMjEwMzAyEhRkbHh0anF6ZGh4YjIwMDEwNjAxNxoIMmVkbWRjcW4%3D,"李灿,龚乐年,宋燕敏,喻洁","年，卷(期)：2001, 13(6)",本文以浙江电力市场的实际运行数据为基础，对电力市场中的现货电价进行了统计分析。解释了电力市场中电价的一些导演波动现象，包括负电价、零电价出现的原因。研究了最高限价出现的频率及其与系统负荷的关系，并从“市场势力”的角度分析了统计结果。发现交易日与交易日之间各时段电价变化的相关程度较高，并由此探讨了进行短期电价预测的可能性。另外，评估了浙江电力市场现货电价的总体水平及整个市场的运行状况。,"电力市场,市场势力,系统边际电价"
电力系统及其自动化学报,电网静态模拟系统的计算机监控,http://d.wanfangdata.com.cn/periodical/ChlQZXJpb2RpY2FsQ0hJTmV3UzIwMjEwMzAyEhRkbHh0anF6ZGh4YjIwMDEwMTAwMxoIMmVkbWRjcW4%3D,"潘贞存,高厚磊,王新超,王葵","年，卷(期)：2001, 13(1)",电力系统静态模拟系统是一种十分重要的仿真实验设备，在电力类高校和研究机关中得到了普遍的应用。到目前为止，静模系统的监控手段大都比较落后、设备复杂、维护因难、使用不便，限制了这一技术的进一步发展和应用。本文在总结前人工作的基础上，设计出了以高性能工业控制机、PLC可编程逻控制器、NI多功能数据采集板为硬件核心，以虚拟仪器编程环境Lab-Windows为软件平台的静模计算机监控系统，解决了现有静模系统存在的种种问题，大大提高了静模系统的性能指标。,"电力系统,静态模拟,计算机监控,虚拟仪器"
电力系统及其自动化学报,基于模糊算法的高精度温度控制系统,http://d.wanfangdata.com.cn/periodical/ChlQZXJpb2RpY2FsQ0hJTmV3UzIwMjEwMzAyEhRkbHh0anF6ZGh4YjIwMDEwNDAxNhoIMmVkbWRjcW4%3D,"刘新平,李宗民,纪友芳,孙士明","年，卷(期)：2001, 13(4)","本文介绍了一种用8032单片机实现的高精度水浴温度模糊控制系统,给出了该系统的硬件及软件设计方案,控制方法是在常规模糊控制的基础上增加了动态补偿及反馈调节环节,既简化了多变量模糊控制器设计,又提高了控制精度.实际运行结果表明,其控制效果良好.",['单片机模糊控制动态补偿']
电力系统及其自动化学报,《电机学》课程教学改革探讨与实践,http://d.wanfangdata.com.cn/periodical/ChlQZXJpb2RpY2FsQ0hJTmV3UzIwMjEwMzAyEhRkbHh0anF6ZGh4YjIwMDEwNTAyMRoIMmVkbWRjcW4%3D,"肖鸿杰,宋金煜,韦钢","年，卷(期)：2001, 13(5)","本文介绍上海电力学院电力工程系<电机学>课程综合改革的措施及其实施,探讨如何加强学生能力的培养.","教学改革,能力培养,电机学,控制电机"
电力系统及其自动化学报,变压器分接头位置的估计,http://d.wanfangdata.com.cn/periodical/ChlQZXJpb2RpY2FsQ0hJTmV3UzIwMjEwMzAyEhRkbHh0anF6ZGh4YjIwMDEwMzAxOBoIMmVkbWRjcW4%3D,"杨华,王良","年，卷(期)：2001, 13(3)","本文提出一种新的变压器档位估计方法.它在现有的快速分解状态估计法的基础上,利用增广状态估计法解决了实际运行中变压器档位估计问题.它的有效性已经在实际应用中得到证明.","增广状态估计,快速分解状态估计,变压器档位估计"
电力系统及其自动化学报,面向对象数据库及其在电力系统中的应用,http://d.wanfangdata.com.cn/periodical/ChlQZXJpb2RpY2FsQ0hJTmV3UzIwMjEwMzAyEhRkbHh0anF6ZGh4YjIwMDEwMTAxMBoIMmVkbWRjcW4%3D,"刘艳,韩肖清","年，卷(期)：2001, 13(1)",本文通过对比介绍了面向对象数据库(OODB)技术的概念及其特点，综述了OODB在电力系统中的应用，同时提出了电力系统OODB的一般实现方法和有待解决的问题。,['面向对象技术(OOT) 面向对象数据库 电力系统']
电力系统及其自动化学报,电力系统可视化图形生成系统,http://d.wanfangdata.com.cn/periodical/ChlQZXJpb2RpY2FsQ0hJTmV3UzIwMjEwMzAyEhRkbHh0anF6ZGh4YjIwMDEwNTAwORoIMmVkbWRjcW4%3D,"刘秀玲,陈超英,常光宇","年，卷(期)：2001, 13(5)","近些年来,计算机在电力系统中的应用越来越广泛,而电力系统的网络图形又是电力系统分析的基础,所以人们开始研究应用于电力系统的图形系统.在总结前人经验的基础上,本文开发了一套能自动形成网络拓扑结构和潮流结构的绘图系统.本绘图系统可以应用于操作票自动生成系统,又可应用到可视性潮流计算和短路计算中,它是电力系统计算机图形分析的基础和工具.","图形系统,拓扑结构,潮流结构"
电力系统及其自动化学报,电气设备课程及设计辅助教学软件,http://d.wanfangdata.com.cn/periodical/ChlQZXJpb2RpY2FsQ0hJTmV3UzIwMjEwMzAyEhRkbHh0anF6ZGh4YjIwMDEwNjAxOBoIMmVkbWRjcW4%3D,"潘文霞,史林军,潘学萍,高志勇,李杰","年，卷(期)：2001, 13(6)","在计算机广泛普及的今天,根据电气设备课程及设计教学的需要,编制、完成了电气设备课程及设计辅助教学软件.该软件使用方便,实月性强,为电气设备课程及设计的教学起到了很好的辅助作用.
","电气设备,数据库,课程设计,教学软件"
电力系统及其自动化学报,电能量计量计费系统通信效率的研究,http://d.wanfangdata.com.cn/periodical/ChlQZXJpb2RpY2FsQ0hJTmV3UzIwMjEwMzAyEhRkbHh0anF6ZGh4YjIwMDEwNjAxMxoIMmVkbWRjcW4%3D,"黄军高,李晓明,程海花,胡启平","年，卷(期)：2001, 13(6)","针对地(市)级电能量计量计费系统中由于数据量较大和串行通信本身的特点而影响了系统的可靠性和通信效率的问题,本文从硬件结构和程序实现上提出了一种基于网络的远程抄表通信机制.这种通信机制的采用大大提高了该系统的可靠性和通信效率.
","电能量计量计费系统,串行通信,可靠性,通信,效率,多线程技术"
电力系统及其自动化学报,基于PWM控制的并联型有源电力滤波器的MATLAB仿真研究,http://d.wanfangdata.com.cn/periodical/ChlQZXJpb2RpY2FsQ0hJTmV3UzIwMjEwMzAyEhRkbHh0anF6ZGh4YjIwMDEwMzAwORoIMmVkbWRjcW4%3D,"查晓明,王瑾,伍晓峰,陈允平","年，卷(期)：2001, 13(3)","本文介绍了新型电能质量调节器的基本思想及其并联部分的基本原理、控制策略和具体实现,给出了并联有源滤波器的仿真模型以及当PWM脉冲受到扰动时的仿真结果.","统一电能质量调节器,有源滤波器,脉宽调制MATLAB"
电力系统及其自动化学报,统一潮流控制器功率控制特性的分析,http://d.wanfangdata.com.cn/periodical/ChlQZXJpb2RpY2FsQ0hJTmV3UzIwMjEwMzAyEhRkbHh0anF6ZGh4YjIwMDEwNDAwMRoIMmVkbWRjcW4%3D,"叶鹏,宋家骅","年，卷(期)：2001, 13(4)","统一潮流控制器(UPFC)的控制规律的求取是UPFC装置实现其功能的关键.而研究UPFC的功率特性是解决UPFC控制问题的前提.本文通过控制量与被控制量之间灵敏度分析的方法.分析了UPFC的功率控制特性和多个UPFC功率特性间的相互影响.通过实际潮流计算结果和线性化后所得结果的数值比较,表明了所选取的UPFC的控制变量对电力系统的潮流控制作用趋向于线性.",['统一潮流控制器功率特性灵敏度']
电力系统及其自动化学报,三相电路瞬时无功功率分析与计算,http://d.wanfangdata.com.cn/periodical/ChlQZXJpb2RpY2FsQ0hJTmV3UzIwMjEwMzAyEhRkbHh0anF6ZGh4YjIwMDEwMTAwNRoIMmVkbWRjcW4%3D,"熊元新,陈允平","年，卷(期)：2001, 13(1)",本文根据正弦瞬时功率的定义，通过定义无功功率电流的方法给出了正弦电路瞬时无功功率的定义，并将正弦瞬时无功功率的定义应用到三相电路，计算且分析了三相电路瞬时无功功率和平均无功功率。,"无功功率,无功电流"
电力系统及其自动化学报,农村配变电能计量控制管理系统,http://d.wanfangdata.com.cn/periodical/ChlQZXJpb2RpY2FsQ0hJTmV3UzIwMjEwMzAyEhRkbHh0anF6ZGh4YjIwMDEwMjAwNxoIMmVkbWRjcW4%3D,['苏建元'],"年，卷(期)：2001, 13(2)",指出了在普通配变电能计量箱中增加IC卡预付费控制功能是一种新型的适合我国国情的农村电能计量控制方式，介绍了农村配变电能计量控制管理系统的结构、主要功能、设计要求，着重讨论了采用软件握手方法编制通信程序的思路、优点和实际效果，该系统特别适用于当前的农网改造和西部大开发。,['农村电能计量管理系统IC卡软件握手WIN32API']
电力系统及其自动化学报,湖南模拟电力市场输电费用计算系统,http://d.wanfangdata.com.cn/periodical/ChlQZXJpb2RpY2FsQ0hJTmV3UzIwMjEwMzAyEhRkbHh0anF6ZGh4YjIwMDEwNjAxNRoIMmVkbWRjcW4%3D,"冯林桥,顾晓辉,伍瑞,顾振琴","年，卷(期)：2001, 13(6)",本文介绍了“湖南模拟电力市场输电费用计算系统”的数学模型、整体设计方案及功能特点。该系统充分利用了现有的SCADA/EMS资源，以WINDOWS NT为开发平台，以VC和VB语言SQL SERVER数据库为开发工具。在线实际运行表明该系统结构合理，使用方便，能满足电力市场电网调度管理的需要。,"电力市场,输电费用分配,实时网损计算"
电力系统及其自动化学报,配电系统串联型电能质量补偿器的研究,http://d.wanfangdata.com.cn/periodical/ChlQZXJpb2RpY2FsQ0hJTmV3UzIwMjEwMzAyEhRkbHh0anF6ZGh4YjIwMDEwMzAwNRoIMmVkbWRjcW4%3D,"赵剑锋,蒋平,唐国庆","年，卷(期)：2001, 13(3)","本文介绍了配电系统串联型电能质量补偿器的构成及其工作原理.为了克服以往一些检测方法的缺陷和快速、准确地检测出电网电压的降落、升高、不对称以及谐波等各种干扰,提出了一种以广义瞬时无功理论为基础的改进的检测方法.仿真及实验结果表明,以该检测方法为基础的串联型电能质量补偿器可以有效地补偿电网中的各种干扰,提高负载侧的电能质量.它将是解决配网电能质量问题的一种十分有发展前途的技术.","配电系统,串联型电能质量补偿器,广义瞬时无功理论,电能质量"
电力系统及其自动化学报,基于模糊集理论变压器微机差动保护系统构成,http://d.wanfangdata.com.cn/periodical/ChlQZXJpb2RpY2FsQ0hJTmV3UzIwMjEwMzAyEhRkbHh0anF6ZGh4YjIwMDEwMzAwMxoIMmVkbWRjcW4%3D,"徐建政,王广延","年，卷(期)：2001, 13(3)","本文介绍一种用双机CPU构成的基于模糊集理论的双绕组变压器微机差动保护装置.高性能单片机87C552和DSP器件TMS320C30通过双口RAM芯片IDT7132等构成一个高功效的微机控制系统.该差动保护动作判据集标积制动原理和突变量原理为一体,由程序适时计算修正模糊控制系数,可以保证在区内故障时,尤其是在匝间短路时具有较高的灵敏度,在区外故障时能可靠的不动作.","模糊系数,突变量,DSP器件,差动保护"
电力系统及其自动化学报,一种基于模糊控制的电压校正策略,http://d.wanfangdata.com.cn/periodical/ChlQZXJpb2RpY2FsQ0hJTmV3UzIwMjEwMzAyEhRkbHh0anF6ZGh4YjIwMDEwNjAwOBoIMmVkbWRjcW4%3D,['章姝俊'],"年，卷(期)：2001, 13(6)","本文介绍了一种用模糊集理论来进行无功控制和提高电压安全性的方法.利月模糊集理论把节点电压的越限以及控制设备的控制能力用隶属函数表示,先用模糊集的最小运算得到一个较为灵活的解空间,然后再用模糊集的最大运算得到优化方案,最后根据最优解修正控制变量值,直到所有的节点电压值都达到理想的水平为止.通过对一个5节点系统的计算,表明了这种方法是有效的,在电压无功控制方面有良好的灵活性和适应性.
","电压无功控制,模糊集理论,模糊控制,隶属函数"
电力系统及其自动化学报,电网谐波实时监测系统,http://d.wanfangdata.com.cn/periodical/ChlQZXJpb2RpY2FsQ0hJTmV3UzIwMjEwMzAyEhRkbHh0anF6ZGh4YjIwMDEwMjAwOBoIMmVkbWRjcW4%3D,"殷小贡,赵志敏","年，卷(期)：2001, 13(2)",本文以16位单片机80C196KＣ为核心，研究了一种满足无人值班环境要求的谐波实时监测装置。谐波分析算法采用快速抗混叠付里叶变换算法FAFT。该装置具有“本地”和“远方”二种工作方式，可通过电力载波或微波信道与监测中心通信。,['谐波监测算法数据通信80C196']
电力系统及其自动化学报,熵原理及其在电力系统可靠性中的应用,http://d.wanfangdata.com.cn/periodical/ChlQZXJpb2RpY2FsQ0hJTmV3UzIwMjEwMzAyEhRkbHh0anF6ZGh4YjIwMDEwMzAxMRoIMmVkbWRjcW4%3D,"李志民,李卫星,李勃龙","年，卷(期)：2001, 13(3)","本文详细阐述了熵最大原理及其与电力系统的密切关系,并根据熵最大原理和概率论的有关知识,构造了条件约下的增广熵函数.基于此,推导出一系列电力系统可靠性指标的计算公式.总结并指出熵原理在电力系统可靠性分析、预测、评估、优化和控制等研究领域的应用前景.","电力系统,熵原理,可靠性,概率密度"
