经济研究,Economic Research Journal,Jing Ji Yan Jiu
中国工业经济,China Industrial Economics  중국공업경제,Zhong Guo Gong Ye Jing Ji
金融研究,Journal of Financial Research,Jin Rong Yan Jiu
中国农村经济,Chinese Rural Economy,Zhong Guo Nong Cun Jing Ji
管理世界,Management World,Guan Li Shi Jie
公共管理学报,Journal of Public Management  공공관리학보,Gong Gong Guan Li Xue Bao
会计研究,Accounting Research  회계구,Hui Ji Yan Jiu
世界经济,The Journal of World Economy  세계경제,Shi Jie Jing Ji
经济学（季刊）,China Economic Quarterly,Jing Ji Xue （ Ji Kan ）
南开管理评论,Nankai Business Review  남개관리평론,Nan Kai Guan Li Ping Lun
农业经济问题,Issues in Agricultural Economy  농업경제문제,Nong Ye Jing Ji Wen Ti
中国农村观察,China Rural Survey,Zhong Guo Nong Cun Guan Cha
管理学刊,Journal of Management  관리학간,Xin Xiang Jiao Yu Xue Yuan Xue Bao
审计研究,Auditing Research,Shen Ji Yan Jiu
中国软科学,China Soft Science  중국연과학,Zhong Guo Ruan Ke Xue
中国流通经济,China Business and Market  중국류통경제,Zhong Guo Liu Tong Jing Ji
经济学家,Economist  경제학가,Jing Ji Xue Jia
数量经济技术经济研究,The Journal of Quantitative & Technical Economics  수량경제기술경제구,Shu Liang Jing Ji Ji Shu Jing Ji Yan Jiu
旅游学刊,Tourism Tribune  려유학간,Lu You Xue Kan
经济地理,Economic Geography  경제지리,Jing Ji Di Li
广东财经大学学报,Journal of Guangdong University of Finance & Economics  광동상학원학보,Guang Dong Shang Xue Yuan Xue Bao
中国土地科学,China Land Science  중국토지과학,Zhong Guo Tu Di Ke Xue
管理科学,Journal of Management Science  관리과학,Guan Li Ke Xue
国际金融研究,Studies of International Finance,Guo Ji Jin Rong Yan Jiu
财贸经济,Finance & Trade Economics,Cai Mao Jing Ji
审计与经济研究,Audit & Economy Research  심계여경제구,Shen Ji Yu Jing Ji Yan Jiu
世界经济与政治,World Economics and Politics,Shi Jie Jing Ji Yu Zheng Zhi
产业经济研究,Industrial Economics Research  업경제구,Chan Ye Jing Ji Yan Jiu
改革,Reform,Gai Ge
经济管理,Economic Management Journal,Jing Ji Guan Li
财经研究,Journal of Finance and Economics  재경구,Cai Jing Yan Jiu
金融监管研究,Financial Regulation Research,Jin Rong Jian Guan Yan Jiu
管理评论,Management Review,Guan Li Ping Lun
财政研究,Public Finance Research,Cai Zheng Yan Jiu
国际贸易问题,Journal of International Trade  국제무역문제,Guo Ji Mao Yi Wen Ti
农业技术经济,Journal of Agrotechnical Economics  농업기술경제,Nong Ye Ji Shu Jing Ji
中国管理科学,Chinese Journal of Management Science  중국관리과학,Zhong Guo Guan Li Ke Xue
南开经济研究,Nankai Economic Studies  남개경제구,Nan Kai Jing Ji Yan Jiu
山西财经大学学报,Journal of Shanxi Finance and Economics University  산서재경대학학보,Shan Xi Cai Jing Da Xue Xue Bao
经济评论,Economic Review,Jing Ji Ping Lun
管理科学学报,Journal of Management Sciences in China  관리과학학보,Guan Li Ke Xue Xue Bao
农村经济,Rural Economy  농촌경제,Nong Cun Jing Ji
船舶物资与市场,Marine Equipment/Materials & Marketing  선박물자여시장,Chuan Bo Wu Zi Yu Shi Chang
金融论坛,Finance Forum  김융론단,Jin Rong Lun Tan
经济纵横,Economic Review  경제종횡,Jing Ji Zong Heng
研究与发展管理,R & D Management  구여발전관리,Yan Jiu Yu Fa Zhan Guan Li
现代经济探讨,Modern Economic Research  현대경제탐토,Xian Dai Jing Ji Tan Tao
中国农业资源与区划,Chinese Journal of Agricultural Resources and Regional Planning  중국농업자원여구획,Zhong Guo Nong Ye Zi Yuan Yu Qu Hua
经济科学,Economic Science,Jing Ji Ke Xue
外国经济与管理,Foreign Economies & Management  외국경제여관리,Wai Guo Jing Ji Yu Guan Li
经济学动态,Economic Perspectives,Jing Ji Xue Dong Tai
管理学报,Chinese Journal of Management  관리학보,Guan Li Xue Bao
新经济导刊,New Economy Weekly  신경제도간,Xin Jing Ji Dao Kan
宏观经济管理,Macroeconomic Management  굉관경제관리,Hong Guan Jing Ji Guan Li
统计研究,Statistical Research  통계구,Tong Ji Yan Jiu
工程管理学报,Journal of Engineering Management  공정관리학보,Jian Zhu Guan Li Xian Dai Hua
经济问题,On Economic Problems  경제문제,Jing Ji Wen Ti
世界经济研究,World Economy Study  세계경제구,Shi Jie Jing Ji Yan Jiu
财经科学,Finance & Economics  재경과학,Cai Jing Ke Xue
建筑经济,Construction Economy  건축경제,Jian Zhu Jing Ji
南方金融,South China finance  남방김융,Nan Fang Jin Rong
经济,Economy  경제,Jing Ji
当代财经,Contemporary Finance & Economics  당대재경,Dang Dai Cai Jing
经济社会体制比较,Comparative Economic and Social Systems  경제사회체제비교,Jing Ji She Hui Ti Zhi Bi Jiao
金融经济学研究,Journal of Finance and Economics  광동김융학원학보,Guang Dong Jin Rong Xue Yuan Xue Bao
贵州财经大学学报,Journal of Guizhou University of Finance and Economics  귀주재경학원학보,Gui Zhou Cai Jing Xue Yuan Xue Bao
经济理论与经济管理,Economic Theory and Business Management  경제리론여경제관리,Jing Ji Li Lun Yu Jing Ji Guan Li
当代经济科学,Modern Economic Science  당대경제과학,Dang Dai Jing Ji Ke Xue
宏观经济研究,Scientific Management Research,Hong Guan Jing Ji Yan Jiu
北京工商大学学报（社会科学版）,Journal of Beijing Technology and Business University(Social Sciences)  북경공상대학학보（사회과학판）,Bei Jing Gong Shang Da Xue Xue Bao （ She Hui Ke Xue Ban ）
地域研究与开发,Areal Research and Development  지역구여개발,Di Yu Yan Jiu Yu Kai Fa
江西财经大学学报,Journal of Jiangxi University of Finance and Economics  강서재경대학학보,Jiang Xi Cai Jing Da Xue Xue Bao
中央财经大学学报,Journal of Central University of Finance & Economics  ,Zhong Yang Cai Jing Da Xue Xue Bao
西南金融,Southwest Finance  서남김융,Xi Nan Jin Rong
经济与管理研究,Research on Economics and Management  경제여관리구,Jing Ji Yu Guan Li Yan Jiu
教育财会研究,Studies of Finance and Accounting in Education  육재회구,Jiao Yu Cai Hui Yan Jiu
上海财经大学学报（哲学社会科学版）,Journal of Shanghai University of Finance and Economics  상해재경대학학보（철학사회과학판）,Shang Hai Cai Jing Da Xue Xue Bao （ Zhe Xue She Hui Ke Xue Ban ）
经济问题探索,Inquiry Into Economic Issues  경제문제탐색,Jing Ji Wen Ti Tan Suo
南京审计大学学报,Journal of Nanjing Audit University  남경심계학원학보,Nan Jing Shen Ji Xue Yuan Xue Bao
管理工程学报,Journal of Industrial Engineering and Engineering Management  관리공정학보,Guan Li Gong Cheng Xue Bao
中国经济问题,Economic Issues in China,Zhong Guo Jing Ji Wen Ti
会计之友,Friends of Accounting  회계지우,Hui Ji Zhi You
上海经济研究,Shanghai Economic Review  상해경제구,Shang Hai Jing Ji Yan Jiu
商业经济与管理,Journal of Business Economics  상업경제여관리,Shang Ye Jing Ji Yu Guan Li
国际经贸探索,International Economics and Trade Research  국제경무탐색,Guo Ji Jing Mao Tan Suo
经济与管理评论,Review of Economy and Management  산동경제,Shan Dong Jing Ji
农产品质量与安全,Quality And Safety Of Agro-Products  농품질량여안전,Nong Ye Zhi Liang Biao Zhun
旅游科学,Tourism Science  려유과학,Lu You Ke Xue
国际经济评论,International Economic Review  국제경제평론,Guo Ji Jing Ji Ping Lun
财经问题研究,Research on Financial and Economic Issues  재경문제구,Cai Jing Wen Ti Yan Jiu
经济体制改革,Reform of Economic System,Jing Ji Ti Zhi Gai Ge
农业经济与管理,Agricultural Economics and Management  농업경제여관리,Yu Ye Jing Ji Yan Jiu
当代经济管理,Contemporary Economic Management  당대경제관리,Dang Dai Jing Ji Guan Li
人口与发展,Population and Development  인구여발전,Ren Kou Yu Fa Zhan
软科学,Soft Science  연과학,Ruan Ke Xue
经济与管理,Economy and Management  경제여관리,Jing Ji Yu Guan Li
世界经济文汇,World Economic Papers  세계경제문회,Shi Jie Jing Ji Wen Hui
财贸研究,Finance and Trade Research  재무구,Cai Mao Yan Jiu
城市问题,Urban Problems  성시문제,Cheng Shi Wen Ti
税务研究,Taxation Research,Shui Wu Yan Jiu
中南财经政法大学学报,Journal of Zhongnan University of Economics and Law  중남재경정법대학학보,Zhong Nan Cai Jing Zheng Fa Da Xue Xue Bao
国际贸易,Intertrade  국제무역,Guo Ji Mao Yi
林业经济问题,Problems of Forestry Economics  림업경제문제,Lin Ye Jing Ji Wen Ti
证券市场导报,Securities Market Herald  증권시장도보,Zheng Quan Shi Chang Dao Bao
会计与经济研究,Accounting and Economics Research  상해립신회계학원학보,Shang Hai Li Xin Hui Ji Xue Yuan Xue Bao
世界经济与政治论坛,Forum of World Economy & Politics  세계경제여정치론단,Shi Jie Jing Ji Yu Zheng Zhi Lun Tan
西部论坛,Journal of Chongqing Technology and Business University(West Forum)  서부론단,Chong Qing Gong Shang Da Xue Xue Bao （ Xi Bu Lun Tan ）
保险研究,Insurance Studies,Bao Xian Yan Jiu
财会月刊,Finance and Accounting Monthly  재회월간（회계판）,Cai Hui Yue Kan （ Hui Ji Ban ）
湖南财政经济学院学报,Journal of Hunan Finance and Economics University  호남재정경제학원학보,Hu Nan Cai Jing Gao Deng Zhuan Ke Xue Xiao Xue Bao
财经理论与实践,The Theory and Practice of Finance and Economics  재경리론여실천,Cai Jing Li Lun Yu Shi Jian
华东经济管理,East China Economic Management  화동경제관리,Hua Dong Jing Ji Guan Li
经济经纬,Economic Survey  경제경위,Jing Ji Jing Wei
技术经济,Technology Economics  기술경제,Ji Shu Jing Ji
环境经济研究,Huan Jing Jing Ji Yan Jiu
技术经济与管理研究,Technoeconomics & Management Research  기술경제여관리구,Ji Shu Jing Ji Yu Guan Li Yan Jiu
中国农业科技导报,Journal of Agricultural Science and Technology  중국농업과기도보,Zhong Guo Nong Ye Ke Ji Dao Bao
国际商务研究,International Business Research  국제상무구,Guo Ji Shang Wu Yan Jiu
数理统计与管理,Jouranl of Applied Statistics and Management  수리통계여관리,Shu Li Tong Ji Yu Guan Li
国际商务-对外经济贸易大学学报,International Business,Guo Ji Shang Wu - Dui Wai Jing Ji Mao Yi Da Xue Xue Bao
金融评论,Chinese Review of Financial Studies  김융평론,Jin Rong Ping Lun
价格理论与实践,Price:Theory & Practice,Jia Ge Li Lun Yu Shi Jian
中国矿业,China Mining Magazine  중국업,Zhong Guo Kuang Ye
小城镇建设,Development of Small Cities & Towns  소성건설,Xiao Cheng Zhen Jian She
统计与信息论坛,Statistics & Information Forum  통계여신식론단,Tong Ji Yu Xin Xi Lun Tan
财经理论研究,Journal of Finance and Economics Theory  내몽고재경학원학보,Nei Meng Gu Cai Jing Xue Yuan Xue Bao
生态经济,Ecological Economy  생태경제,Sheng Tai Jing Ji
工业技术经济,Industrial Technology & Economy  공업기술경제,Gong Ye Ji Shu Jing Ji
哈尔滨商业大学学报（社会科学版）,Journal of Harbin University of Commerce(Social Science Edition)  합이빈상업대학학보（사회과학판）,Ha Er Bin Shang Ye Da Xue Xue Bao （ She Hui Ke Xue Ban ）
工业工程与管理,Industrial Engineering and Management  공업공정여관리,Gong Ye Gong Cheng Yu Guan Li
现代财经－天津财经大学学报,Modern Finance and Economics-Journal of Tianjin University of Finance and Economics  현대재경천진재경대학학보,Xian Dai Cai Jing － Tian Jin Cai Jing Da Xue Xue Bao
亚太经济,Asia-Pacific Economic Review  아태경제,Ya Tai Jing Ji
现代日本经济,Contemporary Economy of Japan  현대일본경제,Xian Dai Ri Ben Jing Ji
农业经济,Agricultural Economy  농업경제,Nong Ye Jing Ji
中国能源,Energy of China  중국능원,Zhong Guo Neng Yuan
新金融,New Finance  신김융,Xin Jin Rong
科技管理研究,Science and Technology Management Research  과기관리구,Ke Ji Guan Li Yan Jiu
交通科技与经济,Technology & Economy in Areas of Communications  교통과기여경제,Jiao Tong Ke Ji Yu Jing Ji
地方财政研究,Sub National Fiscal Research,Di Fang Cai Zheng Yan Jiu
河北经贸大学学报,Journal of Hebei University of Economics and Trade  하북경무대학학보,He Bei Jing Mao Da Xue Xue Bao
低碳世界,Low Carbon World  저세계,Di Tan Shi Jie
系统管理学报,Journal of Systems & Management  계통관리학보,Xi Tong Guan Li Xue Bao
科学管理研究,Scientific Management Research  과학관리구,Ke Xue Guan Li Yan Jiu
财经论丛（浙江财经学院学报）,Collected Essays on Finance and Economics  재경론총,Cai Jing Lun Cong
山东国土资源,ShangDong Land and Resources  산동국토자원,Shan Dong Guo Tu Zi Yuan
区域经济评论,Regional Economic Review  기업활력,Qi Ye Huo Li
预测,Forecasting  예측,Yu Ce
改革与战略,Reformation & Strategy  개혁여전략,Gai Ge Yu Zhan Lue
现代城市研究,Modern Urban Research  현대성시구,Xian Dai Cheng Shi Yan Jiu
中国高校科技,Chinese University Science & Technology  중국고교과기여업화,Zhong Guo Gao Xiao Ke Ji Yu Chan Ye Hua
税务与经济,Taxation and Economy  세무여경제,Shui Wu Yu Jing Ji
科学决策,Scientific Decision-Making  과학결책,Ke Xue Jue Ce
西安财经大学学报,Journal of University of Finance and Economics  서안재경학원학보,Xi An Cai Jing Xue Yuan Xue Bao
商业研究,Commercial Research  상업구,Shang Ye Yan Jiu
管理案例研究与评论,Journal of Management Case Studies  관리안례구여평론,Guan Li An Li Yan Jiu Yu Ping Lun
浙江工商大学学报,Journal of Zhejiang Gongshang University  절강공상대학학보,Zhe Jiang Gong Shang Da Xue Xue Bao
当代经济研究,Contemporary Economic Research,Dang Dai Jing Ji Yan Jiu
上海对外经贸大学学报,Journal of Shanghai University of International Business and Economics  세계무역조직동태여구,Shi Jie Mao Yi Zu Zhi Dong Tai Yu Yan Jiu
资源与产业,Resources & Industries  ,Zi Yuan Yu Chan Ye
中国大学生就业（综合版）,China University Students Career Guide  중국대학생취업,Zhong Guo Da Xue Sheng Jiu Ye
投资研究,Review of Investment Studies,Tou Zi Yan Jiu
消费经济,Consumer Economics  소비경제,Xiao Fei Jing Ji
山东财经大学学报,Journal of Shandong University of Finance  산동재정학원학보,Shan Dong Cai Zheng Xue Yuan Xue Bao
商业经济研究,Commercial Times  상업시대,Shang Ye Shi Dai
资源开发与市场,Resource Development & Market  ,Zi Yuan Kai Fa Yu Shi Chang
中国国土资源经济,Natural Resource Economics of China  중국국토자원경제,Zhong Guo Guo Tu Zi Yuan Jing Ji
首都经济贸易大学学报,Journal of Capital University of Economics and Business  수도경제무역대학학보,Shou Du Jing Ji Mao Yi Da Xue Xue Bao
系统工程学报,Journal of Systems Engineering  계통공정학보,Xi Tong Gong Cheng Xue Bao
世界农业,World Agriculture  세계농업,Shi Jie Nong Ye
河南财经政法大学学报,Journal of Henan University of Economics and Law  하남성정법관리간부학원학보,He Nan Sheng Zheng Fa Guan Li Gan Bu Xue Yuan Xue Bao
上海金融,Shanghai Finance  상해김융,Shang Hai Jin Rong
信息资源管理学报,Journal of Information Resources Management,Xin Xi Zi Yuan Guan Li Xue Bao
财务研究,Finance Research,Cai Wu Yan Jiu
南京财经大学学报,Journal of Nanjing University of Finance and Economics,Nan Jing Cai Jing Da Xue Xue Bao
金融理论探索,Finance Teaching and Research  김융학여구,Jin Rong Jiao Xue Yu Yan Jiu
农村金融研究,Rural Finance Research  농촌김융구,Nong Cun Jin Rong Yan Jiu
云南财经大学学报,Journal of Yunnan University of Finance and Economics  운남재경대학학보,Yun Nan Cai Jing Da Xue Xue Bao
欧亚经济,"Russian, Central Asian & East European Market  아라사중아동구시장",E Luo Si Zhong Ya Dong Ou Shi Chang
河北职业教育,HEBEI VOCATIONAL EDUCATION  직업시공,Zhi Ye Shi Kong
旅游研究,Tourism Research  려유구,Kun Ming Da Xue Xue Bao
农业展望,Agricultural Outlook  농업전망,Nong Ye Zhan Wang
水利经济,Journal of Economics of Water Resources  수리경제,Shui Li Jing Ji
财会研究,Caikuai Yanjiu,Cai Hui Yan Jiu
农业科研经济管理,Management for Economy in Agricultural Scientific  농업과경제관리,Nong Ye Ke Yan Jing Ji Guan Li
旅游论坛,Tourism Forum  려유론단,Lv You Lun Tan
中国劳动关系学院学报,Journal of China Institute of Industrial Relations  중국로동관계학원학보,Zhong Guo Lao Dong Guan Xi Xue Yuan Xue Bao
开放导报,China Opening Journal  개방도보,Kai Fang Dao Bao
煤炭经济研究,Coal Economic Research  매탄경제구,Mei Tan Jing Ji Yan Jiu
价格月刊,Prices Monthly  가격월간,Jia Ge Yue Kan
产经评论,Industrial Economic Review  경평론,Jing Ji Qian Yan
国际经济合作,International Economic Cooperation  국제경제합작,Guo Ji Jing Ji He Zuo
国际石油经济,International Petroleum Economics  국제석유경제,Guo Ji Shi You Jing Ji
企业经济,Enterprise Economy  기업경제,Qi Ye Jing Ji
中国经济史研究,Researches in Chinese Economic History  중국경제사구,Zhong Guo Jing Ji Shi Yan Jiu
中国内部审计,Internal Auditing in China,Zhong Guo Nei Bu Shen Ji
财务与会计,Finance and Accounting,Cai Wu Yu Hui Ji （ Zong He Ban ）
中国医疗保险,CHINA HEALTH INSURANCE  중국의료보험,Zhong Guo Yi Liao Bao Xian
国际税收,International Taxation In China  섭외세무,She Wai Shui Wu
商业会计,Commercial Accounting  상업회계,Shang Ye Hui Ji
金融理论与实践,Financial Theory and Practice  김융리론여실천,Jin Rong Li Lun Yu Shi Jian
北京财贸职业学院学报,Journal of Beijing Vocational College of Finance and Commerce  북경재무직업학원학보,Bei Jing Shi Cai Mao Guan Li Gan Bu Xue Yuan Xue Bao
中国总会计师,China Chief Financial Officer  중국총회계사,Zhong Guo Zong Hui Ji Shi
项目管理技术,Project Management Technology  항목관리기술,Xiang Mu Guan Li Ji Shu
管理现代化,Modernization of Management,Guan Li Xian Dai Hua
金融发展研究,Journal of Financial Development Research  김융발전구,Jin Rong Fa Zhan Yan Jiu
工程经济,Engineering Economy,Gong Cheng Jing Ji
统计与决策,Statistics and Decision  통계여결책,Tong Ji Yu Jue Ce
全球化,Globalization,Quan Qiu Hua
金融教育研究,JOURNAL OF JIANGXI FINANCE COLLEGE  김융육구,Jiang Xi Jin Rong Zhi Gong Da Xue Xue Bao
金融与经济,Finance and Economy  김융여경제,Jin Rong Yu Jing Ji
现代管理科学,Modern Management Science  현대관리과학,Xian Dai Guan Li Ke Xue
上海经济,Shanghai Economy  상해경제,Shang Hai Jing Ji
广西财经学院学报,Journal of Guangxi University of Finance and Economics  광서재경학원학보,Guang Xi Cai Jing Xue Yuan Xue Bao
调研世界,The World of Survey and Research  조세계,Diao Yan Shi Jie
中国金融,China Finance,Zhong Guo Jin Rong
机械管理开发,Mechanical Management and Development  기계관리개발,Ji Xie Guan Li Kai Fa
财会学习,Accounting Learning  재회학습,Cai Hui Xue Xi
技术与市场,Technology and Market  기술여시장,Ji Shu Yu Shi Chang
商业经济,Business Economy  상업경제,Shang Ye Jing Ji
中国劳动,China Labor  중국로동,Zhong Guo Lao Dong
财务与金融,Accounting and Finance  재무여김융,Cai Wu Yu Jin Rong
通讯世界,Telecom World  통신세계,Tong Xun Shi Jie
物流技术与应用,Logistics & Material Handling  물류기술여응용,Wu Liu Ji Shu Yu Ying Yong
电子商务,E-Business Journal  전자상무,Dian Zi Shang Wu
长春金融高等专科学校学报,Journal of Changchun Finance College  장춘김융고등전과학교학보,Chang Chun Jin Rong Gao Deng Zhuan Ke Xue Xiao Xue Bao
系统工程,Systems Engineering  계통공정,Xi Tong Gong Cheng
中国土地,China Land  중국토지,Zhong Guo Tu Di
武汉金融,Wuhan Finance Monthly  무한김융,Wu Han Jin Rong
中国发展观察,China development observation  중국발전관찰,Zhong Guo Fa Zhan Guan Cha
征信,CREDIT REFERENCE  정신,He Nan Jin Rong Guan Li Gan Bu Xue Yuan Xue Bao
中小企业管理与科技,Management & Technology of SME  중소기업관리여과기,Zhong Xiao Qi Ye Guan Li Yu Ke Ji
企业改革与管理,Enterprise Reform and Management,Qi Ye Gai Ge Yu Guan Li
中国注册会计师,The Chinese Certified Public Accountant  중국주책회계사,Zhong Guo Zhu Ce Hui Ji Shi
运筹与管理,Operations Research and Management Science  운주여관리,Yun Chou Yu Guan Li
浙江金融,Zhejiang Finance  절강김융,Zhe Jiang Jin Rong
中国钨业,China Tungsten Industry  중국업,Zhong Guo Wu Ye
科技与管理,Science-Technology and Management  과기여관리,Ke Ji Yu Guan Li
新会计,Modern Accounting  신회계,Xin Kuai Ji
中国管理信息化,China Management Informationization  중국관리신식화,Zhong Guo Guan Li Xin Xi Hua
软件工程,Software Engineer  연건공정사,Ruan Jian Gong Cheng Shi
上海城市管理,Shanghai Urban Management  상해성시관리,Shang Hai Cheng Shi Guan Li Zhi Ye Ji Shu Xue Yuan Xue Bao
税收经济研究,TAX AND ECONOMIC RESEARCH,Shui Shou Jing Ji Yan Jiu
安徽商贸职业技术学院学报（社会科学版）,Journal of Anhui Business College  안휘상무직업기술학원학보（사회과학판）,An Hui Shang Mao Zhi Ye Ji Shu Xue Yuan Xue Bao
价值工程,Value Engineering  가공정,Jia Zhi Gong Cheng
兰州财经大学学报,Journal of Lanzhou Commercial College  란주상학원학보,Lan Zhou Shang Xue Yuan Xue Bao
城市,City  성시,Cheng Shi
对外经贸实务,Economic Relations and Trade  대외경무실무,Dui Wai Jing Mao Shi Wu
印度洋经济体研究,Indian Ocean Economic and Political Review,Yin Du Yang Jing Ji Ti Yan Jiu
当代石油石化,Petroleum & Petrochemical Today  당대석유석화,Dang Dai Shi You Shi Hua
中国集体经济,China Collective Economy  중국집체경제,Zhong Guo Ji Ti Jing Ji
品牌研究,Journal of Brand Research  품패,Pin Pai
国土资源信息化,Land and Resources Informatization  국토자원신식화,Guo Tu Zi Yuan Xin Xi Hua
开发研究,Research on Development  개발구,Kai Fa Yan Jiu
湿地科学与管理,Wetland Science & Management  습지과학여관리,Shi Di Ke Xue Yu Guan Li
中国国情国力,China National Conditions and Strength  중국국정국력,Zhong Guo Guo Qing Guo Li
福建商学院学报,Journal of Fujian Commercial College  복건상업고등전과학교학보,Fu Jian Shang Ye Gao Deng Zhuan Ke Xue Xiao Xue Bao
企业技术开发（学术版）,Technological Development of Enterprise  기업기술개발（학술판）,Qi Ye Ji Shu Kai Fa （ Xue Shu Ban ）
当代会计,Contemporary Accouniting,Dang Dai Kuai Ji
国土资源科技管理,Scientific and Technological Management of Land and Resources  국토자원과기관리,Guo Tu Zi Yuan Ke Ji Guan Li
中国大学生就业（理论版）,China University Students Career Guide,Zhong Guo Da Xue Sheng Jiu Ye （ Li Lun Ban ）
重庆工商大学学报（社会科学版）,Journal of Chongqing Technology and Business University(Social Sciences Edition)  중경공상대학학보（사회과학판）,Chong Qing Gong Shang Da Xue Xue Bao （ She Hui Ke Xue Ban ）
办公室业务,Office Operations  판공실업무,Ban Gong Shi Ye Wu
国际商务财会,Finance and Accounting for International Commerce  국제상무재회,Guo Ji Shang Wu Cai Kuai
互联网经济,The Internet Economy,Hu Lian Wang Jing Ji
中国商论,China Business & Trade  중국상무,Zhong Guo Shang Mao
闽台关系研究,Research on Fujian-Taiwan Relationship  복건행정학원학보,Fu Jian Xing Zheng Xue Yuan Fu Jian Jing Ji Guan Li Gan Bu Xue Yuan Xue Bao
企业管理,Enterprise Management  기업관리,Qi Ye Guan Li
物流科技,Logistics Sci-tech  물류과기,Wu Liu Ke Ji
经济数学,Journal of Quantitative Economics  경제수학,Jing Ji Shu Xue
中国林业经济,China Forestry Economy  중국림업경제,Zhong Guo Lin Ye Jing Ji
广西职业师范学院学报,Journal of Guangxi Vocational Normal University  광서경제관리간부학원학보,Guang Xi Jing Ji Guan Li Gan Bu Xue Yuan Xue Bao
金融会计,Financial Accounting,Jin Rong Hui Ji
金融科技时代,Financial Technology Time  김융과기시대,Hua Nan Jin Rong Dian Nao
天津商业大学学报,Journal of Tianjin University of Commerce  천진상업대학학보,Tian Jin Shang Ye Da Xue Xue Bao
金融理论与教学,Finance Theory and Teaching  김융리론여학,Jin Rong Li Lun Yu Jiao Xue
清华金融评论,TSINGHUA Financial Review,Qing Hua Jin Rong Ping Lun
物流技术,Logistics Technology  물류기술,Wu Liu Ji Shu
西部经济管理论坛（原四川经济管理学院学报）,west forum on economy and management(Journal of Sichuan Economic Management Institute)  서부경제관리론단（원사천경제관리학원학보）,Si Chuan Jing Ji Guan Li Xue Yuan Xue Bao
农村工作通讯,Newsletter About Work in Rural Areas  농촌공작통신,Nong Cun Gong Zuo Tong Xun
浙江工商职业技术学院学报,Journal of Zhejiang Business Technology Institute  절강공상직업기술학원학보,Zhe Jiang Gong Shang Zhi Ye Ji Shu Xue Yuan Xue Bao
国土资源情报,Land and Resources Information  국토자원정보,Guo Tu Zi Yuan Qing Bao
东北财经大学学报,Journal of Dongbei University of Finance and Economics  동북재경대학학보,Dong Bei Cai Jing Da Xue Xue Bao
粮食科技与经济,Grain Science and Technology and Economy  량식과기여경제,Liang Shi Ke Ji Yu Jing Ji
经营与管理,Management and Administration  경영여관리,Jing Ying Yu Guan Li
北京劳动保障职业学院学报,Journal of Beijing Vocational College of Labour and Social Security  북경로동보장직업학원학보,Bei Jing Lao Dong Bao Zhang Zhi Ye Xue Yuan Xue Bao
物流工程与管理,Logistics Engineering and Management  물류공정여관리,Wu Liu Gong Cheng Yu Guan Li
中国科技资源导刊,China Science & Technology Resources Review  중국과기자원도간,Zhong Guo Ke Ji Zi Yuan Dao Kan
科技经济市场,KEJI JINGJI SHICHANG  과기경제시장,Ke Ji Jing Ji Shi Chang
财政科学,Fiscal Science,Cai Zheng Ke Xue
中国工业和信息化,China Industry and Information Technology　  중국경제화신식화,Zhong Guo Jing Ji He Xin Xi Hua
天津商务职业学院学报,Journal of TIANJIN Collece of Commerce  천진시재무관리간부학원학보,Tian Jin Shi Cai Mao Guan Li Gan Bu Xue Yuan Xue Bao
区域金融研究,Journal of Regional Financial Research  구역김융구,Guang Xi Jin Rong Yan Jiu
对外经贸,Heilongjiang Foreign Economic Relations & Trade  흑룡강대외경무,Hei Long Jiang Dui Wai Jing Mao
海关与经贸研究,Journal of Customs and Trade  상해해관학원학보,Shang Hai Hai Guan Gao Deng Zhuan Ke Xue Xiao Xue Bao
新材料产业,Advanced Materials Industry  신재료업,Xin Cai Liao Chan Ye
茶叶通讯,Tea Communication  다엽통신,Cha Ye Tong Xun
交通财会,Finance & Accounting for Communications  교통재회,Jiao Tong Cai Hui
海南金融,Hainan Finance  해남김융,Hai Nan Jin Rong
内蒙古财经大学学报,Journal of Inner Mongolia University Of Finance and Economics  내몽고재경학원학보（종합판）,Nei Meng Gu Cai Jing Xue Yuan Xue Bao （ Zong He Ban ）
商场现代化,Market Modernization  상장현대화,Shang Chang Xian Dai Hua
甘肃金融,Gansu Finance  감숙김융,Gan Su Jin Rong
新疆财经,Finance & Economics of Xinjiang  신강재경,Xin Jiang Cai Jing
发展研究,Development Research  발전구,Fa Zhan Yan Jiu
中国乡镇企业会计,Chinese Enterprise Accounting of Villages and towns  중국기업회계,Zhong Guo Xiang Zhen Qi Ye Hui Ji
化工管理,Chemical Enterprise Management  화공관리,Hua Gong Guan Li
中国渔业经济,Chinese Fisheries Economics  중국어업경제,Zhong Guo Yu Ye Jing Ji
中国石油和化工标准与质量,China Petroleum and Chemical Standard and Quality  중국석유화화공표준여질량,Zhong Guo Shi You He Hua Gong Biao Zhun Yu Zhi Liang
管理观察,Management Observer  관리관찰,Guan Li Guan Cha
中国资产评估,Appraisal Journal of China  중국자평,Zhong Guo Zi Chan Ping Gu
国土资源,Land & Resources  국토자원,Guo Tu Zi Yuan
铁道经济研究,Railway Economics Research  철도경제구,Tie Dao Jing Ji Yan Jiu
中国经贸导刊,China Economic & Trade Herald  중국경무도간,Zhong Guo Jing Mao Dao Kan
机械设计与制造工程,MACHINE DESIGN AND MANUFACTURING ENGINEERING  중국제조업신식화,Zhong Guo Zhi Zao Ye Xin Xi Hua
台湾农业探索,Taiwan Agricultural Research  대만농업탐색,Tai Wan Nong Ye Tan Suo
江苏商论,Jiangsu Commercial Forum,Jiang Su Shang Lun
时代汽车,Auto Time  시대기차,Shi Dai Qi Che
浙江工贸职业技术学院学报,Journal of Zhejiang Industry & Trade Polytechnic  절강공무직업기술학원학보,Zhe Jiang Gong Mao Zhi Ye Ji Shu Xue Yuan Xue Bao
山东商业职业技术学院学报,Journal of Shandong Institute of Commerce and Technology  산동상업직업기술학원학보,Shan Dong Shang Ye Zhi Ye Ji Shu Xue Yuan Xue Bao
湖北经济学院学报,Journal of Hubei University of Economics  호북경제학원학보,Hu Bei Jing Ji Xue Yuan Xue Bao
全球科技经济瞭望,"Global Science, Technology and Economy Outlook  전구과기경제료망",Quan Qiu Ke Ji Jing Ji 瞭 Wang
生产力研究,Productivity Research  생력구,Sheng Chan Li Yan Jiu
财经界,Money China  재경계,Cai Jing Jie （ Xue Shu ）
工业技术创新,Industrial Technology Innovation,Gong Ye Ji Shu Chuang Xin
中国热带农业,China Tropical Agriculture  중국열대농업,Zhong Guo Re Dai Nong Ye
信息系统工程,China CIO　News  신식계통공정,Xin Xi Xi Tong Gong Cheng
未来与发展,Future and Development  미래여발전,Wei Lai Yu Fa Zhan
北京经济管理职业学院学报,Journal of Beijing Institute of Economic and Management  북경시경제관리간부학원학보,Bei Jing Shi Jing Ji Guan Li Gan Bu Xue Yuan Xue Bao
国家林业和草原局管理干部学院学报,National Academy of Forestry and Grassland Administration Journal  국가림업국관리간부학원학보,Guo Jia Lin Ye Ju Guan Li Gan Bu Xue Yuan Xue Bao
经济师,China Economist  경제사,Jing Ji Shi
中国市场,China Market Marketing  중국시장,Zhong Guo Shi Chang
现代营销,Modern Marketing  현대영소,Xian Dai Ying Xiao
空运商务,Air Transport & Business  공운상무,Kong Yun Shang Wu
西部财会,Western Finance and Accounting  서부재회,Xi Bu Cai Hui
现代食品,Modern Food  량식류통기술,Liang Shi Liu Tong Ji Shu
中国发展,China Development  중국발전,Zhong Guo Fa Zhan
经济研究导刊,Economig Rfsearch Cuide  경제구도간,Jing Ji Yan Jiu Dao Kan
特区经济,Special Zone Economy  특구경제,Te Qu Jing Ji
山东农业工程学院学报,Journal of Shandong Agricultural Administrators' College  산동성농업관리간부학원학보,Shan Dong Sheng Nong Ye Guan Li Gan Bu Xue Yuan Xue Bao
质量安全与检验检测,Quality Safety Inspection and Testing  검험검역학간,Jian Yan Jian Yi Ke Xue
新经济,New Economy  신경제,Xin Jing Ji
上海立信会计金融学院学报,Journal of Shanghai LiXin University of Accounting and Finance  상해김융학원학보,Shang Hai Jin Rong Xue Yuan Xue Bao
武汉商学院学报,Journal of Wuhan Commercial Service College  무한상업복무학원학보,Wu Han Shang Ye Fu Wu Xue Yuan Xue Bao
中国储运,China Storage & Transport  중국저운,Zhong Guo Chu Yun
南方农村,South China Rural Area  남방농촌,Nan Fang Nong Cun
工业工程,Industrial Engineering Journal  공업공정,Gong Ye Gong Cheng
行政事业资产与财务,Assets and Finances In Administration and Institution  행정사업자여재무,Xing Zheng Shi Ye Zi Chan Yu Cai Wu
管理工程师,Management Engineer  관리공정사,Lian Suo Yu Te Xu · Guan Li Gong Cheng Shi
交通与港航,Public Utilities  성시공용사업,Cheng Shi Gong Yong Shi Ye
国土与自然资源研究,Territory & Natural Resources Study  국토여자연자원구,Guo Tu Yu Zi Ran Zi Yuan Yan Jiu
山西经济管理干部学院学报,Journal of Shanxi Economic Management Institute  산서경제관리간부학원학보,Shan Xi Jing Ji Guan Li Gan Bu Xue Yuan Xue Bao
沿海企业与科技,Coastal Enterprises and Science & Technology  연해기업여과기,Yan Hai Qi Ye Yu Ke Ji
内蒙古煤炭经济,Inner Mongolia Coal Economy  내몽고매탄경제,Nei Meng Gu Mei Tan Jing Ji
知识经济,ZHISHI JINGJI  지식경제,Zhi Shi Jing Ji
贵州商学院学报,Journal of Guizhou University of Commerce  귀주상업고등전과학교학보,Gui Zhou Shang Ye Gao Deng Zhuan Ke Xue Xiao Xue Bao
农村经济与科技,Rural Economy and Science-Technology  농촌경제여과기,Nong Cun Jing Ji Yu Ke Ji
中国合作经济,China CO-Operation Economy  중국합작경제,Zhong Guo He Zuo Jing Ji
石油工业技术监督,Technology Supervision in Petroleum Industry  석유공업기술감독,Shi You Gong Ye Ji Shu Jian Du
广东外语外贸大学学报,Journal of Guangdong University of Foreign Studies  광동외어외무대학학보,Guang Dong Wai Yu Wai Mao Da Xue Xue Bao
西部金融,West China Finance  서부김융,Xi Bu Jin Rong
产业与科技论坛,Industrial & Science Tribune  업여과기론단,Chan Ye Yu Ke Ji Lun Tan
华北金融,Huabei Finance  화북김융,Hua Bei Jin Rong
经贸实践,Economic & Trade,Jing Mao Shi Jian
统计与管理,Statistics and Management  통계여관리,Tong Ji Yu Guan Li
新疆财经大学学报,Journal of Xinjiang Finance & Economics Institute  신강재경대학학보,Xin Jiang Cai Jing Xue Yuan Xue Bao
太原城市职业技术学院学报,Journal of Taiyuan Urban Vocational College  태원성시직업기술학원학보,Tai Yuan Cheng Shi Zhi Ye Ji Shu Xue Yuan Xue Bao
广义虚拟经济研究,Research on the Generalized Virtual Economy  광의허의경제구,Guan Li Xue Jia - Guan Yi Xu Ni Jing Ji Yan Jiu
市场研究,Marketing Research  시장구,Shi Chang Yan Jiu
国际木业,International Wood Industry  국제목업,Guo Ji Mu Ye
企业科技与发展,Enterprise Science And Technology & Development  기업과기여발전,Qi Ye Ke Ji Yu Fa Zhan
现代商业,Modern Business  현대상업,Xian Dai Shang Ye
光彩,Brilliance  광채,Guang Cai
中国房地产（下旬刊）,China Real Estate,Zhong Guo Fang Di Chan （ Xue Shu Ban ）
经济界,Economic Affairs,Jing Ji Jie
天津中德应用技术大学学报,Journal of Tianjin Manager College  천진시경리학원학보,Tian Jin Shi Jing Li Xue Yuan Xue Bao
环渤海经济瞭望,Economic Outlook the Bohai Sea  환발해경제료망,Huan Bo Hai Jing Ji 瞭 Wang
郑州航空工业管理学院学报,Journal of Zhengzhou Institute of Aeronautical Industry Management  정주항공공업관리학원학보,Zheng Zhou Hang Kong Gong Ye Guan Li Xue Yuan Xue Bao
国土资源导刊,Land & Resources Herald  국토자원도간,Guo Tu Zi Yuan Dao Kan
江苏经贸职业技术学院学报,Journal of Jiangsu Institute of Commerce  강소경무직업기술학원학보,Jiang Su Jing Mao Zhi Ye Ji Shu Xue Yuan Xue Bao
广东农工商职业技术学院学报,Journal of Guangdong AIB Polytechnic College  광동농공상직업기술학원학보,Guang Dong Nong Gong Shang Zhi Ye Ji Shu Xue Yuan Xue Bao
甘肃农业,GANSU NONGYE  감숙농업,Gan Su Nong Ye
福建金融,Fujian Finance,Fu Jian Jin Rong
现代商贸工业,Modern Business Trade Industry  현대상무공업,Xian Dai Shang Mao Gong Ye
天津经济,Tianjin Economy  천진경제,Tian Jin Jing Ji
石油化工管理干部学院学报,Journal of Sinopec Management Institute  석유화공관리간부학원학보,Shi You Hua Gong Guan Li Gan Bu Xue Yuan Xue Bao
交通企业管理,Transportation Enterprise Management  교통기업관리,Jiao Tong Qi Ye Guan Li
银行家,The Chinese Banker  은행가,Yin Xing Jia
北方经贸,Northern Economy and Trade  북방경무,Bei Fang Jing Mao
高科技与产业化,High-Technology & Industrialization  고과기여업화,Gao Ke Ji Yu Chan Ye Hua
绿色财会,Green Finance and Accounting  록색재회,Lu Se Cai Hui
海峡科技与产业,Technology and Industry Across The Strait  해협과기여업,Hai Xia Ke Ji Yu Chan Ye
广州城市职业学院学报,Journal of Guangzhou City Polytechnic  광주성시직업학원학보,Guang Zhou Cheng Shi Zhi Ye Xue Yuan Xue Bao
河北经贸大学学报（综合版）,Journal of Hebei University of Economics and Trade(Comprehensive Edition)  하북경무대학학보（종합판）,He Bei Jing Mao Da Xue Xue Bao （ Zong He Ban ）
无锡商业职业技术学院学报,Journal of Wuxi Institute of Commerce  무석상업직업기술학원학보,Wu Xi Shang Ye Zhi Ye Ji Shu Xue Yuan Xue Bao
吉林工商学院学报,Journal of Jilin Business and Technology College  길림공상학원학보,Ji Lin Gong Shang Xue Yuan Xue Bao
农村经营管理,Management and Administration on Rural Cooperative  농촌경영관리,Nong Cun Jing Ying Guan Li
汽车工业研究,Auto Industry Research  기차공업구,Qi Che Gong Ye Yan Jiu
改革与开放,Reform & Opening  개혁여개방,Gai Ge Yu Kai Fang
中国科技产业,Science & Technology Industry of China  중국과기업,Zhong Guo Ke Ji Chan Ye
中国金融电脑,Financial Computer of China  중국김융전뇌,Zhong Guo Jin Rong Dian Nao
河北地质大学学报,Journal of Shijiazhuang University of Economics  석가장경제학원학보,Shi Jia Zhuang Jing Ji Xue Yuan Xue Bao
城乡建设,Urban and Rural Development  성건설,Cheng Xiang Jian She
中国农业会计,Chinese Agricultural Accounting  중국농업회계,Zhong Guo Nong Ye Hui Ji
合作经济与科技,CO-Operative Economy & Science  합작경제여과기,He Zuo Jing Ji Yu Ke Ji
全国流通经济,China Circulation Economy  전국상정·리론구,Quan Guo Shang Qing · Jing Ji Li Lun Yan Jiu
河北企业,Hebei Qiye  하북기업,He Bei Qi Ye
中国房地产（上旬刊）,China Real Estate  중국방지,Zhong Guo Fang Di Chan
水利科技与经济,Water Conservancy Science and Technology and Economy  수리과기여경제,Shui Li Ke Ji Yu Jing Ji
工程与建设,Engineering and Construction  공정여건설,Gong Cheng Yu Jian She
石油化工技术与经济,Techno-Economics in Petrochemicals  석유화공기술여경제,Shi You Hua Gong Ji Shu Yu Jing Ji
东北亚经济研究,Northeast Asia Economic Research  길림성경제관리간부학원학보,Ji Lin Sheng Jing Ji Guan Li Gan Bu Xue Yuan Xue Bao
上海商学院学报,Journal of Shanghai Business School  상해상학원학보,Shang Hai Shang Xue Yuan Xue Bao
中国钱币,China Numismatics  중국전폐,Zhong Guo Qian Bi
中国物价,China Price,Zhong Guo Wu Jia
中国财政,China State Finance,Zhong Guo Cai Zheng
科技和产业,Science Technology and Industry  과기화업,Ke Ji He Chan Ye
中国人造板,China Wood-Based Panels  중국인조판,Zhong Guo Ren Zao Ban
武汉冶金管理干部学院学报,Journal of Wuhan Metallurgical Manager's Institute  무한야김관리간부학원학보,Wu Han Ye Jin Guan Li Gan Bu Xue Yuan Xue Bao
决策与信息,Decision & Information  결책여신식（상순간）,Jue Ce Yu Xin Xi （ Shang Ban Yue ）
河南农业,HENAN NONGYE  하남농업,He Nan Nong Ye
保险职业学院学报,Journal of Insurance Professional College  보험직업학원학보,Bao Xian Zhi Ye Xue Yuan Xue Bao
经济与社会发展,Economic and Social Development  경제여사회발전,Jing Ji Yu She Hui Fa Zhan
质量技术监督研究,Quality and Technical Supervision Research  질량기술감독구,Zhi Liang Ji Shu Jian Du Yan Jiu
吉林金融研究,Journal of Jilin Financial Research,Ji Lin Jin Rong Yan Jiu
农银学刊,AGRICULTURAL BANK OF CHINA Journal of ABC Wuhan Training College  중국농업은행무한배훈학원학보,Zhong Guo Nong Ye Yin Xing Wu Han Pei Xun Xue Yuan Xue Bao
决策咨询,Decision-Making & Consultancy  결책자순,Jue Ce Zi Xun Tong Xun
辽宁经济职业技术学院·辽宁经济管理干部学院学报,"Journal of liaoning Economic Vocational Technological Institute, Journal of Liaoning Economic Management Cadre Institute  료녕경제직업기술학원·료녕경제관리간부학원학보",Liao Ning Jing Ji Zhi Ye Ji Shu Xue Yuan Liao Ning Jing Ji Guan Li Gan Bu Xue Yuan Xue Bao
广东蚕业,Guangdong Canye  광동잠업,Guang Dong Can Ye
市场论坛,Market Forum  시장론단,Shi Chang Lun Tan
上海管理科学,Shanghai Management Science  상해관리과학,Shang Hai Guan Li Ke Xue
审计与理财,Auditing & Finance  심계여리재,Shen Ji Yu Li Cai
中国乳业,China Dairy  중국유업,Zhong Guo Ru Ye
福建金融管理干部学院学报,Journal of Fujian Institute of Financial Administrators  복건김융관리간부학원학보,Fu Jian Jin Rong Guan Li Gan Bu Xue Yuan Xue Bao
粮食问题研究,Grain Issues Research  량식문제구,Liang Shi Wen Ti Yan Jiu
河南财政税务高等专科学校学报,Journal of Henan College of Finance & Taxation  하남재정세무고등전과학교학보,He Nan Cai Zheng Shui Wu Gao Deng Zhuan Ke Xue Xiao Xue Bao
上海市经济管理干部学院学报,Journal of Shanghai Economic Management College  상해시경제관리간부학원학보,Shang Hai Shi Jing Ji Guan Li Gan Bu Xue Yuan Xue Bao
海峡科学,Straits Science  해협과학,Hai Xia Ke Xue
职业,Occupation  직업,Zhi Ye
辽宁经济,Liaoning Economy  료녕경제,Liao Ning Jing Ji
内蒙古科技与经济,Inner Mongolia Science Technology and Economy  내몽고과기여경제,Nei Meng Gu Ke Ji Yu Jing Ji
市场观察,MARKET OBSERVER,Shi Chang Guan Cha
河南工程学院学报（社会科学版）,Journal of Hennan Institute of Engineering(Social Science Edition)  하남공정학원학보（사회과학판）,He Nan Gong Cheng Xue Yuan Xue Bao （ She Hui Ke Xue Ban ）
河南牧业经济学院学报,Journal of Henan Universtiy of Animal Husbandry and Economy  하남상업고등전과학교학보,He Nan Shang Ye Gao Deng Zhuan Ke Xue Xiao Xue Bao
招标与投标,Zhao Biao Yu Tou Biao,Zbytb
领导科学,Leadership Science  령도과학,Ling Dao Ke Xue
特区实践与理论,Practice and Theory of Seas  특구실천여리론,Te Qu Li Lun Yu Shi Jian
山东工商学院学报,Journal of Shandong Institute of Business and Technology  산동공상학원학보,Shan Dong Gong Shang Xue Yuan Xue Bao
中国纤检,China Fiber Inspection  중국섬검,Zhong Guo Xian Jian
冶金财会,Metallurgical Financial Accounting  야김재회,Ye Jin Cai Hui
上海节能,Shanghai Energy Conservation  상해절능,Shang Hai Jie Neng
质量与可靠性,Quality and Reliability  질량여가성,Zhi Liang Yu Ke Kao Xing
西部大开发,West Development  서부대개발,Xi Bu Da Kai Fa
上海农村经济,Shanghai Rural Economics  상해농촌경제,Shang Hai Nong Cun Jing Ji
中国工程咨询,Chinese Consulting Engineers  중국공정자순,Zhong Guo Gong Cheng Zi Xun
安徽林业科技,Anhui Forestry Science and Technology  안휘림업과기,An Hui Lin Ye Ke Ji
上海质量,Shanghai Quality  상해질량,Shang Hai Zhi Liang
中国保险,China Insurance  중국보험,Zhong Guo Bao Xian
中国安防,China Security & Protection  중국안방,Zhong Guo An Fang
山西林业,Forestry of Shanxi  산서림업,Shan Xi Lin Ye
数字通信世界,Digital communication World  수자통신세계,Shu Zi Tong Xin Shi Jie
招标采购管理,Tendering & Purchasing Management,Zhao Biao Cai Gou Guan Li
现代审计与经济,XIANDAI SHENJI YU JINGJI  현대심계여경제,Xian Dai Shen Ji Yu Jing Ji
农民致富之友,NONGMIN ZHIFUZHIYOU YUEKAN  농민치부지우,Nong Min Zhi Fu Zhi You
中国远洋海运,Maritime China  중국원양항무,Zhong Guo Yuan Yang Hang Wu
现代企业,Modern Enterprise  현대기업,Xian Dai Qi Ye
电器工业,China Electrical Equipment Industry  전기공업,Dian Qi Gong Ye
城市管理与科技,Urban Management Science & Technology  성시관리여과기,Cheng Shi Guan Li Yu Ke Ji
中国外资,Foreign investment in China  중국외자（상반월）,Zhong Guo Wai Zi （ Shang Ban Yue ）
企业文明,Enterprise Civilization  기업문명,Qi Ye Wen Ming
山东经济战略研究,Shandong Economic Strategy Research  산동경제전략구,Shan Dong Jing Ji Zhan Lue Yan Jiu
质量与标准化,Quality and Standardization  질량여표준화,Shang Hai Biao Zhun Hua
青海金融,qinghai jinrong  해김융,Qing Hai Jin Rong
中国社会经济史研究,The Journal of Chinese Social and Economic History  중국사회경제사구,Zhong Guo She Hui Jing Ji Shi Yan Jiu
大众标准化,Popular Standardization  대표준화,Da Zhong Biao Zhun Hua
当代农村财经,Contemporary Rural Finance and Eeonomics  농촌재정여재무,Nong Cun Cai Zheng Yu Cai Wu
河北金融,Hebei Finance  하북김융,He Bei Jin Rong
长江论坛,Yangtze Tribune  장강론단,Chang Jiang Lun Tan
中国市场监管研究,Research on China Market Supervision  중국공상관리구,Zhong Guo Gong Shang Guan Li Yan Jiu
江苏农村经济,Jiangsu Rural Economy  강소농촌경제,Jiang Su Nong Cun Jing Ji
北方经济,Northern Economy  북방경제,Bei Fang Jing Ji
广西节能,Guangxi Jieneng  광서절능,Guang Xi Jie Neng
中国统计,China Statistics  중국통계,Zhong Guo Tong Ji
广东茶业,Guangdong Tea  광동다업,Guang Dong Cha Ye
债券,China Bond,Zhai Quan
中国石化,China Petroleum and Chemical Industry  중국석화,Zhong Guo Shi Hua
农民科技培训,Nongmin Keji Peixun  농민과기배훈,Nong Min Ke Ji Pei Xun
服饰导刊,Fashion Guide  호북재경고등전과학교학보,Hu Bei Cai Jing Gao Deng Zhuan Ke Xue Xiao Xue Bao
中国信用卡,China Credit Card  중국신용,Zhong Guo Xin Yong Ka （ Zhuan Ye ）
浙江经济,Zhejiang Economy  절강경제,Zhe Jiang Jing Ji
山西财政税务专科学校学报,Journal of Shanxi Finance and Tax College  산서재정세무전과학교학보,Shan Xi Cai Zheng Shui Wu Zhuan Ke Xue Xiao Xue Bao
青海国土经略,QINGHAI GUOTU JINGLUE  해국토경략,Qing Hai Guo Tu Jing Lue
冶金企业文化,YEJIN QIYE WENHUA  야김기업문화,Ye Jin Qi Ye Wen Hua
中国粮食经济,China Grain Economy  중국량식경제,Zhong Guo Liang Shi Jing Ji
黑龙江粮食,Journal of Heilongjiang Grain  흑룡강량식,Hei Long Jiang Liang Shi
浙江国土资源,Zhejinag Land & Resources  절강국토자원,Zhe Jiang Guo Tu Zi Yuan
农场经济管理,Farm Economic management  농장경제관리,Nong Chang Jing Ji Guan Li
湖南税务高等专科学校学报,Journal of Hunan Tax College  호남세무고등전과학교학보,Hu Nan Shui Wu Gao Deng Zhuan Ke Xue Xiao Xue Bao
中国中小企业,China Small & Medium Enterprises  중국중소기업,Zhong Guo Zhong Xiao Qi Ye
西藏发展论坛,Theoretical Platform of Tibetan Development  서장발전론단,Xi Cang Fa Zhan Lun Tan
中国房地产（中旬刊）,China Real Estate,Zgfdc-sc
统计科学与实践,Zhejiang Statistics  통계과학여실천,Zhe Jiang Tong Ji
中国军转民,Defense Industry Conversion in China  중국군전민,Zhong Guo Jun Zhuan Min
福建江夏学院学报,FUJIAN JIANGXIA XUEYUAN XUEBAO,Fu Jian Jiang Xia Xue Yuan Xue Bao
边疆经济与文化,The Border Economy and Culture  변강경제여문화,Bian Jiang Jing Ji Yu Wen Hua
宁波经济（三江论坛）,Ningbo Economy
中国经济学前沿,Frontiers of Economics in China,Zhong Guo Jing Ji Xue Qian Yan
中国工商管理研究前沿,Frontiers of Business Research in China,Zhong Guo Gong Shang Guan Li Yan Jiu Qian Yan
经济资料译丛,Journal of Translation From Foreign Literatures of Economics  경제자료역총,Jing Ji Zi Liao Yi Cong
北方牧业,BeiFang MuYe  북방목업,Bei Fang Mu Ye
石油商技,Petroleum Products Application Research  석유상기,Shi You Shang Ji
金融博览,Financial View  김융박람,Jin Rong Bo Lan
中国煤炭工业,China Coal Industry  중국매탄공업,Zhong Guo Mei Tan Gong Ye
发展,Developing  발전,Fa Zhan
统计与咨询,TONGJI YU ZIXUN  통계여자순,Tong Ji Yu Zi Xun
邮政研究,Studies on Posts  우정구,You Zheng Yan Jiu
产权导刊,Property Rights Guide  권도간,Chan Quan Dao Kan
老区建设,Old Liberated Area Built  로구건설,Lao Qu Jian She
中国社会组织,China Social Organization  사단관리구,She Tuan Guan Li Yan Jiu
北方金融,Northern Finance Journal,Nei Meng Gu Jin Rong Yan Jiu
航天工业管理,Aerospace Industry Management  항천공업관리,Hang Tian Gong Ye Guan Li
南方国土资源,NanFang GuoTu ZiYuan  남방국토자원,Nan Fang Guo Tu Zi Yuan
广西电业,Guangxi Electric Power  광서전업,Guang Xi Dian Ye
四川蚕业,SICHUAN CANYE  사천잠업,Si Chuan Can Ye
新理财-政府理财,GOVERNMENT FINANCE  신리재-정부리재,Xin Li Cai - Zheng Fu Li Cai
决策,Decision-Making  결책,Jue Ce
施工企业管理,Construction Enterprise Management  시공기업관리,Shi Gong Qi Ye Guan Li
中国石油企业,China Petroleum Enterprise  중국석유기업,Zhong Guo Shi You Qi Ye
WTO经济导刊,China WTO Tribune  WTO경제도간,WTO Jing Ji Dao Kan
秘书之友,"secretary
's Companion  비서지우",Mi Shu Zhi You
内蒙古统计,Inner Mongolia Statistics  내몽고통계,Nei Meng Gu Tong Ji
环球市场,Global Market,Huan Qiu Shi Chang
中国房地产业,Real Estate Information of China  중국방지업,Zhong Guo Fang Di Xin Xi
中国食品工业,Food and Beverage Industry  중국식품공업,Zhong Guo Shi Pin Gong Ye
创造,Creation  창조,Chuang Zao
中国经贸,China Business Update  중국경무,Zhong Guo Jing Mao
中国科技投资,China Venture Capital  중국과기투자,Zhong Guo Ke Ji Tou Zi
军民两用技术与产品,Dual Use Technologies & Products  군민량용기술여품,Jun Min Liang Yong Ji Shu Yu Chan Pin
企业文化(中旬刊),Culture Corporate,Qi Ye Wen Hua （ Zhong Xun Kan ）
农业发展与金融,The Agricultural Development and Finance  농업발전여김융,Nong Ye Fa Zhan Yu Jin Rong
企业文化(下旬刊),Culture Orporate  기업문화(하반월),Qi Ye Wen Hua （ Xia Ban Yue ）
现代班组,xiandai banzu  현대반조,Xian Dai Ban Zu
柴达木开发研究,CHAIDAMU KAIFA YANJIU  시달목개발구,Chai Da Mu Kai Fa Yan Jiu
投资与创业,UNDERTAKING&INVESTMENT,Tou Zi Yu Chuang Ye
中国物业管理,Property Management  중국물업관리,Zhong Guo Wu Ye Guan Li
新农村,New Countryside  신농촌,Xin Nong Cun
农村财务会计,Rural Finance & Accounting  농촌재무회계,Nong Cun Cai Wu Hui Ji
中国改革,China Reform,Zhong Guo Gai Ge
秘书工作,Office Administration  비서공작,Mi Shu Gong Zuo
经营者,Businessman,Jing Ying Zhe
大众理财顾问,Popular Financing  대리재고문,Da Zhong Li Cai Gu Wen
理财（审计版）,Finacial Management,Li Cai （Jing Lun）
广东经济,GUANGDONG ECONOMY  광동경제,Guang Dong Jing Ji
广西林业,Forestry of Guangxi  광서림업,Guang Xi Lin Ye
人类居住,Human Settlements  인류거주,Ren Lei Ju Zhu
新商务周刊,New Business Weekly,Xin Shang Wu Zhou Kan
商业评论,Business Review,Shang Ye Ping Lun
中国农垦,China State Farms  중국농간,Zhong Guo Nong Ken
资源导刊,Ziyuan Daokan  자원도간,Zi Yuan Dao Kan
财讯,Caixun,Cai Xun
活力,HUOLI  활력,Huo Li
城市开发（物业管理）,Urban Development  성시개발（물업관리）,Cheng Shi Kai Fa （ Wu Ye Guan Li ）
中国口岸科学技术,China Port Science and Technology  중국검험검역,Zhong Guo Jian Yan Jian Yi
中国审计,China Audit  중국심계,Zhong Guo Shen Ji
中国商人,Zhongguo Shangren  중국상인,Zhong Guo Shang Ren
证券市场周刊,Capital Week  증권시장주간,Zheng Quan Shi Chang Zhou Kan
信息空间,Information Times  신식공간,Xin Xi Kong Jian
中国质量万里行,ZHONGGUO ZHILIANG WANLIXING  중국질량만리행,Zhong Guo Zhi Liang Wan Li Xing
管理学家,CHINA MANAGEMENT MAGAZINE  관리학가,Guan Li Xue Jia
市场经济研究,Market Economy Research  시장경제구,Shi Chang Jing Ji Yan Jiu
商情·经济理论研究,Economic Theory Research
中国防伪报道,China Anti-Counterfeiting Report  중국방보도,Zhong Guo Fang Wei Bao Dao
经济技术协作信息,JINGJI JISHU XIEZUO XINXI,Jing Ji Ji Shu Xie Zuo Xin Xi
21世纪商业评论,21st Century Business Review
财政监督,CAIZHENG JIANDU,Cai Zheng Jian Du
现代工业经济和信息化,Modern Industrial Economy and Informationization,Xian Dai Gong Ye Jing Ji He Xin Xi Hua
经理人,Manager's Magazine,Jing Li Ren
市场周刊,Citizen's Weekly  시장주간·리론구,Shi Chang Zhou Kan
审计理论与实践,Theory and Practice of Audits,Shen Ji Li Lun Yu Shi Jian
商学院,Business Management Review
旅游世界,Tourism World  려유세계,Lv You Shi Jie
投资与合作,Capital  투자여합작,Tou Zi Yu He Zuo
中国纺织,China Textile  중국방직,Zhong Guo Fang Zhi
上海轻工业,Shanghai Light Industry  상해경공업,Shang Hai Qing Gong Ye
农产品市场周刊,NongChanPin ShiChang ZouKan  농품시장주간,Nong Chan Pin Shi Chang Zhou Kan
中国证券期货,Securities Futures of China  중국증권기화,Zhong Guo Zheng Quan Qi Huo
旅游,Tourist,Lu You
中外管理,Sino Foreign Management,Zhong Wai Guan Li
时代金融（上旬）,Times Finance  시대김융(상순),Shi Dai Jin Rong
董事会,Directors & Boards,Dong Shi Hui
税收征纳,SHUISHOU ZHENGNA,Shui Shou Zheng Na
上海投资,Shanghai Investment,Shang Hai Tou Zi
当代经济,Contemporary Economics  당대경제,Dang Dai Jing Ji
北方旅游,North Tourism,Bei Fang Lu You
经贸世界,The World of Economy and Trade,Jing Mao Shi Jie
管理学文摘,Management Digest,Guan Li Xue Wen Zhai
中国电子商情·基础电子,CHINA ELECTRONIC MARKET  중국전자상정·기초전자,Zhong Guo Dian Zi Shang Qing · Ji Chu Dian Zi
郑州大学升达经贸管理学院学报,Journal of Shengda College of Economics & Trade Management of Zhengzhou University
铁道财会,Journal of Railway Finance and Accounting,Tie Dao Cai Hui
中国房地产金融,China Real Estate Finance,Zhong Guo Fang Di Chan Jin Rong
战略与管理,Strategy and Management,Zhan Lue Yu Guan Li
新财经（理论版）,New Finance Economics  신재경（리론판）,Xin Cai Jing （ Li Lun Ban ）
技术与市场（下半月）,Technology and Market  기술여시장（하반월）,Ji Shu Yu Shi Chang （ Xia Ban Yue ）
旅游导刊,Tourism and Hospitality Prospects
辽宁对外经贸学院学报,Journal of Liaoning University of International Business and Economics
公共管理评论,China Public Administration Review,Gong Gong Guan Li Ping Lun
中大管理研究,Dazhong guanli Yanjiu,Zdglyj
辽宁税务高等专科学校学报,Journal of Liaoning Taxation College  료녕세무고등전과학교학보,Liao Ning Shui Wu Gao Deng Zhuan Ke Xue Xiao Xue Bao
上海信息化,Shanghai Informatization  상해신식화,Shang Hai Xin Xi Hua
审计月刊,SHENJI YUEKAN,Shen Ji Yue Kan
广西商业高等专科学校学报,Journal of Guangxi Commercial College  광서상업고등전과학교학보,Guang Xi Shang Ye Gao Deng Zhuan Ke Xue Xiao Xue Bao
湖南经济,Hunan Economics,Hu Nan Jing Ji
中外食品,Global Food Industry Information  중외식품,Zhong Wai Shi Pin
大经贸,Foreign Trade & Economy  대경무,Da Jing Mao
饭店现代化,Hotel Modernization,Fan Dian Xian Dai Hua
今日工程机械,Construction Machinery Today  금일공정기계,Jin Ri Gong Cheng Ji Xie
理财（财经版）,Finacial Management
企业导报,Guide To Business  기업도보,Gou Fang Zhi Nan
福建财会管理干部学院学报,Journal of Fujian Finance and Accounting Administrator College,Fu Jian Cai Hui Guan Li Gan Bu Xue Yuan Xue Bao
中国高新技术企业（中旬刊）,China High -Tech Enterprises  중국고신기술기업（중순간）,Zhong Guo Gao Xin Ji Shu Qi Ye （ Zhong Xun Kan ）
中国会计年鉴,ZHONGGUO KUAIJI NINAJIAN,Zhong Guo Hui Ji Nian Jian
产业经济评论（辑刊）,CHANYE JINGJI PING LUN,Chan Ye Jing Ji Ping Lun
中国电子商务,Discovering Value  중국전자상무,Zhong Guo Dian Zi Shang Wu
中国金融评论（英文版）,China Finance Review International 
中国医药技术经济与管理,Chinese Journal of Pharmacentical Technolgy Economics & Management  중국의약기술경제여관리,Zhong Guo Yi Yao Ji Shu Jing Ji Yu Guan Li
当代建设,Current Construction  당대건설,Dang Dai Jian She
中国供销商情·乳业导刊,Dairy Guide  중국공소상정·유업도간,Zhong Guo Gong Xiao Shang Qing · Ru Ye Dao Kan
珠江经济,SOUTH CHINA REVIEW  주강경제,Zhu Jiang Jing Ji
金融参考,JINRONG CANKAO,Jin Rong Can Kao
沿海经济,Coastal economy,Yan Hai Jing Ji
预算管理与会计,Budget Management & Accounting,Yu Suan Guan Li Yu Hui Ji
经营者（汽车商业评论）,Auto Business Review,Jing Ying Zhe （ Qi Che Shang Ye Ping Lun ）
游遍天下,Hot Travel,You Bian Tian Xia
企业技术开发（下半月）,Technological Development of Enterprise  기업기술개발（하반월）,Qi Ye Ji Shu Kai Fa （ Xia Ban Yue ）
现代乡镇,Modern Village,Xian Dai Xiang Zhen
中国工会财会,Trade Union Financial Affairs of China,Zhong Guo Gong Hui Cai Hui
领导之友,LINGDAO ZHI YOU,Ling Dao Zhi You
物流时代周刊,China Logistics Times
出版营销,Marketing In Publishing
理财（收藏版）,Finacial Management,Li Cai （ Shou Cang ）
股市动态分析,STOCK MARKET TREND ANALYSIS WEEKLY  고시동태분석,Gu Shi Dong Tai Fen Xi
珞珈管理评论,Luojia Management Review
中华商标,China Trademark,Zhong Hua Shang Biao
沿海经贸,Coastal Economy and Trade  연해경무,Yan Hai Jing Mao
黑龙江金融,Heilongjiang Finance,Hei Long Jiang Jin Rong
北京房地产,Beijing Real Estate,Bei Jing Fang Di Chan
中国质量,China Quality  중국질량,Zhong Guo Zhi Liang
消费电子,Consumer Electronics Magazine  소비전자,TWICE CHINA Xiao Fei Dian Zi Shang Xun
税收与企业,Tax and Enterprise,Shui Shou Yu Qi Ye
中国广告,China Advertising,Zhong Guo Guang Gao
品牌与标准化,Enterprise Standardization  품패여표준화,Qi Ye Biao Zhun Hua
现代物业·新建设,Modern Property Management  현대물업,Xian Dai Wu Ye
商周刊,Business Weekly  상주간,Shang Zhou Kan
上海财税,Shanghai Finance and Taxation,Shang Hai Cai Shui
金融纵横,Financial Perspectives Journal,Jin Rong Zong Heng
税收与社会,Taxation and Society,Shui Shou Yu She Hui
旅游世界·旅游发展研究,Journal of Tourism Development  려유세계·려유발전구,Lv You Shi Jie · Lv You Fa Zhan Yan Jiu
经济思想史评论,JINGJI SIXIANGSHI PING LUN,Jing Ji Si Xiang Shi Ping Lun
中国税务,China Taxation,Zhong Guo Shui Wu
上海企业,Shanghai Business  상해기업,Shang Hai Qi Ye
商情·科教文萃,SHANGQING.KEJIAO WENCUI,Shang Qing·Ke Jiao Wen Cui
能源技术经济,Electric Power Technologic Economics  능원기술경제,Dian Li Ji Shu Jing Ji
工商行政管理,Biweekly of Administration for Industy and Commerce,Gong Shang Xing Zheng Guan Li
商品与质量（科教与法）,Shang Pin yu Zhi Liang  상품여질량（과여법）,Shang Pin Yu Zhi Liang （ Ke Jiao Yu Fa ）
大陆桥视野(下半月),New silk road horizon  대륙교시야(하반월),Da Lu Qiao Shi Ye （ Xia Ban Yue ）
现代工商,Modern Industry and Commerce,Xian Dai Gong Shang
中国机电工业,China Machinery & Electric Industry  중국기전공업,Zhong Guo Ji Dian Gong Ye
中国投资协会通讯,Investment Association of China
中国招标,China Tendering,Zhong Guo Zhao Biao
林业与社会,Forestry and Society Journal  림업여사회,Lin Ye Yu She Hui
财会月刊（理论版）,Finance and Accounting Monthly  재회월간（리론판）,Cai Hui Yue Kan （ Li Lun Ban ）
经济学报,China Journal of Economics
当代旅游（中旬刊）,Tourism Today,Dang Dai Lv You （ Zhong Xun Kan ）
时代经贸,Economic & Trade Update  시대경무,Shi Dai Jing Mao （ Xue Shu Ban ）
湖南商学院学报,Journal of Hunan University of Commerce  호남상학원학보,Hu Nan Shang Xue Yuan Xue Bao
中国科技财富,Fortune World  중국과기재부,Zhong Guo Ke Ji Cai Fu
中国高新区,Science & Technology Industry Parks  중국고신구,Zhong Guo Gao Xin Qu
中国农村金融,China Rural Finance  중국농촌김융,Zhong Guo Nong Cun Jin Rong
现代商业银行导刊,Morden Commercialbank Herald,Xian Dai Shang Ye Yin Xing Dao Kan
时代金融（下旬）,Times finance  시대김융(하순),Shi Dai Jin Rong （ Xia Xun ）
苏南科技开发,Sunan Sci-Tech Devel  소남과기개발,Su Nan Ke Ji Kai Fa
保险实践与探索,Insurance Practice & Exploration
财经,Business & Finance Review,Cai Jing
评价与管理,Evaluation & Management,Ping Jia Yu Guan Li
吉林商业高等专科学校学报,Journal of Jilin Commercial College,Ji Lin Shang Ye Gao Deng Zhuan Ke Xue Xiao Xue Bao
广州市经济管理干部学院学报,Journal of Guangzhou Economic Management College  광주시경제관리간부학원학보,Guang Zhou Shi Jing Ji Guan Li Gan Bu Xue Yuan Xue Bao
新晋商,modern businessman of jin  신진상,Xin Jin Shang
政策与管理,Policy & Management,Zheng Ce Yu Guan Li
国外财经,Journal of Foreign Finance and Economics,Guo Wai Cai Jing
消费导刊,Consume Guide  소비도간,Xiao Fei Dao Kan
财务与会计（理财版）,Finance and Accounting,Cai Wu Yu Hui Ji （ Li Cai Ban ）
IT时代周刊,IT Time Weekly  IT시대주간,IT Shi Dai Zhou Kan
新财富,New Fortune,Xin Cai Fu
中国商界,China Commerce  중국상계,Zhong Guo Shang Jie
中国财政年鉴,Finance Year Book of China,Zhong Guo Cai Zheng Nian Jian
新智慧（财富版）,XIN ZHIHUI（CAIFU BAN）,Xin Zhi Hui （ Cai Fu Ban ）
汽车观察,Automotive Observer  기차관찰,Qi Che Guan Cha
知识经济（中国直销）,ZHISHI JINGJI（ZHONGGUO ZHIXIAO）  지식경제（중국직소）,Zhi Shi Jing Ji （ Zhong Guo Zhi Xiao ）
商讯商业经济文荟,Commercial Economics Review,Shang Xun Shang Ye Jing Ji Wen Hui
金融电子化,Financial Computerizing,Jin Rong Dian Zi Hua
卓越理财,WISE MONEY  ,Zhuo Yue Li Cai
扬州大学税务学院学报,Journal of Taxation College of Yangzhou University,Yang Zhou Da Xue Shui Wu Xue Yuan Xue Bao
中国新时代,China New Time  중국신시대,Zhong Guo Xin Shi Dai
现代物业·现代经济,Modern Economics  현대경제（현대물업중순간）,Xian Dai Jing Ji ( Xian Dai Wu Ye Xia Ban Yue Kan )
甘肃省经济管理干部学院学报,Journal of Gansu Economic Management Institute  감숙성경제관리간부학원학보,Gan Su Sheng Jing Ji Guan Li Gan Bu Xue Yuan Xue Bao
理财周刊,MoneyWeekly
潮商,ChaoShan Businessman  조상,Chao Shang
长江技术经济,Technology and Economy of ChangJiang
海派经济学,Journal of Economics of Shanghai School,Hai Pai Jing Ji Xue
环球企业家,Global Entrepreneur,Huan Qiu Qi Ye Jia
上海供销合作经济,SHANGHAI GONGXIAO HEZUO JINGJI,Shang Hai Gong Xiao He Zuo Jing Ji
商品与质量,Shangpin Yu Zhiliang,Shang Pin Yu Zhi Liang
发展经济学研究,FAZHAN JINGJIXUE YAN JIU,Fa Zhan Jing Ji Xue Yan Jiu
统计与预测,Statistics and Forecasting,Tong Ji Yu Yu Ce
决策与信息·财经观察,Decision and Information,Jue Ce Yu Xin Xi · Cai Jing Guan Cha
企业科协,QIYE KEXIE,Qi Ye Ke Xie
中国外汇,Foreign Exchange,Zhong Guo Wai Hui
广东经济管理学院学报,Journal of Guangdong Institute of Business Administration  광동경제관리학원학보,Guang Dong Jing Ji Guan Li Xue Yuan Xue Bao
广州市财贸管理干部学院学报,guangzhoushi caimaoguanli ganbu xueyuan xuebao
安家,I Home  안가,An Jia
综合竞争力,Comprehensive  competition  종합경쟁력,Zong He Jing Zheng Li
浙商,zheshang  절상,Zhe Shang
城市管理,CHENGSHI GUANLI,Cheng Shi Guan Li
中国海洋经济评论,ZHONGGUO HAIYANG JINGJI PING LUN,Zhong Guo Hai Yang Jing Ji Ping Lun
博鳌观察,BoAo Review
东方企业文化,Oriental Enterprise Culture  동방기업문화,Dong Fang Qi Ye Wen Hua
金融经济,Finance & Economy  김융경제（시장판）,Jin Rong Jing Ji （ Shi Chang Ban ）
智富时代,The Fortune Times,Zhi Fu Shi Dai
中国高新技术企业,China High-Tech Enterprises  중국고신기술기업,Zhong Guo Gao Xin Ji Shu Qi Ye
会计论坛,Accounting Forum,Kuai Ji Lun Tan
中国质量与品牌,China Quality and Brand  중국질량여품패,Zhong Guo Zhi Liang Yu Pin Pai
云南财经大学学报（社会科学版）,Journal of Yunnan University of Finance and Economics（Social Science Edition）  운남재경대학학보（사회과학판）,Yun Nan Cai Mao Xue Yuan Xue Bao （ She Hui Ke Xue Ban ）
国际商业技术,International Business & Technology,Guo Ji Shang Ye Ji Shu
经济导刊,Economic Herald  경제도간,Jing Ji Dao Kan
中国经济（英文版辑刊）,Journal of Chinese Economics
财会月刊（综合版）,Finance and Accounting Monthly  재회월간（종합판）,Cai Hui Yue Kan （ Zong He Ban ）
大陆桥视野,New silk road horizon  대륙교시야,Da Lu Qiao Shi Ye
国外经济管理,Foreign Economy & Management,Guo Wai Jing Ji Guan Li
贵州农村金融,GUIZHOU NONGCUN JINRONG  귀주농촌김융,Gui Zhou Nong Cun Jin Rong
新前程,Xinqiancheng  신전정,Xin Qian Cheng
经济视角,Economic Vision  경제시각,Jing Ji Shi Jiao
中外企业家,Chinese and Foreign Entrepreneurs  중외기업가,Zhong Wai Qi Ye Jia
中国会计评论,Zgkjpl
经济管理文摘,Economy and Management,Jing Ji Guan Li Wen Zhai
金卡工程,Cards World  김공정,Jin Ka Gong Cheng
今日财富,Fortune Today,Jin Ri Cai Fu
商品与质量·前沿观察,Shangpin yu zhiliang  상품여질량·전연관찰,Shang Pin Yu Zhi Liang · Qian Yan Guan Cha
智能网联汽车,Industrial Economy Review,Gong Ye Jing Ji Lun Tan
环境经济,Environmental Economy  환경경제,Huan Jing Jing Ji
房地产导刊,Real Estate Biweekly,Fang Di Chan Dao Kan
中国信用卡（生活）,China Credit Card  중국신용（생활）,Zhong Guo Xin Yong Ka （ Sheng Huo ）
企业决策参考,QIYE JUECE CANKAO
现代企业教育,Modern Enterprise Education  현대기업육,Xian Dai Qi Ye Jiao Yu
经营管理者,Manager 'Journal  경영관리자,Jing Ying Guan Li Zhe
事业财会,Accounting and Financial of Institution  사업재회,Shi Ye Cai Hui
价格与市场,Price and Market,Jia Ge Yu Shi Chang
金融经济（理论版）,Finance & Economy  김융경제（리론판）,Jin Rong Jing Ji （ Li Lun Ban ）
领导文萃,Collected Papers of Leadership Skill,Ling Dao Wen Cui
中国民商,CHINA BUSINESS REVIEW  중국민영과기여경제,Zhong Guo Min Ying Ke Ji Yu Jing Ji
文化产业研究,Cultrual Industry Research,Wen Hua Chan Ye Yan Jiu
世界制造技术与装备市场,World Manufacturing Engineering & Market  세계제조기술여장비시장,Shi Jie Zhi Zao Ji Shu Yu Zhuang Bei Shi Chang
劳动经济评论,LAODONG JINGJI PING LUN,Lao Dong Jing Ji Ping Lun
重庆与世界,The World & Chongqing  중경여세계,Chong Qing Yu Shi Jie
管理会计学刊,Glkjxk
信息网络,Information Network  신식망락,Xin Xi Wang Luo
大众投资指南,Popular Investment Guide,Da Zhong Tou Zi Zhi Nan
经济展望,Economic Outlook,Jing Ji Zhan Wang
山东行政学院学报,Journal of Shandong Administration Institute and Shandong Economic Management Personnel Institute  산동행정학원학보,Shan Dong Xing Zheng Xue Yuan Shan Dong Sheng Jing Ji Guan Li Gan Bu Xue Yuan Xue Bao
广告大观（理论版）,Advertising Panorama,Guang Gao Da Guan （ Li Lun Ban ）
中国城市金融,China Urban Finance  중국성시김융,Zhong Guo Cheng Shi Jin Rong
中国海关,China Customs  중국해관,Zhong Guo Hai Guan
世界经理人文摘,Chief Executive China,Shi Jie Jing Li Ren Wen Zhai
数据,Data  수거,Shu Ju
商展经济,Trade Fair Economy
农机市场,Agricultural Machinery Market  농기시장,Nong Ji Shi Chang
军事经济研究,Military Economic Research,Jun Shi Jing Ji Yan Jiu
山西农经,Shanxi Nongjing,Shan Xi Nong Jing
中国名牌,China Top Brands,Zhong Guo Ming Pai
中欧商业评论,Ceibs Business Review
广东财经职业学院学报,Journal of Guangdong College of Finance and Economics  광동재경직업학원학보,Guang Dong Cai Jing Zhi Ye Xue Yuan Xue Bao
中国电力企业管理,China Power Enterprise Management  중국전력기업관리,Zhong Guo Dian Li Qi Ye Guan Li
制度经济学研究,ZHIDU JINGJIXUE YAN JIU,Zhi Du Jing Ji Xue Yan Jiu
上海房地,Shanghai Real Estate,Shang Hai Fang Di
广告主市场观察,Advertiser market observer  광고주시장관찰,Guang Gao Zhu Shi Chang Guan Cha
农金纵横,Rural Finance Forun,Nong Jin Zong Heng
中国劳福事业,Welfare Undertaking of Chinese Workers,Zhong Guo Lao Fu Shi Ye
西部大开发（中旬刊）,Xibu dakaifa  서부대개발（중순간）,Xi Bu Da Kai Fa （ Zhong Xun Kan ）
中国经济周刊,China Economic Weekly  중국경제주간,Zhong Guo Jing Ji Zhou Kan
国际融资,International Financing  국제융자,Guo Ji Rong Zi
资本市场,The Capital Market,Zi Ben Shi Chang
湖北电业,Hubei Electric Power  호북전업,Hu Bei Dian Ye
商界,Business,Shang Jie
经济导报,Economic Reporter,Jing Ji Dao Bao
住宅与房地产·物业管理版,Housing and Real Estate,Zhu Zhai Yu Fang Di Chan · Wu Ye Guan Li Ban
西部旅游,Western Travel,Xi Bu Lu You
当代旅游（学术版）,Tourism Today  당대려유（학술판）,Dang Dai Lu You
工程经济信息,GONGCHENG JINGJI XINXI,Gong Cheng Jing Ji Xin Xi
营销科学学报,Journal of Marketing Science,Ying Xiao Ke Xue Xue Bao
核标准计量与质量,He BiaoZhun JiLiang Yu ZhiLiang  핵표준계량여질량,He Biao Zhun Ji Liang Yu Zhi Liang
企业家天地(上半月),Entrepreneurs World  기업가천지（중순간）,Qi Ye Jia Tian Di
大众商务,Popular Business  대상무,Da Zhong Shang Wu （ Tou Zi Ban ）
管理科学学报（英文）,Journal of Management Science and Engineering
现代商业银行,Modern Commercial Banking,Xian Dai Shang Ye Yin Xing
会计师,Accountant  회계사,Hui Ji Shi
北大商业评论,PKU BUSINESS Rebiew
花炮科技与市场,HUAPAO KEJI YU SHICHANG  화과기여시장,Hua Pao Ke Ji Yu Shi Chang
预算工作通讯,YUSUAN GONGZUO TONGXUN,Yu Suan Gong Zuo Tong Xun
现代经济信息,Modern Economic Information  현대경제신식,Xian Dai Jing Ji Xin Xi
新理财-公司理财,Corporate Finance  신리재-공사리재,Xin Li Cai
开放潮,Great Tide,Kai Fang Chao
电力技术,Electric Power Technology  전력기술,Dian Li Ji Shu
中外企业文化（上旬刊）,Chinese & Foreign Corporate Culture  중외기업문화,Zhong Wai Qi Ye Wen Hua
决策与信息（下旬刊）,Decision & Information  결책여신식（하순간）,Jue Ce Yu Xin Xi （ Xia Xun Kan ）
沪港经济,Shanghai & Hong Kong Economy  항경제,Hu Gang Jing Ji
新财经,New Finance and Economics  신재경,Xin Cai Jing
总裁,President  총재,Zong Cai
冶金信息导刊,Metallurgical Information Review  야김신식도간,Ye Jin Xin Xi Dao Kan
湖北农村金融研究,HUBEI NONGCUN JINRONG YANJIU,Hu Bei Nong Cun Jin Rong Yan Jiu
可持续发展经济导刊,China Sustainabitlity Tribune
中国管理信息化（综合版）,China Management Informationization  중국관리신식화（종합판）,Zhong Guo Guan Li Xin Xi Hua （ Zong He Ban ）
中国投资,China Investment,Zhong Guo Tou Zi
华北电业,North China Power  화북전업,Hua Bei Dian Ye
中国消费者,China Consumers,Zhong Guo Xiao Fei Zhe
商情,Shangqing  상정,Shang Qing
住宅与房地产,Housing and Real Estate,Zhu Zhai Yu Fang Di Chan
城市建设理论研究（电子版）,ChengShi Jianshe LiLun Yan Jiu,Csjsllyj
投资北京,Invest Beijing  투자북경,Tou Zi Bei Jing
时代金融（中旬）,Times finance  시대김융(중순),Shi Dai Jin Rong （ Zhong Xun ）
现代广告,Modern Advertising,Xian Dai Guang Gao
管理学家(实践版),Caijinjie(Guanlixuejia)  관리학가(실천판),Cai Jing Jie （ Guan Li Xue Jia ）
宁波经济（财经观点）,Ningbo Economy,Ning Bo Jing Ji
上海会计,Shanghai Accounting  상해회계,Shang Hai Hui Ji
航空财会,Aeronautical Finance and Accounting
复印报刊资料-财务与会计导刊分册,Development and Management of Human Resources,Fu Yin Bao Kan Zi Liao - Cai Wu Yu Hui Ji Dao Kan Fen Ce
统计理论与实践,Statistical Theory and Practice
经济与社会发展研究,Economic and Social Develop Research,Jing Ji Yu She Hui Fa Zhan Yan Jiu
南方企业家,Friend of the Factory Directors & Managers  남방기업가,Nan Fang Qi Ye Jia
上海国资,Capital Shanghai  상해국자,Shang Hai Guo Zi
纺织服装周刊,TEXTILE APPAREL WEEKLY  방직복장주간,Fang Zhi Fu Zhuang Zhou Kan
中国邮政,China Post,Zhong Guo You Zheng
物流技术（装备版）,LOGISTICS TECHNOLOGY（Equipment）  물류기술（장비판）,Wu Liu Ji Shu （ Zhuang Bei Ban ）
职业圈,Occupational Circle  ,Zhi Ye Quan
商品与质量·理论研究,Shangpin yu zhiliang  상품여질량·리론구,Shang Pin Yu Zhi Liang · Li Lun Yan Jiu
国际广告,International Advertising,Guo Ji Guang Gao
集团经济研究,Group Economics Research  집단경제구,Ji Tuan Jing Ji Yan Jiu
西藏旅游,Tibet Tour  서장려유,Xi Cang Lu You
自然资源通讯,National Land & Resources Information  국토자원통신,Guo Tu Zi Yuan Tong Xun
国企管理,China State-owned Enterprise Management,Guo Qi Guan Li
企业管理实践与思考,QIYE GUANLI SHIJIAN YU SIKAO,Qi Ye Guan Li Shi Jian Yu Si Kao
山西财税,Tax and finance of Shanxi,Shan Xi Cai Shui
中国农村信用合作,Rural Credit Cooperative of China,Zhong Guo Nong Cun Xin Yong He Zuo
发展论坛,FANZHAN LUNTAN,Fa Zhan Lun Tan
脱贫与致富,TUOPING YU ZHIFU  탈빈여치부,Tuo Pin Yu Zhi Fu
电子经理世界,DIANZI JINGLI SHIJIE  전자경리세계,Dian Zi Jing Li Shi Jie
职业时空（上半月版）,Career Horizon  ,Zhi Ye Shi Kong （ Shang Ban Yue Ban ）
中国货币市场,ZHONGGUO HUOBI SHICHANG,Zhong Guo Huo Bi Shi Chang
南方经济,South China Journal of Economics  남방경제,Nan Fang Jing Ji
通信企业管理,C-Enterprise Management  통신기업관리,Tong Xin Qi Ye Guan Li
中国外经贸（英文版）,China Business,Zhong Guo Wai Jing Mao （ Ying Wen Ban ）
中国应急管理科学,Journal of China Emergency Management Science
中国品牌与防伪,China Brand and Anti-Counterfeition,Zhong Guo Fang Wei
决策与信息（中旬刊）,Decision & Information,Jue Ce Yu Xin Xi （ Zhong Xun Kan ）
东方经济,East Economy,Dong Fang Jing Ji
甘肃林业,Forestry of Gansu  감숙림업,Gan Su Lin Ye
企业文化(上旬刊),Corporate Corporate,Qi Ye Wen Hua
理财世界,FINANCIALWORLD  리재세계,Li Cai Shi Jie
国际技术经济研究,Studies in International Technology and Economy  국제기술경제구,Guo Ji Ji Shu Jing Ji Yan Jiu
技术开发与贸易机会,Technology Development and Trade Opportunities  기술개발여무역기회,Ji Shu Kai Fa Yu Mao Yi Ji Hui
理财（市场版）,LI-CAI  리재,Li Cai
中国供销商情·投资与营销,ZHONGGUO GONGXIAO SHANGQING·TOUZI YU YINGXIAO
中国与世界经济（英文版）,China & World Economy,Zhong Guo Yu Shi Jie Jing Ji （ Ying Wen Ban ）
世界电信,World Telecommunications  세계전신,Shi Jie Dian Xin
现代物业,Modern Property Management
饲料广角,Feed China  사료광각,Si Liao Guang Jiao
中外企业文化（下旬刊）,Chinese & Foreign Corporate Culture,Zwqywh-x
三联竞争力,Advantage  삼련경쟁력,San Lian Jing Zheng Li
中国印刷物资商情,China Printing Materials Market  중국인쇄물자상정,Zhong Guo Yin Shua Wu Zi Shang Qing
销售与管理,Sales&Management
南大商学评论,Nanjing Business Review,Nan Da Shang Xue Ping Lun
中国乡镇企业,China Township Enterprises  중국기업,Zhong Guo Xiang Zhen Qi Ye
当代经理人,Contemporary Manager,Dang Dai Jing Li Ren
东方企业家,Globai Views,Dong Fang Qi Ye Jia
中国包装,China Packaging  중국포장,Zhong Guo Bao Zhuang
公司,Company,Gong Si
中国财政与经济研究（英文版）,China Finance and Economic Review
国企,China SOE  국기,Guo Qi
劳动经济研究,Studies in Labor Economics
经济论坛,Economic Tribune  경제론단,Jing Ji Lun Tan
企业技术进步,Technological Development of Enterprise,Qi Ye Ji Shu Jin Bu
医学美学美容（财智）,Medical Aesthetics and Cosmetology  의학미학미용（재지）,Yi Xue Mei Xue Mei Rong （ Cai Zhi ）
金融管理研究,Journal of Finance and Management Research,Jin Rong Guan Li Yan Jiu
稀土信息,Rare Earth Information  희토신식,Xi Tu Xin Xi
经济与管理战略研究,Economics and Management Strategies Journal,Jing Ji Yu Guan Li Zhan Lue Yan Jiu
企业研究（策划与财富）,Corporation Research,Qi Ye Yan Jiu （ Ce Hua & Cai Fu ）
船舶经济贸易,Ship Economy & Trade  선박경제무역,Chuan Bo Jing Ji Mao Yi
新疆金融,Xinjiang Finance  신강김융,Xin Jiang Jin Rong
中国对外贸易,China's Foreign Trade  중국대외무역,Zhong Guo Dui Wai Mao Yi
管理与财富,Management and Fortune  관리여재부,Guan Li Yu Cai Fu
广西农村金融研究,Research of Finance of Guangxi Countryside  광서농촌김융구,Guang Xi Nong Cun Jin Rong Yan Jiu
首席财务官,CFO World
新农民,New Farmers  신농민(상반월),Xin Nong Min
乡镇企业导报,Journal of Township Enterprises,Xiang Zhen Qi Ye Dao Bao
中国物流与采购,China Logistics & Purchasing,Zhong Guo Wu Liu Yu Cai Gou
商,BUSINESS,Shang
产业经济评论,Modern Industrial Economy,Xian Dai Chan Ye Jing Ji
税收科技,Tax Science and Technology  세수과기,Shui Shou Ke Ji
国际工程与劳务,International Project Contracting and Labour Service,Guo Ji Gong Cheng Yu Lao Wu
商务周刊,Business Watch Magazine,Shang Wu Zhou Kan
经济视野,Economic Vision,Jing Ji Shi Ye
领导工作研究,LINGDAO GONGZUO YANJIU,Ling Dao Gong Zuo Yan Jiu
商品与质量·学术观察,Shangpin yu zhiliang  상품여질량·학술관찰,Shang Pin Yu Zhi Liang · Xue Shu Guan Cha
科技与金融,STF Monthly
江苏改革,Jiangsu Reform,Jiang Su Gai Ge
中国经济景气月报,China Monthly Economic Indicators,Zhong Guo Jing Ji Jing Qi Yue Bao
电子商务世界,Electronic Commerce World  전자상무세계,Dian Zi Shang Wu Shi Jie
电器,China Appliance  전기,Dian Qi
通信世界,Communications World  통신세계,Tong Xin Shi Jie A
中国电子商情·通信市场,Telecom Market  중국전자상정·통신시장,Tong Xin Shi Chang
新金融世界,New Finace World
生意与市场,SHENGYI YU SHICHANG,Sheng Yi Yu Shi Chang
化工科技市场,Chemical Technology Market  화공과기시장,Hua Gong Ke Ji Shi Chang
乡镇论坛,Tribune of Villages and Townships,Xiang Zhen Lun Tan
国际市场,World Market  국제시장,Guo Ji Shi Chang
江苏国土资源,Geoinformation of Jiangsu  강소국토자원,Jiang Su Guo Tu Zi Yuan
经济与政治研究（英文版）,Economic and Political Studies
中国经济学人（英文版）,China Economist
草原税务,Grasslands Tax Affairs,Cao Yuan Shui Wu
中国企业家,China Entrepreneur  중국기업가,Zhong Guo Qi Ye Jia
进出口经理人,World Trade Information of Mechanelectronics  진출구경리인,Jin Chu Kou Jing Li Ren
商业文化（下半月）,SHANGYEWENHUA  상업문화（하반월）,Shang Ye Wen Hua （ Xia Ban Yue ）
中国就业,China Employment,Zhong Guo Jiu Ye
中国建材,China Building Materials  중국건재,Zhong Guo Jian Cai
商品储运与养护,Storage Transportation & Preservation of Commodities  상품저운여양호,Shang Pin Chu Yun Yu Yang Hu
销售与市场,China Marketing,Xiao Shou Yu Shi Chang
中国经济报告,China Economic Report,Zhong Guo Jing Ji Bao Gao
财政经济评论,CAI ZHENG JINGJI PING LUN,Cai Zheng Jing Ji Ping Lun
新营销,New Maketing,Xin Ying Xiao
现代金融,Contemporary Finance,Xian Dai Jin Rong
旅游天地,Travelling Scope,Lu You Tian Di
环球市场信息导报,Global Marhet Information Guide  환구시장신식도보,Huan Qiu Shi Chang Xin Xi Dao Bao
上海保险,Shanghai Insurance,Shang Hai Bao Xian
中国自行车,China Bicycle  중국자행차,Zhong Guo Zi Xing Che
当代旅游,Tourism Today
注册税务师,THE CERTIFIED TAX AGENTS,Zhu Ce Shui Wu Shi
商业文化（上半月）,Business Culture  상업문화（상반월）,Shang Ye Wen Hua （ Shang Ban Yue ）
南北桥,South North Bridge  남북교,Nan Bei Qiao
广东审计,Guangdong Audit,Guang Dong Shen Ji
上海城市发展,Shanghai City Development,Shang Hai Cheng Shi Fa Zhan
致富时代（下半月）,Fortune Time  치부시대（하반월）,Zhi Fu Shi Dai （ Xia Ban Yue ）
中国地产市场,China Real Estate Market  중국지시장,Zhong Guo Di Chan Shi Chang
桂林旅游高等专科学校学报,Journal of Guilin Institute of Tourism  계림려유고등전과학교학보,Gui Lin Lu You Gao Deng Zhuan Ke Xue Xiao Xue Bao
上海商业,Shanghai Business  상해상업,Shang Hai Shang Ye
中国城市经济,China Urban Economy  중국성시경제,Zhong Guo Cheng Shi Jing Ji
世界政治经济学评论（英文版）,World Review of Political Economy
中国经济信息,China Economic Information  중국경제신식,Zhong Guo Jing Ji Xin Xi
精品,Superfine
城市质量监督,City Quality Supervision,Cheng Shi Zhi Liang Jian Du
商业故事,Business Story  상업고사,Shang Ye Gu Shi
城市建设,Chengshi Jianshe yu Shangye Wangdian  성시건설,Cheng Shi Jian She Yu Shang Ye Wang Dian
中国核工业,ZHONGGUO HEGONGYE  중국핵공업,Zhong Guo He Gong Ye
时尚旅游,SHISHANG LVYOU,Shi Shang Lu You
石油石化物资采购,Petroleum & Petrochemical Material Procurement  석유석화물자채구,Shi You Shi Hua Wu Zi Cai Gou
商业周刊（中文版）,Business Week(China),Shang Ye Zhou Kan （ Zhong Wen Ban ）
当代会计评论,Contemporary Accounting Review,Dang Dai Kuai Ji Ping Lun
山东农业（农村经济版）,Shandong Agriculture  산동농업（농촌경제판）,Shan Dong Nong Ye （ Nong Cun Jing Ji Ban ）
村委主任,cunwei zhuren  촌위주임,Shan Xi Nong Ye
金融管理与研究,Financial Management and Research,Hang Zhou Jin Rong Yan Xiu Xue Yuan Xue Bao
经济研究参考,Review of Economic Research  경제구참고,Jing Ji Yan Jiu Can Kao
商品与质量·建筑与发展,Shangpin yu zhiliang  상품여질량·건축여발전,Shang Pin Yu Zhi Liang · Jian Zhu Yu Fa Zhan
旅游世界·旅友,Lvyou Shijie·Lvyou  려유세계·려우,Lv You Shi Jie · Jia Ting Lv You
民营科技,Non-State Running Science & Technology Enterprises  민영과기,Min Ying Ke Ji
国有经济评论,GUO YOU JINGJI PING LUN,Guo You Jing Ji Ping Lun
北京金融评论,BEIJING JINGRONG PING LUN,Bei Jing Jin Rong Ping Lun
统计教育,Statistical Education,Tong Ji Jiao Yu
资治文摘（管理版）,zizhi wenzhai  자치문적（관리판）,Zi Zhi Wen Zhai （ Guan Li Ban ）
中国城乡桥,ZHONGGUO（CHENGXIANG QIAO）  중국성교,Zhong Guo Cheng Xiang Qiao
旅游纵览,tourism overview  려유종람,Lu You Zong Lan
创新与创业管理,Management of Innovation and Entrepreneurship,Cxycygl
国际技术装备与贸易,World Technology  Equipment And Trade Magazine,Guo Ji Ji Shu Mao Yi
中国石油石化,China Petrochem  중국석유석화,Zhong Guo Shi You Shi Hua
市场营销,Marketing,Shi Chang Ying Xiao
西部论坛（陕西）,Chinese West Tribune,Xi Bu Lun Tan
西部论丛,Western Forum,Xi Bu Lun Cong
西藏经济,XIZANG JINGJI,Xi Cang Jing Ji
商品与质量·焦点关注,Shangpin yu zhiliang  상품여질량·과학리론,Shang Pin Yu Zhi Liang · Ke Xue Li Lun
财会通讯,Communication Of Finance and Accounting,Cai Hui Tong Xun
重庆工贸职业技术学院学报,Journal of Chongqing Industry & Trade Polytechnic
供应链管理,Supply Chain Management
广西经济,Guangxi Economy,Guang Xi Jing Ji
财经人物,Fortune Owner,Cai Jing Ren Wu
四川财政,Sichuan Public Finance,Si Chuan Cai Zheng
金融学季刊,Quarterly Journal of Finance,Jin Rong Xue Ji Kan
车间管理,Workshop Management,Che Jian Guan Li
秘书,Secretary  비서,Mi Shu
湖南涉外经济学院学报,Journal of Hunan College of International Economics,Hu Nan She Wai Jing Ji Xue Yuan Xue Bao
长三角,ChangSanJiao  장삼각,Chang San Jiao
生态经济（英文版）,Ecological Economy  생태경제（영문판）,Sheng Tai Jing Ji （ Ying Wen Ban ）
中亚信息,Central Asian Information,Zhong Ya Xin Xi
企业家天地(下半月),Entrepreneurs World  기업가천지（하순간）,Qi Ye Jia Tian Di （ Xia Ban Yue Ban ）
现代邮政,XIANDAI YOUZHENG,Xian Dai You Zheng
中国信息界,China Information Times  중국신식계,Zhong Guo Xin Xi Jie
中国标准化,China Standardization  중국표준화,Zhong Guo Biao Zhun Hua
中国外资（下半月）,Foreign Investment in China  중국외자（하반월）,Zhong Guo Wai Zi
保险理论与实践,Insurance Theory&Practice,Bao Xian Li Lun Yu Shi Jian
国有资产管理,State Assets Management,Guo You Zi Chan Guan Li
公司治理评论,GONGSI ZHILI PING LUN,Gong Si Zhi Li Ping Lun
环球财经,Global Finance  환구재경,Huan Qiu Cai Jing
