植物营养与肥料学报,Plant Nutrition and Fertilizer Science  식물영양여비료학보,Zhi Wu Ying Yang Yu Fei Liao Xue Bao
土壤学报,Acta Pedologica Sinica  토양학보,Tu Rang Xue Bao
农业工程学报,Transactions of the Chinese Society of Agricultural Engineering  농업공정학보,Nong Ye Gong Cheng Xue Bao
中国农业科学,Scientia Agricultura Sinica  중국농업과학,Zhong Guo Nong Ye Ke Xue
中国农业资源与区划,Chinese Journal of Agricultural Resources and Regional Planning  중국농업자원여구획,Zhong Guo Nong Ye Zi Yuan Yu Qu Hua
农业机械学报,Transactions of the Chinese Society for Agricultural Machinery  농업기계학보,Nong Ye Ji Xie Xue Bao
中国生态农业学报（中英文）,Chinese Journal of Eco-Agriculture  중국생태농업학보,Zhong Guo Sheng Tai Nong Ye Xue Bao
水土保持应用技术,Technology of Soil and Water Conservation  수토보지응용기술,Shui Tu Bao Chi Ying Yong Ji Shu
林产工业,China Forest Products Industry  림공업,Lin Chan Gong Ye
农业现代化研究,Research of Agricultural Modernization  농업현대화구,Nong Ye Xian Dai Hua Yan Jiu
草业科学,Pratacultural Science  초업과학,Cao Ye Ke Xue
干旱区研究,Arid Zone Research  건한구구,Gan Han Qu Yan Jiu
农业环境科学学报,Journal of Agro-Environment Science  농업환경과학학보,Nong Ye Huan Jing Ke Xue Xue Bao
核农学报,Journal of Nuclear Agricultural Sciences  핵농학보,He Nong Xue Bao
草业学报,Acta Prataculturae Sinica  초업학보,Cao Ye Xue Bao
中南林业科技大学学报,Journal of Central South University of Forestry & Technology  중남림업과기대학학보,Zhong Nan Lin Ye Ke Ji Da Xue Xue Bao
土壤,Soils  토양,Tu Rang
中国农业气象,Chinese Journal of Agrometeorology  중국농업기상,Zhong Guo Nong Ye Qi Xiang
作物学报,Acta Agronomica Sinica  작물학보,Zuo Wu Xue Bao
森林工程,Forest Engineering  삼림공정,Sen Lin Gong Cheng
农产品质量与安全,Quality And Safety Of Agro-Products  농품질량여안전,Nong Ye Zhi Liang Biao Zhun
水土保持学报,Journal of Soil and Water Conservation  수토보지학보,Shui Tu Bao Chi Xue Bao
植物遗传资源学报,Journal of Plant Genetic Resources  식물유전자원학보,Zhi Wu Yi Chuan Zi Yuan Xue Bao
林业工程学报,Journal of Forestry Engineering  림업과기개발,Lin Ye Ke Ji Kai Fa
生态学杂志,Chinese Journal of Ecology  생태학잡지,Sheng Tai Xue Za Zhi
棉花学报,Cotton Science  면화학보,Mian Hua Xue Bao
农业经济与管理,Agricultural Economics and Management  농업경제여관리,Yu Ye Jing Ji Yan Jiu
水土保持研究,Research of Soil and Water Conservation  수토보지구,Shui Tu Bao Chi Yan Jiu
茶叶科学,Journal of Tea Science  다엽과학,Cha Ye Ke Xue
经济林研究,Nonwood Forest Research  경제림구,Jing Ji Lin Yan Jiu
动物营养学报,Chinese Journal Of Animal Nutrition  동물영양학보,Dong Wu Ying Yang Xue Bao
园艺学报,Acta Horticulturae Sinica  원예학보,Yuan Yi Xue Bao
杂草学报,Weed Science  잡초과학,Za Cao Ke Xue
果树学报,Journal of Fruit Science  과수학보,Guo Shu Xue Bao
林业经济问题,Problems of Forestry Economics  림업경제문제,Lin Ye Jing Ji Wen Ti
中国水土保持科学,Science of Soil and Water Conservation  중국수토보지과학,Zhong Guo Shui Tu Bao Chi Ke Xue
北京林业大学学报,Journal of Beijing Forestry University  북경림업대학학보,Bei Jing Lin Ye Da Xue Xue Bao
风景园林,Landscape Architecture  풍경원림,Feng Jing Yuan Lin
南方水产科学,South China Fisheries Science  남방수과학,Nan Fang Shui Chan
中国水稻科学,Chinese Journal of Rice Science  중국수도과학,Zhong Guo Shui Dao Ke Xue
江苏农业学报,Jiangsu Journal of Agricultural Sciences  강소농업학보,Jiang Su Nong Ye Xue Bao
作物杂志,Crops  작물잡지,Zuo Wu Za Zhi
中国草地学报,Chinese Journal of Grassland  중국초지학보,Zhong Guo Cao Di Xue Bao
林业科学,Scientia Silvae Sinicae  림업과학,Lin Ye Ke Xue
中国土壤与肥料,Soils and Fertilizers Sciences in China  중국토양여비료,Zhong Guo Tu Rang Yu Fei Liao
农业科技管理,Management of Agriculture Science and Technology  농업과기관리,Nong Ye Ke Ji Guan Li
中国农业科技导报,Journal of Agricultural Science and Technology  중국농업과기도보,Zhong Guo Nong Ye Ke Ji Dao Bao
中国农业大学学报,Journal of China Agricultural University  중국농업대학학보,Zhong Guo Nong Ye Da Xue Xue Bao
土壤与作物,Soil and Crop,Tu Rang Yu Zuo Wu
农药学学报,Chinese Journal of Pesticide Science  농약학학보,Nong Yao Xue Xue Bao
中国烟草科学,Chinese Tobacco Science  중국연초과학,Zhong Guo Yan Cao Ke Xue
玉米科学,Journal of Maize Sciences  옥미과학,Yu Mi Ke Xue
中国烟草学报,Acta Tabacaria Sinica  중국연초학보,Zhong Guo Yan Cao Xue Bao
农业资源与环境学报,Journal of Agricultural Resources and Environment  농업환경여발전,Nong Ye Huan Jing Yu Fa Zhan
南方农业学报,Journal of Southern Agriculture  남방농업학보,Guang Xi Nong Ye Ke Xue
西北林学院学报,Journal of Northwest Forestry University  서북림학원학보,Xi Bei Lin Xue Yuan Xue Bao
南京农业大学学报,Journal of Nanjing Agricultural University  남경농업대학학보,Nan Jing Nong Ye Da Xue Xue Bao
灌溉排水学报,Journal of Irrigation and Drainage  관배수학보,Guan Gai Pai Shui Xue Bao
中国油料作物学报,Chinese Journal of Oil Crop Sciences  중국유료작물학보,Zhong Guo You Liao Zuo Wu Xue Bao
草地学报,Acta Agrestia Sinica  초지학보,Cao Di Xue Bao
南方农机,South Agricultural Machinery  남방농기,Nan Fang Nong Ji
保鲜与加工,Storage and Process  보선여가공,Bao Xian Yu Jia Gong
南京林业大学学报（自然科学版）,Journal of Nanjing Forestry University(Natural Science Edition)  남경림업대학학보（자연과학판）,Nan Jing Lin Ye Da Xue Xue Bao （ Zi Ran Ke Xue Ban ）
植物保护学报,Acta Phytophylacica Sinica  식물보호학보,Zhi Wu Bao Hu Xue Bao
河北农业大学学报（农林教育版）,Journal of Agricultural University of Hebei(Agriculture and Forestry Education)  하북농업대학학보（농림육판）,He Bei Nong Ye Da Xue Xue Bao （ Nong Lin Jiao Yu Ban ）
高等农业教育,Higher Agricultural Education  고등농업육,Gao Deng Nong Ye Jiao Yu
植物保护,Plant Protection  식물보호,Zhi Wu Bao Hu
吉林农业大学学报,Journal of Jilin Agricultural University  길림농업대학학보,Ji Lin Nong Ye Da Xue Xue Bao
华中农业大学学报,Journal of Huazhong Agricultural University  화중농업대학학보,Hua Zhong Nong Ye Da Xue Xue Bao
排灌机械工程学报,Journal of Drainage and Irrigation Machinery Engineering  배관기계공정학보,Pai Guan Ji Xie
中国生物防治学报,Chinese Journal of Biological Control  중국생물방치학보,Zhong Guo Sheng Wu Fang Zhi
华北农学报,Acta Agriculturae Boreali-Sinica  화북농학보,Hua Bei Nong Xue Bao
中国城市林业,Journal of Chinese Urban Forestry  중국성시림업,Zhong Guo Cheng Shi Lin Ye
森林与环境学报,Journal of Forest and Environment  복건림학원학보,Fu Jian Lin Xue Yuan Xue Bao
土壤通报,Chinese Journal of Soil Science  토양통보,Tu Rang Tong Bao
中国林业教育,Forestry Education in China  중국림업육,Zhong Guo Lin Ye Jiao Yu
大连海洋大学学报,Journal of Dalian Fisheries University  대련해양대학학보,Da Lian Shui Chan Xue Yuan Xue Bao
水产学报,Journal of Fisheries of China  수학보,Shui Chan Xue Bao
林业科学研究,Forest Research  림업과학구,Lin Ye Ke Xue Yan Jiu
麦类作物学报,Journal of Triticeae Crops  맥류작물학보,Mai Lei Zuo Wu Xue Bao
世界林业研究,World Forestry Research  세계림업구,Shi Jie Lin Ye Yan Jiu
菌物研究,Journal of Fungal Research  균물구,Jun Wu Yan Jiu
华南农业大学学报,Journal of South China Agricultural University  화남농업대학학보,Hua Nan Nong Ye Da Xue Xue Bao
浙江农林大学学报,Journal of Zhejiang A&F University  절강농림대학학보,Zhe Jiang Lin Xue Yuan Xue Bao
世界农业,World Agriculture  세계농업,Shi Jie Nong Ye
河南农业科学,Journal of Henan Agricultural Sciences  하남농업과학,He Nan Nong Ye Ke Xue
西北农林科技大学学报（自然科学版）,Journal of Northwest A&F University(Natural Science Edition)  서북농림과기대학학보（자연과학판）,Xi Bei Nong Lin Ke Ji Da Xue Xue Bao （ Zi Ran Ke Xue Ban ）
中国兽医学报,Chinese Journal of Veterinary Science  중국수의학보,Zhong Guo Shou Yi Xue Bao
中国马铃薯,Chinese Potato Journal  중국마령서,Zhong Guo Ma Ling Shu
水生生物学报,Acta Hydrobiologica Sinica  수생생물학보,Shui Sheng Sheng Wu Xue Bao
昆虫学报,Acta Entomologica Sinica  곤충학보,Kun Chong Xue Bao
农业展望,Agricultural Outlook  농업전망,Nong Ye Zhan Wang
农机化研究,Journal of Agricultural Mechanization Research  농기화구,Nong Ji Hua Yan Jiu
东北林业大学学报,Journal of Northeast Forestry University  동북림업대학학보,Dong Bei Lin Ye Da Xue Xue Bao
中国水产科学,Journal of Fishery Sciences of China  중국수과학,Zhong Guo Shui Chan Ke Xue
水土保持通报,Bulletin of Soil and Water Conservation  수토보지통보,Shui Tu Bao Chi Tong Bao
植物病理学报,Acta Phytopathologica Sinica  식물병리학보,Zhi Wu Bing Li Xue Bao
花生学报,Journal of Peanut Science  화생학보,Hua Sheng Xue Bao
林业资源管理,Forest Resources Management  림업자원관리,Lin Ye Zi Yuan Guan Li
江西农业大学学报,Acta Agriculturae Universitatis Jiangxiensis(Natural Sciences Edition)  강서농업대학학보,Jiang Xi Nong Ye Da Xue Xue Bao
畜牧兽医学报,Acta Veterinaria Et Zootechnica Sinica  축목수의학보,Xu Mu Shou Yi Xue Bao
中国畜牧兽医,China Animal Husbandry & Veterinary Medicine  중국축목수의,Zhong Guo Xu Mu Shou Yi
干旱地区农业研究,Agricultural Research In The Arid Areas  건한지구농업구,Gan Han Di Qu Nong Ye Yan Jiu
海洋渔业,Marine Fisheries  해양어업,Hai Yang Yu Ye
渔业科学进展,Progress In Fishery Sciences  어업과학진전,Hai Yang Shui Chan Yan Jiu
渔业现代化,Fishery Modernization  어업현대화,Yu Ye Xian Dai Hua
林业与环境科学,Guangdong Forestry Science and Technology  광동림업과기,Guang Dong Lin Ye Ke Ji
中国农学通报,Chinese Agricultural Science Bulletin  중국농학통보,Zhong Guo Nong Xue Tong Bao
山西农业大学学报（自然科学版）,Journal of Shanxi Agricultural University(Natural Science Edition)  산서농업대학학보（자연과학판）,Shan Xi Nong Ye Da Xue Xue Bao （ Zi Ran Ke Xue Ban ）
中国糖料,Sugar Crops of China  중국당료,Zhong Guo Tang Liao
热带作物学报,Chinese Journal of Tropical Crops  열대작물학보,Re Dai Zuo Wu Xue Bao
上海海洋大学学报,Journal of Shanghai Ocean University  상해해양대학학보,Shang Hai Shui Chan Da Xue Xue Bao
经济动物学报,Journal of Economic Animal  경제동물학보,Jing Ji Dong Wu Xue Bao
茶叶学报,Tea Science and Technology  다엽과학기술,Cha Ye Ke Xue Ji Shu
东北农业大学学报,Journal of Northeast Agricultural University  동북농업대학학보,Dong Bei Nong Ye Da Xue Xue Bao
植物资源与环境学报,Journal of Plant Resources and Environment  식물자원여환경학보,Zhi Wu Zi Yuan Yu Huan Jing Xue Bao
中国植保导刊,China Plant Protection  중국식보도간,Zhong Guo Zhi Bao Dao Kan
中国农业教育,China Agricultural Education  중국농업육,Zhong Guo Nong Ye Jiao Yu
山西农业科学,Journal of Shanxi Agricultural Sciences  산서농업과학,Shan Xi Nong Ye Ke Xue
中国饲料,China Feed  중국사료,Zhong Guo Si Liao
节水灌溉,Water Saving Irrigation  절수관,Jie Shui Guan Gai
浙江农业学报,Acta Agriculturae Zhejiangensis  절강농업학보,Zhe Jiang Nong Ye Xue Bao
中国稻米,China Rice  중국도미,Zhong Guo Dao Mi
中国果树,China Fruits  중국과수,Zhong Guo Guo Shu
农药,Agrochemicals  농약,Nong Yao
西北农业学报,Acta Agriculturae Boreali-occidentalis Sinica  서북농업학보,Xi Bei Nong Ye Xue Bao
西南林业大学学报,Journal of Southwest Forestry University  서남림업대학학보,Xi Nan Lin Xue Yuan Xue Bao
中国动物检疫,CHINA ANIMAL HEALTH INSPECTION  중국동물검역,Zhong Guo Dong Wu Jian Yi
作物研究,Crop Research  작물구,Zuo Wu Yan Jiu
黑龙江八一农垦大学学报,Journal of Heilongjiang August First Land Reclamation University  흑룡강팔일농간대학학보,Hei Long Jiang Ba Yi Nong Ken Da Xue Xue Bao
世界竹藤通讯,World Bamboo and Rattan  세계죽등통신,Shi Jie Zhu Teng Tong Xun
扬州大学学报（农业与生命科学版）,Journal of Yangzhou University(Agricultural and Life Science Edition)  양주대학학보（농업여생명과학판）,Yang Zhou Da Xue Xue Bao （ Nong Ye Yu Sheng Ming Ke Xue Ban ）
沈阳农业大学学报,Journal of Shenyang Agricultural University  심양농업대학학보,Shen Yang Nong Ye Da Xue Xue Bao
农业生物技术学报,Journal of Agricultural Biotechnology  농업생물기술학보,Nong Ye Sheng Wu Ji Shu Xue Bao
水产科学,Fisheries Science  수과학,Shui Chan Ke Xue
农学学报,JOURNAL OF AGRICULTURE  농학학보,Zhong Guo Nong Cun Xiao Kang Ke Ji
河北农业大学学报,Journal of Agricultural University of Hebei  하북농업대학학보,He Bei Nong Ye Da Xue Xue Bao
中国畜牧杂志,Chinese Journal of Animal Science  중국축목잡지,Zhong Guo Xu Mu Za Zhi
中国沼气,China Biogas  중국소기,Zhong Guo Zhao Qi
中国蔬菜,China Vegetables  중국소채,Zhong Guo Shu Cai
中国农村科技,China Rural Science & Technology  중국농촌과기,Zhong Guo Nong Cun Ke Ji
分子植物育种,Molecular Plant Breeding  분자식물육종,Fen Zi Zhi Wu Yu Zhong
西南农业学报,Southwest China Journal of Agricultural Sciences  서남농업학보,Xi Nan Nong Ye Xue Bao
延边大学农学学报,Journal of Agricultural Science Yanbian University  연변대학농학학보,Yan Bian Da Xue Nong Xue Xue Bao
四川农业大学学报,Journal of Sichuan Agricultural University  사천농업대학학보,Si Chuan Nong Ye Da Xue Xue Bao
江苏农业科学,Jiangsu Agricultural Sciences  강소농업과학,Jiang Su Nong Ye Ke Xue
大豆科学,Soybean Science  대두과학,Da Dou Ke Xue
动物医学进展,Progress in Veterinary Medicine  동물의학진전,Dong Wu Yi Xue Jin Zhan
江西农业学报,Acta Agriculturae Jiangxi  강서농업학보,Jiang Xi Nong Ye Xue Bao
亚热带农业研究,Subtropical Agriculture Research  아열대농업구,Ya Re Dai Nong Ye Yan Jiu
浙江大学学报（农业与生命科学版）,Journal of Zhejiang University(Agriculture & Life Sciences)  절강대학학보（농업여생명과학판）,Zhe Jiang Da Xue Xue Bao （ Nong Ye Yu Sheng Ming Ke Xue Ban ）
家禽科学,Poultry Science  가금과학,Jia Qin Ke Xue
中国预防兽医学报,Chinese Journal of Preventive Veterinary Medicine  중국예방수의학보,Zhong Guo Yu Fang Shou Yi Xue Bao
中国蚕业,China Sericulture  중국잠업,Zhong Guo Can Ye
中国渔业质量与标准,China Fishery Quality And Standards  중국어업질량여표준,Zhong Guo Shui Chan Wen Zhai
云南农业大学学报（自然科学）,Journal of Yunnan Agricultural University  운남농업대학학보,Yun Nan Nong Ye Da Xue Xue Bao
中国兽医科学,Chinese Veterinary Science  중국수의과학,Zhong Guo Shou Yi Ke Xue
林业与生态科学,Forestry and Ecological Sciences  하북림과구,He Bei Lin Guo Yan Jiu
中国家禽,China Poultry  중국가금,Zhong Guo Jia Qin
林产化学与工业,Chemistry and Industry of Forest Products  림화학여공업,Lin Chan Hua Xue Yu Gong Ye
土壤圈（英文版）,An International Journal Pedosphere  토양권（의역명）,Tu Rang Quan （ Yi Yi Ming ）
林业科技情报,Forestry Science and Technology Information  림업과기정보,Lin Ye Ke Ji Qing Bao
上海交通大学学报（农业科学版）,Journal of Shanghai Jiaotong University(Agricultural Science)  상해교통대학학보（농업과학판）,Shang Hai Jiao Tong Da Xue Xue Bao （ Nong Ye Ke Xue Ban ）
福建农林大学学报（自然科学版）,Journal of Fujian Agriculture and Forestry University(Natural Science Edition)  복건농림대학학보（자연과학판）,Fu Jian Nong Lin Da Xue Xue Bao （ Zi Ran Ke Xue Ban ）
贵州农业科学,Guizhou Agricultural Sciences  귀주농업과학,Gui Zhou Nong Ye Ke Xue
家畜生态学报,Acta Ecologae Animalis Domastici  가축생태학보,Jia Xu Sheng Tai Xue Bao
中国动物传染病学报,Chinese Journal of Veterinary Parasitology  중국동물전염병학보,Zhong Guo Shou Yi Ji Sheng Chong Bing
山东农业大学学报（自然科学版）,Journal of Shandong Agricultural University(Natural Science Edition)  산동농업대학학보（자연과학판）,Shan Dong Nong Ye Da Xue Xue Bao （ Zi Ran Ke Xue Ban ）
福建茶叶,Tea in Fujian  복건다엽,Fu Jian Cha Ye
中国森林病虫,Forest Pest and Disease  중국삼림병충,Zhong Guo Sen Lin Bing Chong
淡水渔业,Freshwater Fisheries  담수어업,Dan Shui Yu Ye
山东农业科学,Shandong Agricultural Sciences  산동농업과학,Shan Dong Nong Ye Ke Xue
广东农业科学,Guangdong Agricultural Sciences  광동농업과학,Guang Dong Nong Ye Ke Xue
甘肃农业大学学报,Journal of Gansu Agricultural University  감숙농업대학학보,Gan Su Nong Ye Da Xue Xue Bao
中国麻业科学,Plant Fiber Sciences in China  중국마업과학,Zhong Guo Ma Ye Ke Xue
北京农业职业学院学报,Journal of Beijing Vocational College  북경농업직업학원학보,Bei Jing Nong Ye Zhi Ye Xue Yuan Xue Bao
现代农药,Modern Agrochemicals  현대농약,Xian Dai Nong Yao
中国农机化学报,Journal of Chinese Agricultural Mechanization  중국농기화,Zhong Guo Nong Ji Hua
西南大学学报（自然科学版）,Journal of Southwest University(Natural Science)  서남대학학보（자연과학판）,Xi Nan Da Xue Xue Bao （ Zi Ran Ke Xue Ban ）
热带农业科学,Chinese Journal of Tropical Agriculture  열대농업과학,Re Dai Nong Ye Ke Xue
中国瓜菜,China Cucurbits and Vegetables  중국과채,Zhong Guo Gua Cai
粮食储藏,Grain Storage  량식저장,Liang Shi Chu Cang
新疆农业科学,Xinjiang Agricultural Sciences  신강농업과학,Xin Jiang Nong Ye Ke Xue
林业机械与木工设备,Forestry Machinery & Woodworking Equipment  림업기계여목공설비,Lin Ye Ji Xie Yu Mu Gong She Bei
福建农业学报,Fujian Journal of Agricultural Sciences  복건농업학보,Fu Jian Nong Ye Xue Bao
中国农业信息,China Agricultural Information  중국농업신식,Zhong Guo Nong Ye Xin Xi
广西林业科学,Guangxi Forestry Science  광서림업과학,Guang Xi Lin Ye Ke Xue
中外葡萄与葡萄酒,Sino-Overseas Grapevine & Wine  중외포도여포도주,Zhong Wai Pu Tao Yu Pu Tao Jiu
安徽农业大学学报,Journal of Anhui Agricultural University  안휘농업대학학보,An Hui Nong Ye Da Xue Xue Bao
蚕业科学,Acta Sericologica Sinica  잠업과학,Can Ye Ke Xue
中国棉花,China Cotton  중국면화,Zhong Guo Mian Hua
中国水土保持,Soil and Water Conservation in China  중국수토보지,Zhong Guo Shui Tu Bao Chi
中国草食动物科学,China Herbivore Science  중국초식동물,Zhong Guo Cao Shi Dong Wu
甘肃农业科技,Gansu Agricultural Science and Technology  감숙농업과기,Gan Su Nong Ye Ke Ji
饲料工业,Feed Industry  사료공업,Si Liao Gong Ye
亚热带植物科学,Subtropical Plant Science  아열대식물과학,Ya Re Dai Zhi Wu Ke Xue
茶叶,Journal of Tea  다엽,Cha Ye
湿地科学与管理,Wetland Science & Management  습지과학여관리,Shi Di Ke Xue Yu Guan Li
现代园艺,Xiandai Horticulture  현대원예,Xian Dai Yuan Yi
东北农业科学,Journal of Northeast Agricultural Sciences  길림농업과학,Ji Lin Nong Ye Ke Xue
草原与草坪,Grassland and Turf  초원여초평,Cao Yuan Yu Cao Ping
养猪,Swine Production  양,Yang Zhu
现代畜牧兽医,Modern Journal of Animal Husbandry and Veterinary Medicine  현대축목수의,Xian Dai Xu Mu Shou Yi
北方园艺,Northern Horticulture  북방원예,Bei Fang Yuan Yi
河南农业大学学报,Journal of Henan Agricultural University  하남농업대학학보,He Nan Nong Ye Da Xue Xue Bao
农药科学与管理,Pesticide Science and Administration  농약과학여관리,Nong Yao Ke Xue Yu Guan Li
天津农业科学,Tianjin Agricultural Sciences  천진농업과학,Tian Jin Nong Ye Ke Xue
中国兽药杂志,Chinese Journal of Veterinary Drug  중국수약잡지,Zhong Guo Shou Yao Za Zhi
棉花科学,Cotton Sciences  강서면화,Jiang Xi Mian Hua
江苏林业科技,Journal of Jiangsu Forestry Science & Technology  강소림업과기,Jiang Su Lin Ye Ke Ji
渔业信息与战略,Modern Fisheries Information  현대어업신식,Xian Dai Yu Ye Xin Xi
水产学杂志,Chinese Journal of Fisheries  수학잡지,Shui Chan Xue Za Zhi
农业科学学报（英文）,Journal of Integrative Agriculture  중국농업과학（영문판）,Zhong Guo Nong Ye Ke Xue （ Ying Wen Ban ）
水产科技情报,Fisheries Science & Technology Information  수과기정보,Shui Chan Ke Ji Qing Bao
西部林业科学,Journal of West China Forestry Science  서부림업과학,Xi Bu Lin Ye Ke Xue
湖南农业大学学报（自然科学版）,Journal of Hunan Agricultural University(Natural Sciences)  호남농업대학학보（자연과학판）,Hu Nan Nong Ye Da Xue Xue Bao （ Zi Ran Ke Xue Ban ）
中国林业经济,China Forestry Economy  중국림업경제,Zhong Guo Lin Ye Jing Ji
中国南方果树,South China Fruits  중국남방과수,Zhong Guo Nan Fang Guo Shu
中国奶牛,China Dairy Cattle  중국우,Zhong Guo Nai Niu
天津农学院学报,Journal of Tianjin Agricultural College  천진농학원학보,Tian Jin Nong Xue Yuan Xue Bao
南方林业科学,Nanfang Forestry Science  강서림업과기,Jiang Xi Lin Ye Ke Ji
云南农业大学学报(社会科学版),Journal of Yunnan Agricultural University(Social Science)  운남농업대학학보(사회과학판),Yun Nan Nong Ye Da Xue Xue Bao （ She Hui Ke Xue Ban ）
广东海洋大学学报,Journal of Guangdong Ocean University  광동해양대학학보,Guang Dong Hai Yang Da Xue Xue Bao
南方农业,South China Agriculture  남방농업,Nan Fang Nong Ye
食用菌学报,Acta Edulis Fungi  식용균학보,Shi Yong Jun Xue Bao
农业工程,AGRICULTURAL  ENGINEERING  농업공정,Nong Ye Gong Cheng
广西蚕业,Guangxi Sericulture  광서잠업,Guang Xi Can Ye
河北农业科学,Journal of Hebei Agricultural Sciences  하북농업과학,He Bei Nong Ye Ke Xue
桉树科技,Eucalypt Science & Technology  수과기,An Shu Ke Ji
生物灾害科学,Biological Disaster Science  강서식보,Jiang Xi Zhi Bao
渔业研究,Journal of Fisheries Research  복건수,Fu Jian Shui Chan
林业建设,Forestry Construction  림업건설,Lin Ye Jian She
人参研究,RENSHEN YANJIU  인참구,Ren Can Yan Jiu
林业科技,Forestry Science & Technology  림업과기,Lin Ye Ke Ji
浙江农业科学,Journal of Zhejiang Agricultural Sciences  절강농업과학,Zhe Jiang Nong Ye Ke Xue
热带生物学报,Journal of Tropical Biology  열대생물학보,Hua Nan Re Dai Nong Ye Da Xue Xue Bao
农产品加工（上半月）,Academic Periodical of Farm Products Processing  농품가공·학간,Nong Chan Pin Jia Gong · Xue Kan
畜牧与兽医,Animal Husbandry & Veterinary Medicine  축목여수의,Xu Mu Yu Shou Yi
种子,Seed  종자,Zhong Zi
湖南林业科技,Hunan Forestry Science & Technology  호남림업과기,Hu Nan Lin Ye Ke Ji
特产研究,Special Wild Economic Animal and Plant Research  특구,Te Chan Yan Jiu
湖南农业科学,Hunan Agricultural Sciences  호남농업과학,Hu Nan Nong Ye Ke Xue
林业调查规划,Forest Inventory and Planning  림업조규획,Lin Ye Diao Cha Gui Hua
中国种业,China Seed Industry  중국종업,Zhong Guo Zhong Ye
上海农业学报,Acta Agriculturae Shanghai  상해농업학보,Shang Hai Nong Ye Xue Bao
茶叶通讯,Tea Communication  다엽통신,Cha Ye Tong Xun
辽宁农业科学,Liaoning Agricultural Sciences  료녕농업과학,Liao Ning Nong Ye Ke Xue
浙江林业科技,Journal of Zhejiang Forestry Science and Technology  절강림업과기,Zhe Jiang Lin Ye Ke Ji
饲料研究,Feed Research  사료구,Si Liao Yan Jiu
乳业科学与技术,Journal of Dairy Science and Technology  유업과학여기술,Ru Ye Ke Xue Yu Ji Shu
畜牧与饲料科学,Animal Husbandry and Feed Science  축목여사료과학,Xu Mu Yu Si Liao Ke Xue
种业导刊,Journal Of Seed Industry Guide  종업도간,Zhong Ye Dao Kan
吉林农业科技学院学报,Journal of Jilin Agricultural Science and Technology College  길림농업과기학원학보,Ji Lin Nong Ye Ke Ji Xue Yuan Xue Bao
北方农业学报,Inner Mongolia Agricultural Science and Technology  내몽고농업과기,Nei Meng Gu Nong Ye Ke Ji
中国渔业经济,Chinese Fisheries Economics  중국어업경제,Zhong Guo Yu Ye Jing Ji
亚热带水土保持,Subtropical Soil and Water Conservation  아열대수토보지,Ya Re Dai Shui Tu Bao Chi
湖北农业科学,Hubei Agricultural Sciences  호북농업과학,Hu Bei Nong Ye Ke Xue
农业与技术,Agriculture & Technology  농업여기술,Nong Ye Yu Ji Shu
山地农业生物学报,Journal of Mountain Agriculture and Biology  산지농업생물학보,Shan Di Nong Ye Sheng Wu Xue Bao
绿色科技,Journal of Green Science and Technology  록색과기,Lu Se Da Shi Jie
林业勘察设计,Forestry Prospect and Design  림업감찰설계,Lin Ye Kan Cha She Ji
中国农史,Agricultural History of China  중국농사,Zhong Guo Nong Shi
食用菌,Edible Fungi  식용균,Shi Yong Jun
贵州林业科技,Guizhou Forestry Science and Technology  귀주림업과기,Gui Zhou Lin Ye Ke Ji
杂交水稻,Hybrid Rice  잡교수도,Za Jiao Shui Dao
野生动物学报,Chinese Journal of Wildlife  야생동물,Ye Sheng Dong Wu
陕西农业科学,Shaanxi Journal of Agricultural Sciences  섬서농업과학,Shan Xi Nong Ye Ke Xue
腐植酸,Humic Acid  부식산,Fu Zhi Suan
中国热带农业,China Tropical Agriculture  중국열대농업,Zhong Guo Re Dai Nong Ye
国家林业和草原局管理干部学院学报,National Academy of Forestry and Grassland Administration Journal  국가림업국관리간부학원학보,Guo Jia Lin Ye Ju Guan Li Gan Bu Xue Yuan Xue Bao
安徽农业科学,Journal of Anhui Agricultural Sciences  안휘농업과학,An Hui Nong Ye Ke Xue
北京农学院学报,Journal of Beijing University OF Agriculture  북경농학원학보,Bei Jing Nong Xue Yuan Xue Bao
世界热带农业信息,World Tropical Agriculture Information  세계열대농업신식,Shi Jie Re Dai Nong Ye Xin Xi
福建林业科技,Journal of Fujian Forestry Science and Technology  복건림업과기,Fu Jian Lin Ye Ke Ji
作物学报（英文版）,The Crop Journal,Zuo Wu Xue Bao （ Ying Wen Ban ）
广东园林,Guangdong Landscape Architecture  광동원림,Guang Dong Yuan Lin
种子科技,Seed Science & Technology  종자과기,Zhong Zi Ke Ji
山东农业工程学院学报,Journal of Shandong Agricultural Administrators' College  산동성농업관리간부학원학보,Shan Dong Sheng Nong Ye Guan Li Gan Bu Xue Yuan Xue Bao
植物检疫,Plant Quarantine  식물검역,Zhi Wu Jian Yi
农产品加工（下半月）,AEM RODUCTS ROCESSING  농품가공·창신판,Nong Chan Pin Jia Gong · Chuang Xin Ban
水资源开发与管理,The Global Seabuckthorn Research and Development  국제사극구여개발,Guo Ji Sha Ji Yan Jiu Yu Kai Fa
内蒙古农业大学学报（自然科学版）,Journal of Inner Mongolia Agricultural University(Natural Science Edition)  내몽고농업대학학보（자연과학판）,Nei Meng Gu Nong Ye Da Xue Xue Bao （ Zi Ran Ke Xue Ban ）
中国水产,China Fisheries  중국수,Zhong Guo Shui Chan
陕西林业科技,Shaanxi Forest Science and Technology  섬서림업과기,Shan Xi Lin Ye Ke Ji
中国猪业,China Swine Industry,Zhong Guo Zhu Ye
竹子学报,Journal of Bamboo Research  죽자구휘간,Zhu Zi Yan Jiu Hui Kan
中国果菜,China Fruit aVegetable  중국과채,Zhong Guo Guo Cai
新疆农业大学学报,Journal of Xinjiang Agricultural University  신강농업대학학보,Xin Jiang Nong Ye Da Xue Xue Bao
四川林业科技,Journal of Sichuan Forestry Science and Technology  사천림업과기,Si Chuan Lin Ye Ke Ji
南方园艺,Southern Horticulture  남방원예,Nan Fang Yuan Yi
畜牧与生物技术杂志（英文版）,Journal of Animal Science and Biotechnology  축목여생물기술잡지(영문판),Xu Mu Yu Sheng Wu Ji Shu Za Zhi （ Ying Wen Ban ）
农村经济与科技,Rural Economy and Science-Technology  농촌경제여과기,Nong Cun Jing Ji Yu Ke Ji
辽宁农业职业技术学院学报,Journal of Liaoning Agricultural College  료녕농업직업기술학원학보,Liao Ning Nong Ye Zhi Ye Ji Shu Xue Yuan Xue Bao
农业科学研究,Journal of Agricultural Sciences  농업과학구,Nong Ye Ke Xue Yan Jiu
中国茶叶,China Tea  중국다엽,Zhong Guo Cha Ye
中国食用菌,Edible Fungi of China  중국식용균,Zhong Guo Shi Yong Jun
当代农机,Contemporary Farm Machinery  당대농기,Dang Dai Nong Ji
仲恺农业工程学院学报,Journal of ZhongKai University of Agriculture and Technology  중개농업공정학원학보,Zhong Kai Nong Ye Ji Shu Xue Yuan Xue Bao
农业工程技术,Applied Engineering Technology,Nong Ye Gong Cheng Ji Shu
大麦与谷类科学,Barley and Cereal Sciences  대맥여곡류과학,Da Mai Yu Gu Lei Ke Xue
草食家畜,Grass-feeding Livestock  초식가축,Cao Shi Jia Xu
吉林林业科技,Journal of Jilin Forestry Science and Technology  길림림업과기,Ji Lin Lin Ye Ke Ji
国际木业,International Wood Industry  국제목업,Guo Ji Mu Ye
农村·农业·农民B,Countryside Agriculture Peasantry  농촌·농업·농민B,Nong Cun · Nong Ye · Nong Min B
大豆科技,Soybean Science & Technology  대두과기,Da Dou Ke Ji
广西植保,Guangxi Plant Protection  광서식보,Guang Xi Zhi Bao
农业工程与装备,Agricul Engineering and Equipment  호남농기,Hu Nan Nong Ji
中国兽医杂志,Chinese Journal of Veterinary Medicine  중국수의잡지,Zhong Guo Shou Yi Za Zhi
青岛农业大学学报（自然科学版）,Journal of Qingdao Agricultural University（Ziran Kexueban)  도농업대학학보（자연과학판）,Qing Dao Nong Ye Da Xue Xue Bao （ Zi Ran Ke Xue Ban ）
甘肃农业,GANSU NONGYE  감숙농업,Gan Su Nong Ye
湖北林业科技,Hubei Forestry Science and Technology  호북림업과기,Hu Bei Lin Ye Ke Ji
世界农药,World Pesticides  세계농약,Shi Jie Nong Yao
园林,Landscape Architecture  원림,Yuan Lin
饲料博览,Feed Review  사료박람,Si Liao Bo Lan
福建热作科技,Fujian Science & Technology of Tropical Crops  복건열작과기,Fu Jian Re Zuo Ke Ji
新疆农垦经济,Xinjiang State Farms Economy  신강농간경제,Xin Jiang Nong Ken Jing Ji
农业科技与信息,Information of Agricultural Science and Technology  농업과기여신식,Nong Ye Ke Ji Yu Xin Xi
草原与草业,Grassland and Prataculture,Nei Meng Gu Cao Ye
绿色财会,Green Finance and Accounting  록색재회,Lu Se Cai Hui
热带林业,Tropical Forestry  열대림업,Re Dai Lin Ye
广东畜牧兽医科技,Guangdong Journal of Animal and Veterinary Science  광동축목수의과기,Guang Dong Xu Mu Shou Yi Ke Ji
中兽医医药杂志,Journal of Traditional Chinese Veterinary Medicine  중수의의약잡지,Zhong Shou Yi Yi Yao Za Zhi
中国动物保健,China Animal Health  중국동물보건,Zhong Guo Dong Wu Bao Jian
猪业科学,Swine Industry Science  업과학,Zhu Ye Ke Xue
热带农业科技,Tropical Agricultural Science & Technology  열대농업과기,Re Dai Nong Ye Ke Ji
山东林业科技,Journal of Shandong Forestry Science and Technology  산동림업과기,Shan Dong Lin Ye Ke Ji
中国牛业科学,China Cattle Science  중국우업과학,Zhong Guo Niu Ye Ke Xue
农村电气化,Rural Electrification,Nong Cun Dian Qi Hua
青海草业,Qinghai Prataculture  해초업,Qing Hai Cao Ye
磷肥与复肥,Phosphate & Compound Fertilizer  비여복비,Lin Fei Yu Fu Fei
草学,Prataculture & Animal Husbandry  초업여축목,Cao Ye Yu Xu Mu
乡村科技,Xiang Cun Ke ji  촌과기,Xiang Cun Ke Ji
黑龙江农业科学,Heilongjiang Agricultural Sciences  흑룡강농업과학,Hei Long Jiang Nong Ye Ke Xue
农业研究与应用,Agricultural Research and Application  농업구여응용,Guang Xi Re Dai Nong Ye
落叶果树,Deciduous Fruits  락엽과수,Luo Ye Guo Shu
畜牧兽医杂志,Journal of Animal Science and Veterinary Medicine  축목수의잡지,Xu Mu Shou Yi Za Zhi
农业科技与装备,Agricultural Science & Technology and Equipment  농업과기여장비,Nong Ye Ke Ji Yu Zhuang Bei
林业科技通讯,Practical Forestry Technology  림업실용기술,Lin Ye Shi Yong Ji Shu
中南林业调查规划,Central South Forest Inventory and Planning  중남림업조규획,Zhong Nan Lin Ye Diao Cha Gui Hua
安徽农学通报,Anhui Agricultural Science Bulletin  안휘농학통보,An Hui Nong Xue Tong Bao
现代农业科技,XianDai NongYe KeJi  현대농업과기,Xian Dai Nong Ye Ke Ji
河南农业,HENAN NONGYE  하남농업,He Nan Nong Ye
今日畜牧兽医,HEBEI XUMU SHOUYI  금일축목수의,Jin Ri Xu Mu Shou Yi
林业研究（英文版）,Journal of Forestry Research  림업구（영문판）,Lin Ye Yan Jiu （ Ying Wen Ban ）
农业开发与装备,Agricultural Development and Equipments  농업개발여장비,Nong Ye Kai Fa Yu Zhuang Bei
新疆畜牧业,XINJIANG XUMUYE  신강축목업,Xin Jiang Xu Mu Ye
水稻科学（英文版）,Rice Science  수도과학（영문판）,Shui Dao Ke Xue （ Ying Wen Ban ）
中国畜牧兽医文摘,ZHONGGUO XUMU SHOUYI WENZHAI(SHUOYI)  중국축목수의문적,Zhong Guo Xu Mu Shou Yi Wen Zhai
北方水稻,Nroth Rice  북방수도,Bei Fang Shui Dao
黑龙江生态工程职业学院学报,Journal of HeiLongJiang Vocational Institute of Ecological Engineering,Hei Long Jiang Sheng Tai Gong Cheng Zhi Ye Xue Yuan Xue Bao
广东蚕业,Guangdong Canye  광동잠업,Guang Dong Can Ye
中国林副特产,Forest by-Product and Speciality in China  중국림부특,Zhong Guo Lin Fu Te Chan
江西农业,JIANGXINONGYE,Jiang Xi Nong Ye
蚕桑茶叶通讯,Newsletter of Sericulture and Tea  잠상다엽통신,Can Sang Cha Ye Tong Xun
辣椒杂志,Journal of China Capsicum  랄초잡지,La Jiao Za Zhi
防护林科技,Protection Forest Science and Technology  방호림과기,Fang Hu Lin Ke Ji
科技视界,Science&Technology Vision  환구총물과기,Huan Qiu Sai Ge Ke Ji
辽宁林业科技,LiaoNing Forestry Science and Technology  료녕림업과기,Liao Ning Lin Ye Ke Ji
青海畜牧兽医杂志,Chinese Qighai Journal of Animal and Veterinary Sciences  해축목수의잡지,Qing Hai Xu Mu Shou Yi Za Zhi
中国农民合作社,China Farmers' Cooperatives,Zhong Guo Nong Min He Zuo She
江苏蚕业,Jiangsu Sericul Ture,Jiang Su Can Ye
宁夏农林科技,Ningxia Journal of Agriculture and Forestry Science and technology  녕하농림과기,Ning Xia Nong Lin Ke Ji
湖北畜牧兽医,Hubei Journal of Animal and Veterinary Sciences  호북축목수의,Hu Bei Xu Mu Shou Yi
内蒙古林业科技,Inner Mongolia Forestry Science and Technology  내몽고림업과기,Nei Meng Gu Lin Ye Ke Ji
福建农业科技,Fujian Agricultural Science and Technology  복건농업과기,Fu Jian Nong Ye Ke Ji
四川农业科技,Science and technology of Sichuan agriculture  사천농업과기,Si Chuan Nong Ye Ke Ji
甘肃畜牧兽医,Gansu Animal and Veterinary Sciences  감숙축목수의,Gan Su Xu Mu Shou Yi
河北林业科技,The Journal of Hebei Forestry Science and Technology  하북림업과기,He Bei Lin Ye Ke Ji
福建稻麦科技,Fujian Science and Technology of Rice and Wheat  복건도맥과기,Fu Jian Dao Mai Ke Ji
新疆农机化,Xinjiang Agricultural Mechanization  신강농기화,Xin Jiang Nong Ji Hua
蔬菜,Vegetables  소채,Shu Cai
广东饲料,Guangdong Feed  광동사료,Guang Dong Si Liao
中国园艺文摘,ZHONGGUO YUANYI WENZHAI  중국원예문적,Zhong Guo Yuan Yi Wen Zhai
现代农业装备,Modern Agricultural Equipments  현대농업장비,Xian Dai Nong Ye Zhuang Bei
中国畜禽种业,The Chinese Livestock and Poultry Breeding  중국축금종업,Zhong Guo Xu Qin Zhong Ye
吉林农业,JILIN NONGYE  길림농업,Ji Lin Nong Ye
耕作与栽培,Tillage and Cultivation  경작여재배,Geng Zuo Yu Zai Pei
河北农机,Hebei Farm Machinery  하북농기,He Bei Nong Ji
华东森林经理,East China Forest Management  화동삼림경리,Hua Dong Sen Lin Jing Li
山西林业科技,Shanxi Forestry Science and Technology  산서림업과기,Shan Xi Lin Ye Ke Ji
上海畜牧兽医通讯,Shanghai Journal of Animal Husbandry and Veterinary Medicine  상해축목수의통신,Shang Hai Xu Mu Shou Yi Tong Xun
森林防火,Forest Fire Prevention  삼림방화,Sen Lin Fang Huo
农业装备与车辆工程,Agricultural Equipment & Vehicle Engineering  농업장비여차량공정,Nong Ye Zhuang Bei Yu Che Liang Gong Cheng
中国农技推广,China Agricultural Technology Extension  중국농기추광,Zhong Guo Nong Ji Tui Guang
天津农林科技,Science and Technology of Tianjin Agriculture and Forestry  천진농림과기,Tian Jin Nong Lin Ke Ji
广西农学报,Journal of Guangxi Agriculture  광서농학보,Guang Xi Nong Xue Bao
浙江柑橘,Zhejiang Citrus  절강감귤,Zhe Jiang Gan Ju
水产养殖,Journal of Aquaculture  수양식,Shui Chan Yang Zhi
安徽林业科技,Anhui Forestry Science and Technology  안휘림업과기,An Hui Lin Ye Ke Ji
内蒙古林业调查设计,Inner Mongolia Forestry Investigation and Design  내몽고림업조설계,Nei Meng Gu Lin Ye Diao Cha She Ji
畜禽业,Livestock and Poultry Industry  축금업,Xu Qin Ye
东南园艺,Fujian Fruits  복건과수,Fu Jian Guo Shu
粮油与饲料科技,Grain Oil and Feed Technology  강서사료,Jiang Xi Si Liao
山西林业,Forestry of Shanxi  산서림업,Shan Xi Lin Ye
林业勘查设计,Forest Investigation Design  림업감설계,Lin Ye Kan Cha She Ji
当代畜禽养殖业,Modern Livestock and Poultry Breeding Industry,Dang Dai Xu Qin Yang Zhi Ye
园艺与种苗,Horticulture & Seed  원예여종묘,Za Liang Zuo Wu
农业科学与工程前沿（英文版）,Frontiers Agricultural Science and Engineering,Nong Ye Ke Xue Yu Gong Cheng Qian Yan （Ying Wen Ban）
农业灾害研究,JOURNAL of AGRICULTURAL CATASTROPHOLOGY,Nong Ye Zai Hai Yan Jiu
湖南饲料,Hu Nan Feed  호남사료,Hu Nan Si Liao
畜牧兽医科技信息,Chinese Journal of Animal Husbandry and Veterinary Medicine  축목수의과기신식,Xu Mu Shou Yi Ke Ji Xin Xi
养殖与饲料,Animals Breeding and Feed  양식여사료,Yang Zhi Yu Si Liao
青海农林科技,Science and Technology of Qinghai Agriculture and Forestry  해농림과기,Qing Hai Nong Lin Ke Ji
古今农业,Ancient and Modern Agriculture  고금농업,Gu Jin Nong Ye
中国果业信息,China Fruit News  중국과업신식,Zhong Guo Guo Ye Xin Xi
贵州畜牧兽医,GUIZHOU JOURNAL OF ANIMAL HUSBANDRY & VETERINARY MEDICINE  귀주축목수의,Gui Zhou Xu Mu Shou Yi
甘肃林业科技,Journal of Gansu Forestry Science and Technology  감숙림업과기,Gan Su Lin Ye Ke Ji
广西糖业,Guangxi Sugar Industry  광서자당,Guang Xi Zhe Tang
吉林蔬菜,Jilin Vegetable  길림소채,Ji Lin Shu Cai
上海农业科技,Shanghai Agricultural Science and Technology  상해농업과기,Shang Hai Nong Ye Ke Ji
农业科技通讯,Bulletin of Agricultural Science and Technology  농업과기통신,Nong Ye Ke Ji Tong Xun
林区教学,Teaching of Forestry Region  림구학,Lin Qu Jiao Xue
新疆农业科技,Xinjiang Agricultural Science and Technology  신강농업과기,Xin Jiang Nong Ye Ke Ji
北方蚕业,North Sericulture  북방잠업,Bei Fang Can Ye
河南林业科技,Journal of Henan Forestry Science and Technology  하남림업과기,He Nan Lin Ye Ke Ji
长江蔬菜,Journal of Changjiang Vegetables  장강소채,Chang Jiang Shu Cai
现代化农业,Modernizing Agriculture  현대화농업,Xian Dai Hua Nong Ye
中兽医学杂志,Chinese Journal of Traditional Veterinary Science  중수의학잡지,Zhong Shou Yi Xue Za Zhi
现代农村科技,xiandai nongcun keji  현대농촌과기,Xian Dai Nong Cun Ke Ji
吉林畜牧兽医,Jilin Animal Husbandry and Veterinary Medicine  길림축목수의,Ji Lin Xu Mu Shou Yi
广东茶业,Guangdong Tea  광동다업,Guang Dong Cha Ye
中国养兔,Chinese Journal of Rabbit Farming  중국양,Zhong Guo Yang Tu
中国农业文摘-农业工程,ZHONGGUO NONGYE WENZHAI（Nongye Gongcheng）,Zhong Guo Nong Ye Wen Zhai - Nong Ye Gong Cheng Fen Ce
西藏农业科技,Tibet Journal of Agricultural Sciences  서장농업과기,Xi Cang Nong Ye Ke Ji
山西水土保持科技,Soil and Water Conservation Science and Technology in Shanxi  산서수토보지과기,Shan Xi Shui Tu Bao Chi Ke Ji
农业装备技术,Agricultural Equipment & Technology  농업장비기술,Nong Ye Zhuang Bei Ji Shu
热带农业工程,Tropical Agricultural Engineering  열대농업공정,Re Dai Nong Ye Gong Cheng
上海蔬菜,Shanghai Vegetables  상해소채,Shang Hai Shu Cai
农民科技培训,Nongmin Keji Peixun  농민과기배훈,Nong Min Ke Ji Pei Xun
农村牧区机械化,NongCun MuQiu JiXieHua  농촌목구기계화,Nong Cun Mu Qu Ji Xie Hua
西北园艺(综合),Northwest Horticulture  서북원예(소채),Xi Bei Yuan Yi
海洋与渔业,Ocean and Fishery  해양여어업,Hai Yang Yu Yu Ye
现代畜牧科技,Modern Animal Husbandry Science & Technology  양식기술고문,Yang Zhi Ji Shu Gu Wen
湖南畜牧兽医,Hunan Journal of Animal Science & Veterinary Medicine  호남축목수의,Hu Nan Xu Mu Shou Yi
浙江畜牧兽医,Zhejiang Journal Animal Science and Veterinary Medicine  절강축목수의,Zhe Jiang Xu Mu Shou Yi
云南农业,Yunnan Agriculture  운남농업,Yun Nan Nong Ye
福建畜牧兽医,Journal of Animal Husbandry and Veterinary Medicine Fujian  복건축목수의,Fu Jian Xu Mu Shou Yi
湖北植保,Hubei Plant Protection  호북식보,Hu Bei Zhi Bao
茶业通报,Journal of Tea Business,Cha Ye Tong Bao
中国粮食经济,China Grain Economy  중국량식경제,Zhong Guo Liang Shi Jing Ji
蚕桑通报,Bulletin of Sericulture  잠상통보,Can Sang Tong Bao
农村实用技术,NONGCUN SHIYONG JISHU  농촌실용기술,Nong Cun Shi Yong Ji Shu
特种经济动植物,Special Economic Animal and Plant  특종경제동식물,Te Zhong Jing Ji Dong Zhi Wu
新疆农垦科技,Xinjiang Farm Research of Science and Technology  신강농간과기,Xin Jiang Nong Ken Ke Ji
信阳农林学院学报,Journal of Xinyang Agricultural College  신양농업고등전과학교학보,Xin Yang Nong Ye Gao Deng Zhuan Ke Xue Xiao Xue Bao
河北渔业,Hebei Fisheries  하북어업,He Bei Yu Ye
福建农机,Fujian Agricultural Machinery  복건농기,Fu Jian Nong Ji
北方果树,Northern Fruits  북방과수,Bei Fang Guo Shu
花卉,Flowers,Hua Hui
国外畜牧学-猪与禽,Pigs and Poultry  국외축목학-여금,Guo Wai Xu Mu Xue - Zhu Yu Qin
农业科学与技术（英文版）,Agricultural Science & Technology  농업과학여기술（영문판）,Nong Ye Ke Xue Yu Ji Shu （ Ying Wen Ban ）
内蒙古林业,NEIMENGGU LINYE  내몽고림업,Nei Meng Gu Lin Ye
河南水产,Henan Shuichan  하남수,He Nan Shui Chan
云南畜牧兽医,Yunnan Journal of Animal Science and Veterinary Medicine  운남축목수의,Yun Nan Xu Mu Shou Yi
四川农业与农机,Sichuan Agricultural Machinery  사천농기,Si Chuan Nong Ji
青海农技推广,Qinghai Agro-Technology Extension  해농기추광,Qing Hai Nong Ji Tui Guang
农机科技推广,Agriculture Machinery Technology Extension  농기과기추광,Nong Ji Ke Ji Tui Guang
北方牧业,BeiFang MuYe  북방목업,Bei Fang Mu Ye
农机使用与维修,Farm Machinery Using & Maintenance  농기사용여유수,Nong Ji Shi Yong Yu Wei Xiu
新疆林业,Forestry of Xinjiang  신강림업,Xin Jiang Lin Ye
现代农业,Modern Agriculture  현대농업,Xian Dai Nong Ye
中国畜牧业,China Animal Industry  중국목업통신,Zhong Guo Mu Ye Tong Xun
江西畜牧兽医杂志,Jiangxi Journal of Animal Husbandry & Veterinary Medicine  강서축목수의잡지,Jiang Xi Xu Mu Shou Yi Za Zhi
蚕学通讯,Newsletter of Sericultural Science  잠학통신,Can Xue Tong Xun
果农之友,Fruit Growers' Friend  과농지우,Guo Nong Zhi You
广西畜牧兽医,Guangxi Journal of Animal Husbandry & Veterinary Medicine  광서축목수의,Guang Xi Xu Mu Shou Yi
山西果树,Shanxi Fruits  산서과수,Shan Xi Guo Shu
农电管理,NONGDIAN GUANLI,Nong Dian Guan Li
广西农业机械化,GuangXi NongYe JiXieHua  광서농업기계화,Guang Xi Nong Ye Ji Xie Hua
云南农业科技,Yunnan Agricultural Science and Technology  운남농업과기,Yun Nan Nong Ye Ke Ji
今日养猪业,Pigs Today  금일양업,Nong Ye Xin Ji Shu · Jin Ri Yang Zhu Ye
烟台果树,Yantai Fruits  연대과수,Yan Tai Guo Shu
四川畜牧兽医,Sichuan Animal & Veterinary Sciences  사천축목수의,Si Chuan Xu Mu Shou Yi
新农业,Modern Agriculture  신농업,Xin Nong Ye
福建林业,Fujian Linye,Fu Jian Lin Ye
拖拉机与农用运输车,Tractor & Farm Transporter  타랍기여농용운수차,Tuo La Ji Yu Nong Yong Yun Shu Che
现代农机,Xiandai Nongji  현대농기,Xian Dai Nong Ji
黑龙江水产,Heilongjiang Fisheries  흑룡강수,Hei Long Jiang Shui Chan
科学养鱼,Scientific Fish Farming,Ke Xue Yang Yu
西北园艺(果树),Northwest Horticulture  서북원예(과수),Xi Bei Yuan Yi （ Guo Shu ）
四川蚕业,SICHUAN CANYE  사천잠업,Si Chuan Can Ye
河北果树,Hebei Fruits  하북과수,He Bei Guo Shu
中国蜂业,Apiculture of China  중국봉업,Zhong Guo Feng Ye
农机质量与监督,Agricultural Machinery Quality & Supervision  농기질량여감독,Nong Ji Zhi Liang Yu Jian Du
兽医导刊,Veterinary Orientation  수의도간,Shou Yi Dao Kan
养禽与禽病防治,Poultry Husbandry and Disease Control,Yang Qin Yu Qin Bing Fang Zhi
农村科技,Rural Science & Technology  농촌과기,Nong Cun Ke Ji
江西水产科技,Jiangxi Fishery Sciences and Technology  강서수과기,Jiang Xi Shui Chan Ke Ji
植物医生,Plant Doctor  식물의생,Zhi Wu Yi Sheng
江苏农机化,JIANGSU  AGRICULTURAL MECHANIZATION,Jiang Su Nong Ji Hua
森林生态系统（英文版）,Forest Ecosystems  중국림학（영문판）,Zhong Guo Lin Xue （ Ying Wen Ban ）
农家致富顾问,nongjia zhifu guwen  농가치부고문,Nong Jia Zhi Fu Gu Wen
当代水产,Current Fisheries  당대수,Nei Lu Shui Chan
农家科技（上旬刊）,NongJia KeJi  농가과기,Nong Jia Ke Ji
现代农业研究,Modern Agriculture Research  농촌실용과기신식,Nong Cun Shi Yong Ke Ji Xin Xi
河南畜牧兽医（综合版）,Henan journal of animal husbandry and veterinary medicine  하남축목수의（종합판）,He Nan Xu Mu Shou Yi （ Zong He Ban ）
新农村,New Countryside  신농촌,Xin Nong Cun
农村百事通,NONGCUN BAISHITONG  농촌백사통,Nong Cun Bai Shi Tong
新农村（黑龙江）,New Countryside  신농촌（흑룡강）,Xin Nong Cun （ Hei Long Jiang ）
农家科技（下旬刊）,NONGJIA KEJI,Nong Jia Ke Ji （ Xia Xun Kan ）
湖南农业,Hunan Agriculture  호남농업,Hu Nan Nong Ye
广西林业,Forestry of Guangxi  광서림업,Guang Xi Lin Ye
东北农业大学学报（英文版）,Journal of Northeast Agricultural University(English Edition)  동북농업대학학보（영문판）,Dong Bei Nong Ye Da Xue Xue Bao （ Ying Wen Ban ）
蜜蜂杂志,Journal of Bee  밀봉잡지,Mi Feng Za Zhi
农业知识（瓜果菜）,Agricultural Knowledge  농업지식（과과채）,Nong Ye Zhi Shi （ Gua Guo Cai ）
河南畜牧兽医（市场版）,Henan journal of animal husbandry and veterinary medicine  하남축목수의（시장판）,He Nan Xu Mu Shou Yi
中国农垦,China State Farms  중국농간,Zhong Guo Nong Ken
中国工作犬业,ZHONGGUO GONGZUO QUANYE  중국공작견업,Zhong Guo Gong Zuo Quan Ye
中国油料作物学报（英文）,Zhong Guo You Liao Zuo Wu Xue Bao （Ying Wen）
农业知识（科学养殖）,Agricultural Knowledge  농업지식（과학양식）,Nong Ye Zhi Shi （ Ke Xue Yang Zhi ）
中国禽业导刊,Guide to Chinese Poultry  중국금업도간,Zhong Guo Qin Ye Dao Kan
海洋与渔业·水产前沿,Ocean and Fishery  해양여어업·수전연,Hai Yang Yu Yu Ye · Shui Chan Qian Yan
农业工程技术·温室园艺,Agriculture Engineering Technology(Greenhouse Horticultore)  농업공정기술·온실원예,Nong Ye Gong Cheng Ji Shu · Wen Shi Yuan Yi
绿色中国B版,Green China  록색중국B판,Lv Se Zhong Guo B Ban
水产文摘,Aquatic Product Abstract,Shui Chan Wen Zhai
林业与生态,HUNAN LINYE  림업여생태,Hu Nan Lin Ye
农业工程技术·农产品加工业,Applied Engineering Technology  농업공정기술·농품가공업,Nong Ye Gong Cheng Ji Shu · Nong Chan Pin Jia Gong
国土绿化,Land Greening,Guo Tu Lu Hua
现代农业科学,Modern Agricultural Sciences,Nong Cun Shi Yong Ji Shu Yu Xin Xi
科学种养,KeXue ZhongYang,Ke Xue Zhong Yang
山西农业（致富科技）,Shanxi Agriculture  산서농업（치부과기）,Shan Xi Nong Ye （ Zhi Fu Ke Ji ）
江苏绿化,Jiangsu Greening,Jiang Su Lu Hua
畜牧兽医科学（电子版）,Graziery veterinary sciences,Xu Mu Shou Yi Ke Xue （Dian Zi Ban）
绿化与生活,LVHUA YU SHENGHUO,Lu Hua Yu Sheng Huo
山东畜牧兽医,Shandong Journal of Animal Science and Veterinary Medicine  산동축목수의,Shan Dong Xu Mu Shou Yi
农药登记公告,Pesticide Registration Public Announcement  농약등기공고,Nong Yao Deng Ji Gong Gao
农业机械（上半月）,Farm Machinery,Nong Ye Ji Xie
珠江水产,ZHUJIANG SHUICHAN,Zhu Jiang Shui Chan
沙棘,Hippophae  사극,Sha Ji
农家顾问,Nongjia Guwen  농가고문,Nong Jia Gu Wen
中国林业科技（英文版）,Forestry Science and Technology,Zhong Guo Lin Ye Ke Ji （ Ying Wen Ban ）
广西水产科技,Fisheries Science & Technology of Guangxi,Guang Xi Shui Chan Ke Ji
北京水产,Journal of Beijing Fisheries  북경수,Bei Jing Shui Chan
农家参谋,Adviser of Peasant Families  농가참모,Nong Jia Can Mou
畜牧市场,Stockbreeding Market  축목시장,Xu Mu Shi Chang
河北林业,HEBEI LINYE,He Bei Lin Ye
兽药与饲料添加剂,Veterinary Pharmaceuticals & Feed Additives  수약여사료첨가제,Shou Yao Yu Si Liao Tian Jia Ji
南方农业（园林花卉版）,South China Agriculture  남방농업（원림화훼판）,Nan Fang Nong Ye （ Yuan Lin Hua Hui Ban ）
农经,Agriculture Economics  농경,Hua Xia Xing Huo
农村·农业·农民A,Countryside Agriculture Farmers  농촌·농업·농민A,Nong Cun · Nong Ye · Nong Min A
邯郸农业高等专科学校学报,Journal of Handan Agricultural College  감단농업고등전과학교학보,Han Dan Nong Ye Gao Deng Zhuan Ke Xue Xiao Xue Bao
农家参谋·种业大观,Adviser of Peasant Families  농가참모·종업대관,Nong Jia Can Mou · Zhong Ye Da Guan
农机市场,Agricultural Machinery Market  농기시장,Nong Ji Shi Chang
河南科技大学学报（农学版）,Journal of Henan University of Science & Technology  하남과기대학학보（농학판）,He Nan Ke Ji Da Xue Xue Bao （ Nong Xue Ban ）
农家参谋·新村传媒,Adviser of Peasant Families,Nong Jia Can Mo Xin Cun Chuan Mei
山东蔬菜,SHANDONG SHUCAI,Shan Dong Shu Cai
绿色中国A版,Green China  록색중국A판,Lv Se Zhong Guo A Ban
农业工程技术·新农村建设,Agricultural Engineering Technology
森林与人类,Forest & Humankind,Sen Lin Yu Ren Lei
农产品加工·综合刊,Farm Products　Processing  농품가공·종합간,Nong Chan Pin Jia Gong
湖北农学院学报,Journal of Hubei Agricultural College  호북농학원학보,Hu Bei Nong Xue Yuan Xue Bao
农村科学实验,Scientific Experiment in Countryside,Nong Cun Ke Xue Shi Yan
高原农业,Journal of Plateau Agriculture
农家之友,Nongjia Zhiyou,Nong Jia Zhi You
沙棘(教育纵横),Hippophae  사극(육종횡),Sha Ji （ Jiao Yu Zong Heng ）
农村实用科技,Rural Practical Science & Technology,Nong Cun Shi Yong Ke Ji
三明农业科技,Sanming Agricultural Science and Technology,San Ming Nong Ye Ke Ji
中国花卉园艺,China Flowers & Horticulture  중국화훼원예,Zhong Guo Hua Hui Yuan Yi
宁波农业科技,Ningbo Agricultural Sacience and Technology,Ning Bo Nong Ye Ke Ji
智慧农业（中英文）,Smart Agriculture
吉林农业C版,JILIN NONGYE  길림농업C판,Ji Lin Nong Ye C Ban
林业与社会,Forestry and Society Journal  림업여사회,Lin Ye Yu She Hui
中国农垦经济,China State Farms Economy,Zhong Guo Nong Ken Jing Ji
高端农业装备,Advanced Agricultural Equipment,Gao Duan Nong Ye Zhuang Bei
中国农业综合开发,Integrated Agricultural Development in China,Zhong Guo Nong Ye Zong He Kai Fa
中国农学前沿,Frontiers of Agriculture in China,Zhong Guo Nong Xue Qian Yan
广东林业,GUANGDONG LINYE,Guang Dong Lin Ye
山东农机化,Shandong Mechanization of Agriculture  산동농기화,Shan Dong Nong Ji Hua
园林花木经纪,Yuan Lin Hua Mu Jing Ji
种植与养殖,Planting and Breeding,Zhong Zhi Yu Yang Zhi
沙棘(科教纵横),Hippophae  사극(과종횡),Sha Ji （ Ke Jiao Zong Heng ）
农技服务,Agricultural Technology Service  농기복무,Nong Ji Fu Wu
棉花研究（英文）,Journal of Cotton Research
安徽林业,Anhui Linye  안휘림업,An Hui Lin Ye
河北农业科技,Hebei Agricultural Science and Technology  하북농업과기,He Bei Nong Ye Ke Ji
湖北农机化,HuBei NongJiHua  호북농기화,Hu Bei Nong Ji Hua
中国农机监理,China Agricultural Machinery Safety Supervision,Zhong Guo Nong Ji Jian Li
贵州农机化,Guizhou Agricultural Mechaniation,Gui Zhou Nong Ji Hua
中国花卉盆景,Potted landscape of China Flowers and Plants,Zhong Guo Hua Hui Pen Jing
黑龙江林业,Journal of Heilongjiang Forestry,Hei Long Jiang Lin Ye
甘肃农村科技,Journal in Gansu on Ruralities S & T,Gan Su Nong Cun Ke Ji
绿色世界,Green Ness,Lu Se Shi Jie
渔业致富指南,YUYE ZHIFU ZHINAN,Yu Ye Zhi Fu Zhi Nan
当代畜牧,Contemporary Animal Husbandry,Dang Dai Xu Mu
北京农业,Beijing Agriculture  북경농업,Bei Jing Nong Ye
河北农业,HEBEI NONGYE,He Bei Nong Ye
中国林业,Forestry of China,Zhong Guo Lin Ye
猪业观察,JOURNAL OF RURALANIMAL－PRODUCTION TECHNOLOGY  농촌양식기술,Nong Cun Yang Zhi Ji Shu
饲料博览（管理版）,Feed Review  사료박람（관리판）,Si Liao Bo Lan （ Guan Li Ban ）
养蜂科技,Apicultural Science and Technology,Yang Feng Ke Ji
农业技术与装备,Agricultural Technology & Equipment  농업기술여장비,Nong Ye Ji Shu Yu Zhuang Bei
科学养鸽,KEXUE YANGGE,Ke Xue Yang Ge
农业工程技术·新能源产业,Agricultural Engineering Technology(New Energy Industry)  농업공정기술·신능원업,Nong Ye Gong Cheng Ji Shu · Xin Neng Yuan Chan Ye
农业知识（百姓新生活）,Agricultural Knowledge,Nong Ye Zhi Shi （ Ke Ji Yu San Nong ）
黑龙江畜牧兽医（下半月）,Heilongjiang Animal Science and Veterinary Medicine
陕西林业,Forestry of Shaanxi  섬서림업,Shan Xi Lin Ye
山西农业（畜牧兽医）,Shanxi Agriculture  산서농업（축목수의）,Shan Xi Nong Ye （ Xu Mu Shou Yi ）
黑龙江动物繁殖,Heilongjiang Journal of Animal Reproduction  흑룡강동물번식,Hei Long Jiang Dong Wu Fan Zhi
农业系统科学与综合研究,System Sciences and Comprehensive Studies in Agriculture  농업계통과학여종합구,Nong Ye Xi Tong Ke Xue Yu Zong He Yan Jiu
新疆农业大学学报（维文版）,Journal of Xinjiang Agricultural University,Xin Jiang Nong Ye Da Xue Xue Bao （ Wei Wen Ban ）
果树资源学报,Journal of Fruit Resources Guoshu
农业新技术,NongYe XinJiShu  농업신기술,Nong Ye Xin Ji Shu
南阳农业科技,NANYANG NONGYE KEJI,Nan Yang Nong Ye Ke Ji
果树实用技术与信息,Applied Technology and Information for Fruit Tree,Guo Shu Shi Yong Ji Shu Yu Xin Xi
中国绿色画报,China Green Pictorial,Zhong Guo Lu Se Hua Bao
云南林业,Yunnan Forestry,Yun Nan Lin Ye
中国高等学校学术文摘·林学,Frontiers of Forestry in China  중국고등학교학술문적·림학,Zhong Guo Gao Deng Xue Xiao Xue Shu Wen Zhai · Lin Xue
广西农业生物科学,Journal of Guangxi Agricultural and Biological Science  광서농업생물과학,Guang Xi Nong Ye Sheng Wu Ke Xue
中国农业信息（上半月）,China Agricultural Information  중국농업신식（상반월）,Zhong Guo Nong Ye Xin Xi （ Shang Ban Yue ）
饲料广角,Feed China  사료광각,Si Liao Guang Jiao
当代蔬菜,Modern Vegetable  당대소채,Dang Dai Shu Cai
现代种业,Modern Seed Industry
甘肃林业,Forestry of Gansu  감숙림업,Gan Su Lin Ye
浙江林业,ZHEJIANG FORESTRY,Zhe Jiang Lin Ye
中国蜂业中旬刊（学术）,Apiculture of China,Zhong Guo Feng Ye Zhong Xun Kan （ Xue Shu ）
饲料与畜牧·新饲料,Siliao yu Xumu·Xinsiliao  사료여축목,Si Liao Yu Xu Mu
农村新技术,New Rural Technology  농촌신기술,Nong Cun Xin Ji Shu
吉林粮食高等专科学校学报,Journal of Jilin Grain College  길림량식고등전과학교학보,Ji Lin Liang Shi Gao Deng Zhuan Ke Xue Xiao Xue Bao
当代生态农业,Contemporary Eco-Agri Culture,Dang Dai Sheng Tai Nong Ye
种子世界,Seed World  종자세계,Zhong Zi Shi Jie
农业知识（致富与农资）,Agricultural knowledge  농업지식（치부여농자）,Nong Ye Zhi Shi （ Zhi Fu Yu Nong Zi ）
国际水土保持研究（英文）,International Soil and Water Conservation Research,Guo Ji Shui Tu Bao Chi Yan Jiu （Ying Wen Ban）
温带林业研究,Journal of Temperate Forestry Research  림업로동안전,Lin Ye Lao Dong An Quan
民营科技,Non-State Running Science & Technology Enterprises  민영과기,Min Ying Ke Ji
福建农业,Fujian Agriculture,Fu Jian Nong Ye
农业机械（导购版）,Farm Machinery  농기도구,Nong Ji Dao Gou
黑龙江农业,Heilongjiang Agriculture,Hei Long Jiang Nong Ye
齐鲁渔业,Shandong Fisheries,Qi Lu Yu Ye
村委主任（下）,cunwei zhuren  촌위주임（하）,Cun Wei Zhu Ren （ Xia ）
中国林业产业,China Forestry Industry,Zhong Guo Lin Ye Chan Ye
商界城乡致富,Business Chengxiang Zhifu,Shang Jie Cheng Xiang Zhi Fu
农村科技开发,Science and Technological Development,Nong Cun Ke Ji Kai Fa
水禽世界,ShuiQin ShiJie  수금세계,Shui Qin Shi Jie
园艺学报（英文版）,Horicultural Plant Journal
山东农业（农村经济版）,Shandong Agriculture  산동농업（농촌경제판）,Shan Dong Nong Ye （ Nong Cun Jing Ji Ban ）
东北饲料信息,Northeast Feed Information,Dong Bei Si Liao Xin Xi
黑龙江畜牧兽医（上半月）,Heilongjiang Animal Science and Veterinary Medicine  흑룡강축목수의（상반월）,Hei Long Jiang Xu Mu Shou Yi
水利渔业,Reservoir Fisheries  수리어업,Shui Li Yu Ye
浙江农村机电,Zhejiang Rural Elcetromechanization Periodical  절강농촌기전,Zhe Jiang Nong Cun Ji Dian
新疆畜牧业（哈文版）,XIJIANG XUMUYE(HAWEN BAN),Xin Jiang Xu Mu Ye （ Ha Wen Ban ）
现代牧业,MODERN ANIMAL HUSBANDRY  정주목업공정고등전과학교학보,Zheng Zhou Mu Ye Gong Cheng Gao Deng Zhuan Ke Xue Xiao Xue Bao
农业网络信息,Agriculture Network Information  농업망락신식,Nong Ye Wang Luo Xin Xi
河北农业大学学报（社会科学版）,Journal of HeiBei Agricultural University(Social Sciences)
中国农资,Agrochemical Science % Technology,Zhong Guo Nong Zi
饲料与畜牧·规模养猪,siliao yu xum ·guimo yangzhu  사료여축목·규모양,Si Liao Yu Xu Mu · Gui Mo Yang Zhu
畜牧业环境,Animal Indusry and Environment
西南园艺,Southwest Horticulture  서남원예,Xi Nan Yuan Yi
茶叶世界,CHAYE SHIJIE,Cha Ye Xin Xi
村委主任,cunwei zhuren  촌위주임,Shan Xi Nong Ye
